{
    "display": {
        "title": {
            "text": "Better Burger, Better Mind",
            "color": "aqua"
        },
        "description": {
            "text": "The best fast food has been created! Now chow down!",
            "color": "yellow"
        },
        "icon": {
            "item": "minecraft:cooked_beef",
            "nbt": "{CustomModelData:1}"
        },
        "frame": "task",
        "show_toast": true,
        "announce_to_chat": true,
        "hidden": true
    },
    "criteria": {
        "getBurger": {
            "trigger": "minecraft:inventory_changed",
            "conditions": {
                "items": [
                    {
                        "item": "minecraft:cooked_beef",
                        "nbt": "{display:{Name:'{\"text\":\"Burger\"}',Lore:['{\"text\":\"Right click to eat.\",\"color\":\"yellow\"}']},CustomModelData:1}",
                        "count": {
                            "min": 1,
                            "max": 1
                        }
                    }
                ]
            }
        }
    },
    "parent": "creativity-plus:food"
}