{
    "display": {
        "title": {
            "text": "Who Ya' Gonna Call?",
            "color": "aqua"
        },
        "description": {
            "text": "Ghost Busters! You've caught a ghost!",
            "color": "yellow"
        },
        "icon": {
            "item": "minecraft:firework_star",
            "nbt": "{CustomModelData:10}"
        },
        "frame": "task",
        "show_toast": true,
        "announce_to_chat": true,
        "hidden": true
    },
    "criteria": {
        "killGhost": {
            "trigger": "minecraft:player_killed_entity",
            "conditions": {
                "entity": {
                    "type": "minecraft:zombie",
                    "nbt": "{Fire:-20,Silent:1b,CustomNameVisible:0b,DeathLootTable:\"creativity-plus:entity/ghost\",PersistenceRequired:0b,CanPickUpLoot:1b,Health:6f,CanBreakDoors:1b,Tags:[\"isGhost\"],CustomName:'{\"text\":\"Ghost\"}',HandItems:[{id:'minecraft:air',Count:1b},{id:'minecraft:air',Count:1b}],ArmorItems:[{id:\"minecraft:golden_apple\",Count:1b},{id:'minecraft:bone_meal',Count:5b},{id:'minecraft:paper',Count:3b},{id:'minecraft:firework_star',Count:1b,tag:{CustomModelData:10,Explosion:{Type:0}}}],ArmorDropChances:[0.002F,0.150F,0.250F,-327.670F],ActiveEffects:[{Id:14b,Amplifier:2b,Duration:200000000,ShowParticles:0b},{Id:28b,Amplifier:2b,Duration:200000000,ShowParticles:0b}],Attributes:[{Name:generic.follow_range,Base:400},{Name:generic.knockback_resistance,Base:0.2},{Name:generic.movement_speed,Base:0.2},{Name:generic.attack_damage,Base:1},{Name:generic.attack_knockback,Base:2}]}"
                }
            }
        }
    },
    "parent": "creativity-plus:mobs"
}