{
  "generator": {
    "type": "minecraft:noise",
    "seed": 286956243,
    "biome_source": {
      "seed": 286956243,
      "type": "minecraft:multi_noise",
      "temperature_noise": {
        "firstOctave": -7,
        "amplitudes": [
          1,
          1
        ]
      },
      "humidity_noise": {
        "firstOctave": -7,
        "amplitudes": [
          1,
          1
        ]
      },
      "altitude_noise": {
        "firstOctave": -7,
        "amplitudes": [
          1,
          1
        ]
      },
      "weirdness_noise": {
        "firstOctave": -7,
        "amplitudes": [
          1,
          1
        ]
      },
      "biomes": [
        {
          "biome": "minecraft:tatooine_plains",
          "parameters": {
            "altitude": 0.1,
            "weirdness": 0,
            "offset": 0,
            "temperature": 0.9,
            "humidity": 0.2
          }
        },
        {
          "biome": "minecraft:tatooine_mountains",
          "parameters": {
            "altitude": 0.4,
            "weirdness": 0.2,
            "offset": 0.35,
            "temperature": 0.8,
            "humidity": 0.3
          }
        },
        {
          "biome": "minecraft:tatooine_hills",
          "parameters": {
            "altitude": 0.2,
            "weirdness": 0.7,
            "offset": 0.1,
            "temperature": 0.8,
            "humidity": 0.2
          }
        }
      ]
    },
    "settings": "minecraft:tatooine"
  },
  "type": "minecraft:tatooine"
}