{
    "texture_size": [
        32, 
        32
    ], 
    "textures": {
        "main": "environment/earth"
    }, 
    "elements": [
        {
            "from": [ -16, -16, 7 ], 
            "to":   [ 32, 32, 7 ], 
            "faces": {
                "north": { "uv": [ 0, 0, 1.125, 1.125 ], "texture": "#main" }
            }
        }, 
        {
            "from": [ -16, -16, 7 ], 
            "to":   [ 32, 32, 7 ], 
            "faces": {
                "north": { "uv": [ 5.125, 0, 6.25, 1.125 ], "texture": "#main" }
            }
        }, 
        {
            "from": [ -16, -16, 7 ], 
            "to":   [ 32, 32, 7 ], 
            "faces": {
                "north": { "uv": [ 10.25, 0, 11.375, 1.125 ], "texture": "#main" }
            }
        }, 
        {
            "from": [ -16, -16, 7 ], 
            "to":   [ 32, 32, 7 ], 
            "faces": {
                "north": { "uv": [ 12, 1.125, 13.125, 2.25 ], "texture": "#main" }
            }
        }, 
        {
            "from": [ -16, -16, 7 ], 
            "to":   [ 32, 32, 7 ], 
            "faces": {
                "north": { "uv": [ 1.125, 5.125, 2.25, 6.25 ], "texture": "#main" }
            }
        }, 
        {
            "from": [ -16, -16, 7 ], 
            "to":   [ 32, 32, 7 ], 
            "faces": {
                "north": { "uv": [ 6.25, 5.125, 7.375, 6.25 ], "texture": "#main" }
            }
        }
    ], 
    "display": {
        "gui": {
            "rotation": [ 0, -180, 0 ], 
            "scale": [ 0.3, 0.3, 0.3 ]
        }, 
        "head": {
            "scale": [ 4, 4, 0 ]
        }
    }, 
    "__comment": "Model animated using Fizzy's model animator - http://fizzy81.github.io/animated-models/"
}