{
    "display": {
        "title": {
            "text": "Coca-Cola",
            "color": "aqua"
        },
        "description": {
            "text": "Time to put your liver up to a challenge!",
            "color": "yellow"
        },
        "icon": {
            "item": "minecraft:potion",
            "nbt": "{display:{Name:'{\"text\":\"Coca-Cola\"}'},CustomModelData:1,Coke:1,CustomPotionColor:16777215}"
        },
        "frame": "task",
        "show_toast": true,
        "announce_to_chat": true,
        "hidden": true
    },
    "criteria": {
        "getCoke": {
            "trigger": "minecraft:inventory_changed",
            "conditions": {
                "items": [
                    {
                        "item": "minecraft:potion",
                        "nbt": "{display:{Name:'{\"text\":\"Coca-Cola\"}'},CustomModelData:1,Coke:1,CustomPotionColor:16777215}",
                        "count": {
                            "min": 1,
                            "max": 1
                        }
                    }
                ]
            }
        }
    },
    "rewards": {
        "experience": 1
    },
    "parent": "creativity-plus:drinks"
}