{
    "display": {
        "title": {
            "text": "Food",
            "color": "light_purple"
        },
        "description": {
            "text": "Get ready to expand your palate",
            "color": "yellow"
        },
        "icon": {
            "item": "minecraft:firework_star",
            "nbt": "{CustomModelData:15}"
        },
        "frame": "goal",
        "show_toast": false,
        "announce_to_chat": false,
        "hidden": false
    },
    "criteria": {
        "Stage": {
            "trigger": "minecraft:impossible"
        }
    },
    "parent": "creativity-plus:wand"
}