{
    "display": {
        "title": {
            "text": "The Bigger, The Better",
            "color": "aqua"
        },
        "description": {
            "text": "It may be called a Mini Gun, but it causes a lot of damage",
            "color": "yellow"
        },
        "icon": {
            "item": "minecraft:carrot_on_a_stick",
            "nbt": "{CustomModelData:5}"
        },
        "frame": "task",
        "show_toast": true,
        "announce_to_chat": true,
        "hidden": true
    },
    "criteria": {
        "getMiniGun": {
            "trigger": "minecraft:inventory_changed",
            "conditions": {
                "items": [
                    {
                        "item": "minecraft:carrot_on_a_stick",
                        "nbt": "{display:{Name:'{\"text\":\"Mini Gun\"}',Lore:['[{\"text\":\"Reload Speed:\",\"color\":\"gray\"},{\"text\":\" 0 Ticks\",\"color\":\"dark_green\"}]','[{\"text\":\"Enemy Damage:\",\"color\":\"gray\"},{\"text\":\" 5 HP\",\"color\":\"dark_green\"}]','[{\"text\":\"Recoil:\",\"color\":\"gray\"},{\"text\":\" 1 Blocks\",\"color\":\"gold\"}]','[{\"text\":\"Recoil Damage:\",\"color\":\"gray\"},{\"text\":\" 0 HP\",\"color\":\"dark_green\"}]','{\"text\":\" \"}','{\"text\":\"*Doesn\\'t Damage Undead Mobs :(\",\"color\":\"red\"}']},CustomModelData:5,isMiniGun:1,isGun:1}",
                        "count": {
                            "min": 1,
                            "max": 1
                        }
                    }
                ]
            }
        }
    },
    "parent": "creativity-plus:pistol"
}