{
	"texture_size": [32, 32],
	"textures": {
		"0": "block/composter_side",
		"1": "entity/otter",
		"particle": "block/composter_side"
	},
	"elements": [
		{
			"from": [5.5, 0.5, 6.5],
			"to": [10.5, 12, 10.5],
			"rotation": {"angle": 0, "axis": "x", "origin": [8, 2.5, 5.5]},
			"faces": {
				"north": {"uv": [11, 0, 16, 12], "rotation": 180, "texture": "#0"},
				"east": {"uv": [8, 0, 12, 12], "texture": "#0"},
				"south": {"uv": [0, 0, 5, 12], "texture": "#0"},
				"west": {"uv": [4, 0, 8, 12], "rotation": 180, "texture": "#0"},
				"up": {"uv": [0, 0, 5, 4], "rotation": 180, "texture": "#0"},
				"down": {"uv": [5, 3, 10, 7], "texture": "#0"}
			}
		},
		{
			"from": [6, 0.5, 10],
			"to": [10, 3.5, 21.5],
			"rotation": {"angle": 0, "axis": "y", "origin": [8, 2.5, 5.5]},
			"faces": {
				"north": {"uv": [0, 0, 4, 3], "texture": "#0"},
				"east": {"uv": [0, 2, 12, 5], "texture": "#0"},
				"south": {"uv": [12, 2, 16, 5], "texture": "#0"},
				"west": {"uv": [0, 2, 12, 5], "texture": "#0"},
				"up": {"uv": [11, 0, 16, 12], "texture": "#0"},
				"down": {"uv": [0, 0, 4, 12], "texture": "#0"}
			}
		},
		{
			"from": [5, 5.5, 5.5],
			"to": [7, 10.5, 7.5],
			"rotation": {"angle": 22.5, "axis": "z", "origin": [5, 8, 8.5]},
			"faces": {
				"north": {"uv": [4, 5, 6, 0], "rotation": 180, "texture": "#0"},
				"east": {"uv": [6, 11, 11, 13], "rotation": 90, "texture": "#0"},
				"south": {"uv": [3, 0, 5, 5], "texture": "#0"},
				"west": {"uv": [5, 3, 10, 5], "rotation": 270, "texture": "#0"},
				"up": {"uv": [0, 0, 2, 2], "texture": "#0"},
				"down": {"uv": [11, 7, 13, 9], "rotation": 180, "texture": "#0"}
			}
		},
		{
			"from": [8.25, 6.5, 5.25],
			"to": [10.25, 11.5, 7.25],
			"rotation": {"angle": -22.5, "axis": "z", "origin": [8.25, 7, 6.25]},
			"faces": {
				"north": {"uv": [4, 5, 6, 0], "rotation": 180, "texture": "#0"},
				"east": {"uv": [6, 11, 11, 13], "rotation": 90, "texture": "#0"},
				"south": {"uv": [3, 0, 5, 5], "texture": "#0"},
				"west": {"uv": [5, 3, 10, 5], "rotation": 270, "texture": "#0"},
				"up": {"uv": [0, 0, 2, 2], "texture": "#0"},
				"down": {"uv": [11, 7, 13, 9], "rotation": 180, "texture": "#0"}
			}
		},
		{
			"from": [10, 0, 6],
			"to": [12, 2, 11],
			"rotation": {"angle": 0, "axis": "y", "origin": [5, 1, 2.5]},
			"faces": {
				"north": {"uv": [8, 3, 10, 5], "texture": "#0"},
				"east": {"uv": [0, 3, 5, 5], "texture": "#0"},
				"south": {"uv": [10, 3, 12, 5], "texture": "#0"},
				"west": {"uv": [0, 3, 5, 5], "texture": "#0"},
				"up": {"uv": [8, 9, 13, 7], "rotation": 90, "texture": "#0"},
				"down": {"uv": [11, 13, 16, 11], "rotation": 90, "texture": "#0"}
			}
		},
		{
			"from": [4, 0, 6],
			"to": [6, 2, 11],
			"rotation": {"angle": 0, "axis": "y", "origin": [5, 1, 2.5]},
			"faces": {
				"north": {"uv": [10, 3, 8, 5], "texture": "#0"},
				"east": {"uv": [0, 3, 5, 5], "texture": "#0"},
				"south": {"uv": [12, 3, 10, 5], "texture": "#0"},
				"west": {"uv": [5, 3, 0, 5], "texture": "#0"},
				"up": {"uv": [8, 7, 13, 9], "rotation": 90, "texture": "#0"},
				"down": {"uv": [11, 11, 16, 13], "rotation": 90, "texture": "#0"}
			}
		},
		{
			"from": [5, 12, 6],
			"to": [11, 17, 11],
			"rotation": {"angle": 0, "axis": "z", "origin": [8, 3.5, -2.5]},
			"faces": {
				"north": {"uv": [2.5, 2.5, 5.5, 5], "texture": "#1"},
				"east": {"uv": [0, 2.5, 2.5, 5], "texture": "#1"},
				"south": {"uv": [8, 2.5, 11, 5], "texture": "#1"},
				"west": {"uv": [5.5, 2.5, 8, 5], "texture": "#1"},
				"up": {"uv": [2.5, 0, 5.5, 2.5], "texture": "#1"},
				"down": {"uv": [2.5, 5, 5.5, 7.5], "texture": "#1"}
			}
		},
		{
			"from": [3, 12, 5.5],
			"to": [13, 18, 5.5],
			"rotation": {"angle": 0, "axis": "z", "origin": [8, 3.5, -2.5]},
			"faces": {
				"north": {"uv": [7, 5, 12, 8], "texture": "#1"},
				"south": {"uv": [7, 5, 12, 8], "texture": "#1"}
			}
		},
		{
			"from": [6, 12, 5],
			"to": [10, 15, 6],
			"rotation": {"angle": 0, "axis": "z", "origin": [8, 3.5, -2.5]},
			"faces": {
				"north": {"uv": [6, 0.5, 8, 2], "texture": "#1"},
				"east": {"uv": [5.5, 0.5, 6, 2], "texture": "#1"},
				"south": {"uv": [6, 0.5, 8, 2], "texture": "#1"},
				"west": {"uv": [8, 0.5, 8.5, 2], "texture": "#1"},
				"up": {"uv": [6, 0, 8, 0.5], "texture": "#1"},
				"down": {"uv": [6, 2, 8, 2.5], "texture": "#1"}
			}
		},
		{
			"from": [4, 14, 9],
			"to": [5, 16, 10],
			"rotation": {"angle": 0, "axis": "y", "origin": [8, 3.5, -2.5]},
			"faces": {
				"north": {"uv": [0.5, 0.5, 1, 1.5], "texture": "#1"},
				"east": {"uv": [0, 0.5, 0.5, 1.5], "texture": "#1"},
				"south": {"uv": [1.5, 0.5, 2, 1.5], "texture": "#1"},
				"west": {"uv": [1, 0.5, 1.5, 1.5], "texture": "#1"},
				"up": {"uv": [0.5, 0, 1, 0.5], "texture": "#1"},
				"down": {"uv": [0.5, 1.5, 1, 2], "texture": "#1"}
			}
		},
		{
			"from": [11, 14, 9],
			"to": [12, 16, 10],
			"rotation": {"angle": 0, "axis": "y", "origin": [8, 3.5, -2.5]},
			"faces": {
				"north": {"uv": [0.5, 0.5, 1, 1.5], "texture": "#1"},
				"east": {"uv": [0, 0.5, 0.5, 1.5], "texture": "#1"},
				"south": {"uv": [1.5, 0.5, 2, 1.5], "texture": "#1"},
				"west": {"uv": [1, 0.5, 1.5, 1.5], "texture": "#1"},
				"up": {"uv": [0.5, 0, 1, 0.5], "texture": "#1"},
				"down": {"uv": [0.5, 1.5, 1, 2], "texture": "#1"}
			}
		}
	],
	"display": {},
	"groups": [0, 1, 2, 3, 4, 5,
		{
			"name": "head",
			"origin": [8, 3.5, -2.5],
			"children": [6, 7, 8, 9, 10]
		}
	]
}