{
  "type": "minecraft:decorated",
  "config": {
    "feature": {
      "config": {
        "state_provider": {
          "type": "minecraft:simple_state_provider",
          "state": {
            "Name": "minecraft:redstone_block"
          }
        }
      },
      "type": "minecraft:block_pile",
      "name": "minecraft:redstone_lump"
    },
    "decorator": {
      "type": "minecraft:count_extra",
      "config": {
        "count": 10,
        "extra_chance": 0.1,
        "extra_count": 1
      }
    }
  }
}