{
    "pools": [
        {
            "rolls": 1,
            "entries": [
                {
                    "type": "item",
                    "weight": 2,
                    "name": "minecraft:wheat_seeds"
                },
                {
                    "type": "item",
                    "weight": 2,
                    "name": "minecraft:air"
                },
                {
                    "type": "item",
                    "weight": 1,
                    "name": "minecraft:sweet_berries",
                    "functions": [
                        {
                            "function": "set_nbt",
                            "tag": "{display:{Name:'{\"text\":\"Sweet Tomatoes\"}',Lore:['{\"text\":\"Used for many recipies!\",\"color\":\"yellow\"}','{\"text\":\"They are also edible!\",\"color\":\"yellow\"}']},CustomModelData:1}"
                        }
                    ]
                }
            ]
        }
    ]
}