{
	"textures": {
		"0": "item/flashlight_body",
		"1": "item/flashlight_head",
		"particle": "item/flashlight_body"
	},
	"elements": [
		{
			"from": [6, 1, 3],
			"to": [10, 5, 13],
			"faces": {
				"north": {"uv": [0, 0, 4, 4], "texture": "#1"},
				"east": {"uv": [0, 2, 10, 6], "texture": "#0"},
				"south": {"uv": [0, 6, 4, 10], "texture": "#0"},
				"west": {"uv": [0, 0, 10, 4], "texture": "#0"},
				"up": {"uv": [0, 2, 10, 6], "rotation": 90, "texture": "#0"},
				"down": {"uv": [6, 0, 10, 10], "texture": "#0"}
			}
		},
		{
			"from": [5, 0, 1],
			"to": [11, 6, 3],
			"faces": {
				"north": {"uv": [6, 0, 12, 6], "texture": "#1"},
				"east": {"uv": [4, 0, 6, 6], "texture": "#1"},
				"south": {"uv": [4, 4, 10, 10], "texture": "#0"},
				"west": {"uv": [4, 0, 6, 6], "texture": "#1"},
				"up": {"uv": [4, 0, 6, 6], "rotation": 90, "texture": "#1"},
				"down": {"uv": [6, 6, 12, 8], "texture": "#1"}
			}
		},
		{
			"from": [7.5, 4.5, 5],
			"to": [8.5, 5.5, 6],
			"faces": {
				"north": {"uv": [10, 0, 11, 1], "texture": "#0"},
				"east": {"uv": [10, 0, 11, 1], "texture": "#0"},
				"south": {"uv": [10, 0, 11, 1], "texture": "#0"},
				"west": {"uv": [10, 0, 11, 1], "texture": "#0"},
				"up": {"uv": [10, 0, 11, 1], "texture": "#0"},
				"down": {"uv": [10, 0, 11, 1], "texture": "#0"}
			}
		}
	],
	"display": {
		"thirdperson_righthand": {
			"rotation": [65, 0, 0],
			"translation": [0, 1.25, 4.75],
			"scale": [0.75, 0.75, 0.75]
		},
		"thirdperson_lefthand": {
			"rotation": [65, 0, 0],
			"translation": [0, 1.25, 4.75],
			"scale": [0.75, 0.75, 0.75]
		},
		"firstperson_righthand": {
			"translation": [-0.5, 5.25, 2.5]
		},
		"firstperson_lefthand": {
			"translation": [-0.5, 5.25, 2.5]
		},
		"ground": {
			"translation": [0, 4.25, 0]
		},
		"gui": {
			"rotation": [-38, 145, 0],
			"translation": [1, 3.75, 0],
			"scale": [1.21, 1.21, 1.21]
		},
		"head": {
			"rotation": [27, 0, 0],
			"translation": [0, 10.75, 2]
		},
		"fixed": {
			"rotation": [0, 90, 0],
			"translation": [1, 8, 0],
			"scale": [1.5, 1.5, 1.5]
		}
	}
}