{
    "parent": "item/generated",
    "gui_light": "front",
    "display": {
        "ground": {
            "rotation": [ 0, 0, 0 ],
            "translation": [ 0, 2, 0],
            "scale":[ 1, 1, 1 ]
        },
        "head": {
            "rotation": [ 0, 180, 0 ],
            "translation": [ 0, 13, 7],
            "scale":[ 2, 2, 2]
        },
        "thirdperson_righthand": {
            "rotation": [ -22.5, -90, 0 ],
            "translation": [ 0, 4, 1 ],
            "scale": [ 2, 2, 2 ]
        },
        "firstperson_righthand": {
            "rotation": [ 0, -90, 25 ],
            "translation": [ 1.13, 3.2, 1.13],
            "scale": [ 1.36, 1.36, 1.36 ]
        },
        "fixed": {
            "rotation": [ 0, 180, 0 ],
            "scale": [ 2, 2, 2 ]
        }
    }
}
