{
    "parent": "item/generated",
    "textures": {
        "layer0": "item/potion_overlay",
        "layer1": "item/lingering_potion"
    },
	
	"overrides": [
		{"predicate": {"custom_model_data":1}, "model": "item/coffee"},
        {"predicate": {"custom_model_data":2}, "model": "item/tea"},
		{"predicate": {"custom_model_data":3}, "model": "item/morph-rabbit"},
        {"predicate": {"custom_model_data":4}, "model": "item/morph-horse"},
        {"predicate": {"custom_model_data":5}, "model": "item/morph-wolf"},
        {"predicate": {"custom_model_data":6}, "model": "item/morph-blaze"},
        {"predicate": {"custom_model_data":7}, "model": "item/morph-fox"},
        {"predicate": {"custom_model_data":8}, "model": "item/morph-ender"},
        {"predicate": {"custom_model_data":9}, "model": "item/morph-dolphin"},
        {"predicate": {"custom_model_data":10}, "model": "item/morph-creeper"},
        {"predicate": {"custom_model_data":11}, "model": "item/morph-cat"},
		{"predicate": {"custom_model_data":12}, "model": "item/morph-bat"}
	]
}