{
	"textures": {
		"1": "block/observer_front",
		"2": "block/observer_side",
		"3": "block/observer_top",
		"4": "block/observer_back",
		"particle": "block/observer_back_on"
	},
	"elements": [
		{
			"from": [6, 2, 0],
			"to": [10, 6, 20],
			"faces": {
				"north": {"uv": [10, 8, 14, 12], "texture": "#1"},
				"east": {"uv": [0, 0, 16, 4], "texture": "#2"},
				"south": {"uv": [6, 6, 10, 10], "texture": "#4"},
				"west": {"uv": [0, 0, 16, 4], "texture": "#2"},
				"up": {"uv": [0, 0, 4, 16], "texture": "#2"},
				"down": {"uv": [0, 0, 16, 4], "rotation": 90, "texture": "#2"}
			}
		},
		{
			"from": [6.5, 0, 11],
			"to": [9.5, 2, 17],
			"faces": {
				"north": {"uv": [0, 0, 3, 2], "texture": "#4"},
				"east": {"uv": [5, 12, 11, 14], "texture": "#4"},
				"south": {"uv": [6, 1, 9, 3], "texture": "#4"},
				"west": {"uv": [5, 12, 11, 14], "texture": "#4"},
				"up": {"uv": [0.06, 0.06, 3.06, 6.06], "texture": "#4"},
				"down": {"uv": [7, 10, 10, 16], "texture": "#4"}
			}
		},
		{
			"from": [7, -2, 4],
			"to": [9, 2, 7],
			"faces": {
				"north": {"uv": [8, 3, 10, 7], "texture": "#2"},
				"east": {"uv": [2, 4, 5, 8], "texture": "#2"},
				"south": {"uv": [8, 4, 10, 8], "texture": "#2"},
				"west": {"uv": [2, 4, 5, 8], "texture": "#2"},
				"up": {"uv": [8, 3, 10, 6], "texture": "#2"},
				"down": {"uv": [8, 3, 10, 6], "texture": "#2"}
			}
		},
		{
			"from": [5, 1, 2],
			"to": [11, 7, 3],
			"faces": {
				"north": {"uv": [5, 3, 11, 9], "texture": "#3"},
				"east": {"uv": [8, 3, 9, 9], "texture": "#3"},
				"south": {"uv": [5, 3, 11, 9], "texture": "#3"},
				"west": {"uv": [8, 3, 9, 9], "texture": "#3"},
				"up": {"uv": [8, 3, 8.88, 8.88], "rotation": 90, "texture": "#3"},
				"down": {"uv": [8, 3, 8.88, 8.88], "rotation": 180, "texture": "#3"}
			}
		},
		{
			"from": [5, 1, 9],
			"to": [11, 7, 10],
			"faces": {
				"north": {"uv": [7, 6, 8, 12], "texture": "#1"},
				"east": {"uv": [7, 6, 8, 12], "texture": "#1"},
				"south": {"uv": [7, 6, 8, 12], "texture": "#1"},
				"west": {"uv": [7, 6, 8, 12], "texture": "#1"},
				"up": {"uv": [7, 6, 7.88, 11.88], "rotation": 90, "texture": "#1"},
				"down": {"uv": [7, 6, 7.88, 11.88], "rotation": 90, "texture": "#1"}
			}
		},
		{
			"from": [5, 1, 5],
			"to": [11, 7, 6],
			"faces": {
				"north": {"uv": [7, 6, 8, 12], "texture": "#1"},
				"east": {"uv": [7, 6, 8, 12], "texture": "#1"},
				"south": {"uv": [7, 6, 8, 12], "texture": "#1"},
				"west": {"uv": [7, 6, 8, 12], "texture": "#1"},
				"up": {"uv": [7, 6, 7.88, 11.88], "rotation": 90, "texture": "#1"},
				"down": {"uv": [7, 6, 7.88, 11.88], "rotation": 90, "texture": "#1"}
			}
		},
		{
			"from": [6.13, -4, 10],
			"to": [9.88, -3, 16],
			"rotation": {"angle": -45, "axis": "x", "origin": [0, 0, 0]},
			"faces": {
				"north": {"uv": [0, 0, 3.75, 1], "rotation": 180, "texture": "#1"},
				"east": {"uv": [8, 6, 9, 12], "rotation": 270, "texture": "#1"},
				"south": {"uv": [8, 6, 9, 10], "rotation": 270, "texture": "#1"},
				"west": {"uv": [8, 6, 9, 12], "rotation": 270, "texture": "#1"},
				"up": {"uv": [10, 6, 13.75, 12], "texture": "#1"},
				"down": {"uv": [10, 6, 13.75, 12], "rotation": 180, "texture": "#1"}
			}
		},
		{
			"from": [7, 0, 17],
			"to": [9, 6, 19],
			"rotation": {"angle": 22.5, "axis": "x", "origin": [0, 3, 29]},
			"faces": {
				"north": {"uv": [8, 7, 10, 13], "rotation": 180, "texture": "#3"},
				"east": {"uv": [0, 0, 2, 6], "rotation": 180, "texture": "#3"},
				"south": {"uv": [7, 2, 9, 8], "rotation": 180, "texture": "#3"},
				"west": {"uv": [14, 4, 16, 10], "rotation": 180, "texture": "#3"},
				"up": {"uv": [7, 3, 9, 5], "texture": "#3"},
				"down": {"uv": [0.06, 0.06, 2.06, 2.06], "texture": "#3"}
			}
		},
		{
			"from": [7.25, 11, 21],
			"to": [8.75, 14, 23],
			"rotation": {"angle": -22.5, "axis": "x", "origin": [0, 3, 29]},
			"faces": {
				"north": {"uv": [0, 0, 1.5, 3], "rotation": 180, "texture": "#3"},
				"east": {"uv": [11, 8, 13, 11], "rotation": 180, "texture": "#1"},
				"south": {"uv": [8, 3, 9, 6], "rotation": 180, "texture": "#3"},
				"west": {"uv": [11, 8, 13, 11], "rotation": 180, "texture": "#1"},
				"up": {"uv": [9, 6, 10, 8], "texture": "#3"},
				"down": {"uv": [0.06, 0.06, 1.56, 2.06], "texture": "#3"}
			}
		}
	],
	"display": {
		"thirdperson_righthand": {
			"rotation": [67, 0, 0],
			"translation": [0, 2.5, 0]
		},
		"thirdperson_lefthand": {
			"rotation": [67, 0, 0],
			"translation": [0, 2.5, 0]
		},
		"firstperson_righthand": {
			"translation": [-4.5, 4.25, 0]
		},
		"firstperson_lefthand": {
			"translation": [-4.5, 4.25, 0]
		},
		"ground": {
			"rotation": [0, 0, 90],
			"translation": [-5.75, 0, -3.75],
			"scale": [1.13, 1.13, 1.13]
		},
		"gui": {
			"rotation": [88, 50, -88],
			"translation": [0, 3.75, 0],
			"scale": [0.83, 0.83, 0.83]
		},
		"head": {
			"translation": [0, 44.5, 10],
			"scale": [4, 4, 4]
		},
		"fixed": {
			"rotation": [88, 48, -88],
			"translation": [0, 4.75, 0]
		}
	}
}