{
	"textures": {
		"0": "block/observer_side",
		"particle": "block/observer_side"
	},
	"elements": [
		{
			"from": [7, 0, 10],
			"to": [9, 4, 12],
			"rotation": {"angle": 0, "axis": "y", "origin": [7, 0, 0]},
			"faces": {
				"north": {"uv": [8, 3, 10, 7], "texture": "#0"},
				"east": {"uv": [14, 1, 16, 5], "texture": "#0"},
				"south": {"uv": [4, 4, 6, 8], "texture": "#0"},
				"west": {"uv": [0, 1, 2, 5], "texture": "#0"},
				"up": {"uv": [0, 0, 2, 2], "rotation": 180, "texture": "#0"},
				"down": {"uv": [8, 3, 10, 5], "rotation": 180, "texture": "#0"}
			}
		},
		{
			"from": [7, 4, 3],
			"to": [9, 6, 12],
			"rotation": {"angle": 0, "axis": "y", "origin": [7, 0, 0]},
			"faces": {
				"north": {"uv": [8, 3, 10, 5], "texture": "#0"},
				"east": {"uv": [0, 3, 9, 5], "texture": "#0"},
				"south": {"uv": [8, 3, 10, 5], "texture": "#0"},
				"west": {"uv": [0, 3, 9, 5], "texture": "#0"},
				"up": {"uv": [2, 4, 4, 13], "rotation": 180, "texture": "#0"},
				"down": {"uv": [7, 3, 16, 5], "rotation": 270, "texture": "#0"}
			}
		},
		{
			"from": [7.5, 2, 8],
			"to": [8.5, 4, 10],
			"rotation": {"angle": 0, "axis": "y", "origin": [7, 0, 0]},
			"faces": {
				"north": {"uv": [0, 0, 1, 2], "texture": "#0"},
				"east": {"uv": [0, 3, 2, 5], "rotation": 270, "texture": "#0"},
				"south": {"uv": [0, 0, 1, 2], "texture": "#0"},
				"west": {"uv": [0, 3, 2, 5], "texture": "#0"},
				"up": {"uv": [0, 0, 1, 2], "rotation": 180, "texture": "#0"},
				"down": {"uv": [0, 0, 1, 2], "rotation": 180, "texture": "#0"}
			}
		},
		{
			"from": [7.5, 11, 4],
			"to": [8.5, 13, 6],
			"rotation": {"angle": 45, "axis": "x", "origin": [7, 0, 0]},
			"faces": {
				"north": {"uv": [0, 0, 1, 2], "texture": "#0"},
				"east": {"uv": [0, 0, 2, 2], "texture": "#0"},
				"south": {"uv": [0, 0, 1, 2], "texture": "#0"},
				"west": {"uv": [0, 0, 2, 2], "texture": "#0"},
				"up": {"uv": [8, 3, 9, 5], "rotation": 180, "texture": "#0"},
				"down": {"uv": [0, 0, 1, 2], "rotation": 180, "texture": "#0"}
			}
		}
	],
	"display": {
		"thirdperson_righthand": {
			"translation": [0, 4, -0.75]
		},
		"thirdperson_lefthand": {
			"translation": [0, 4, -0.75]
		},
		"firstperson_righthand": {
			"translation": [-2.25, 5.5, 5]
		},
		"firstperson_lefthand": {
			"translation": [0, 4.75, 2.75]
		},
		"ground": {
			"rotation": [53, 90, 35],
			"translation": [0, -1.5, 4]
		},
		"gui": {
			"rotation": [-59, 112, 58],
			"translation": [1, 5.75, 0],
			"scale": [1.11, 1.28, 1.2]
		},
		"head": {
			"translation": [0, 24, -18],
			"scale": [4, 4, 4]
		},
		"fixed": {
			"rotation": [70, 56, -63],
			"translation": [2.75, 6.5, -0.75],
			"scale": [1.5, 1.5, 1.5]
		}
	}
}