{
	"parent": "item/template_spawn_egg",
	"textures": {
	},
	
	"overrides": [
		{"predicate": {"custom_model_data":1}, "model": "item/nether_reactor_item"},
		{"predicate": {"custom_model_data":2}, "model": "item/nr_activated"},
		{"predicate": {"custom_model_data":3}, "model": "misc/lego_jukebox"},
		{"predicate": {"custom_model_data":4}, "model": "item/biden_spawn_egg"},
		{"predicate": {"custom_model_data":5}, "model": "item/trump_spawn_egg"},
		{"predicate": {"custom_model_data":6}, "model": "item/ender_dog_spawn_egg"},
		{"predicate": {"custom_model_data":7}, "model": "block/television"}
	]
}