{
	"textures": {
		"0": "block/observer_back",
		"1": "block/observer_side",
		"2": "block/observer_front",
		"3": "block/netherite_block",
		"4": "misc/scope",
		"particle": "block/observer_back"
	},
	"elements": [
		{
			"from": [7.25, 0, 13],
			"to": [8.75, 6, 15],
			"rotation": {"angle": 0, "axis": "y", "origin": [0, -3, 3]},
			"faces": {
				"north": {"uv": [13.032, 0.032, 14.968, 6.968], "texture": "#1"},
				"east": {"uv": [13.032, 0.032, 14.968, 6.968], "texture": "#1"},
				"south": {"uv": [13.032, 0.032, 14.968, 6.968], "texture": "#1"},
				"west": {"uv": [13.032, 0.032, 14.968, 6.968], "texture": "#1"},
				"up": {"uv": [14.032, 3.032, 15.968, 4.968], "texture": "#1"},
				"down": {"uv": [14.032, 3.032, 15.968, 4.968], "texture": "#1"}
			}
		},
		{
			"from": [7, 2, 4],
			"to": [9, 7, 6],
			"rotation": {"angle": 0, "axis": "x", "origin": [0, -3, 3]},
			"faces": {
				"north": {"uv": [7.032, 3.032, 15.968, 4.968], "rotation": 90, "texture": "#2"},
				"east": {"uv": [0.032, 3.032, 6.968, 5.968], "rotation": 90, "texture": "#2"},
				"south": {"uv": [0.032, 3.032, 8.968, 4.968], "rotation": 90, "texture": "#2"},
				"west": {"uv": [9.032, 3.032, 15.968, 5.968], "rotation": 90, "texture": "#2"},
				"up": {"uv": [7.032, 10.032, 8.968, 12.968], "texture": "#2"},
				"down": {"uv": [12.032, 3.032, 14.968, 4.968], "rotation": 90, "texture": "#2"}
			}
		},
		{
			"from": [6, 4, -1],
			"to": [10, 7, 18],
			"rotation": {"angle": 0, "axis": "y", "origin": [0, -3, 3]},
			"faces": {
				"north": {"uv": [11, 3, 15, 8], "rotation": 180, "texture": "#0"},
				"east": {"uv": [0, 3, 15.936, 7.936], "rotation": 180, "texture": "#1"},
				"south": {"uv": [0.032, 5.032, 3.968, 9.968], "texture": "#0"},
				"west": {"uv": [0, 3, 15.936, 7.936], "rotation": 180, "texture": "#1"},
				"up": {"uv": [0.032, 0.032, 15.968, 3.968], "rotation": 90, "texture": "#1"},
				"down": {"uv": [0, 6, 15.936, 10.936], "rotation": 90, "texture": "#1"}
			}
		},
		{
			"from": [7.5, 5, -10],
			"to": [8.5, 6, -1],
			"rotation": {"angle": 0, "axis": "y", "origin": [0, -3, 3]},
			"faces": {
				"north": {"uv": [8.032, 3.032, 9.968, 4.968], "texture": "#1"},
				"east": {"uv": [1.032, 5.032, 9.968, 6.968], "texture": "#1"},
				"south": {"uv": [1.032, 5.032, 9.968, 6.968], "texture": "#1"},
				"west": {"uv": [1.032, 5.032, 9.968, 6.968], "texture": "#1"},
				"up": {"uv": [1.032, 5.032, 9.968, 6.968], "rotation": 90, "texture": "#1"},
				"down": {"uv": [1.032, 5.032, 9.968, 6.968], "rotation": 90, "texture": "#1"}
			}
		},
		{
			"from": [7, 3, 19],
			"to": [9, 7, 26],
			"rotation": {"angle": 0, "axis": "y", "origin": [0, -3, 3]},
			"faces": {
				"north": {"uv": [0.032, 3.032, 4.968, 4.968], "rotation": 90, "texture": "#2"},
				"east": {"uv": [0.032, 8.032, 6.968, 12.968], "texture": "#3"},
				"south": {"uv": [0.032, 3.032, 4.968, 4.968], "rotation": 90, "texture": "#2"},
				"west": {"uv": [9.032, 8.032, 15.968, 12.968], "texture": "#3"},
				"up": {"uv": [0.032, 3.032, 4.968, 4.968], "rotation": 90, "texture": "#2"},
				"down": {"uv": [0.032, 0.032, 1.968, 6.968], "texture": "#3"}
			}
		},
		{
			"from": [7, 4, 18],
			"to": [9, 6, 19],
			"rotation": {"angle": 0, "axis": "y", "origin": [0, -3, 3]},
			"faces": {
				"north": {"uv": [5.032, 10.032, 5.968, 11.968], "texture": "#2"},
				"east": {"uv": [5.032, 10.032, 5.968, 11.968], "texture": "#2"},
				"south": {"uv": [5.032, 10.032, 5.968, 11.968], "texture": "#2"},
				"west": {"uv": [5.032, 10.032, 5.968, 11.968], "texture": "#2"},
				"up": {"uv": [5.032, 10.032, 5.968, 11.968], "rotation": 90, "texture": "#2"},
				"down": {"uv": [5.032, 10.032, 5.968, 11.968], "rotation": 90, "texture": "#2"}
			}
		},
		{
			"from": [7, 7, 12],
			"to": [9, 9, 13],
			"rotation": {"angle": 0, "axis": "y", "origin": [0, -3, 3]},
			"faces": {
				"north": {"uv": [5.032, 10.032, 5.968, 11.968], "texture": "#2"},
				"east": {"uv": [5.032, 10.032, 5.968, 11.968], "texture": "#2"},
				"south": {"uv": [5.032, 10.032, 5.968, 11.968], "texture": "#2"},
				"west": {"uv": [5.032, 10.032, 5.968, 11.968], "texture": "#2"},
				"up": {"uv": [5.032, 10.032, 5.968, 11.968], "rotation": 90, "texture": "#2"},
				"down": {"uv": [5.032, 10.032, 5.968, 11.968], "rotation": 90, "texture": "#2"}
			}
		},
		{
			"from": [7, -1, 13],
			"to": [9, 1, 17],
			"rotation": {"angle": -22.5, "axis": "x", "origin": [0, -3, 3]},
			"faces": {
				"north": {"uv": [4.032, 1.032, 5.968, 2.968], "texture": "#1"},
				"east": {"uv": [0.032, 1.032, 3.968, 2.968], "texture": "#1"},
				"south": {"uv": [0.032, 0.032, 1.968, 1.968], "texture": "#1"},
				"west": {"uv": [12.032, 1.032, 15.968, 2.968], "texture": "#1"},
				"up": {"uv": [0.032, 0.032, 1.968, 3.968], "texture": "#1"},
				"down": {"uv": [0.032, 0.032, 1.968, 3.968], "texture": "#1"}
			}
		},
		{
			"from": [7, -2, 14],
			"to": [9, 0, 14],
			"faces": {
				"north": {"uv": [7, 7, 7.75, 7.75], "texture": "#4"},
				"east": {"uv": [0, 0, 0, 2], "texture": "#missing"},
				"south": {"uv": [0, 0, 16, 16], "texture": "#4"},
				"west": {"uv": [0, 0, 0, 2], "texture": "#missing"},
				"up": {"uv": [0, 0, 2, 0], "texture": "#missing"},
				"down": {"uv": [0, 0, 2, 0], "texture": "#missing"}
			}
		}
	],
	"display": {
		"thirdperson_righthand": {
			"translation": [0, 2, -1.5],
			"scale": [0.54, 0.54, 0.54]
		},
		"thirdperson_lefthand": {
			"translation": [0, 2, -1.5],
			"scale": [0.54, 0.54, 0.54]
		},
		"firstperson_righthand": {
			"translation": [-8.892, 44.25, -15],
			"scale": [4, 4, 4]
		},
		"firstperson_lefthand": {
			"rotation": [93, 0, 0],
			"translation": [0, 6, 3.75],
			"scale": [0.5, 0.5, 0.5]
		},
		"ground": {
			"rotation": [0, 0, 90],
			"translation": [-3, -1.25, 0],
			"scale": [1.18, 1.18, 1.18]
		},
		"gui": {
			"rotation": [83.25, 52.5, -83.25],
			"translation": [0.75, 1.25, 0],
			"scale": [0.55, 0.55, 0.55]
		},
		"head": {
			"translation": [0, 36.5, -20.5],
			"scale": [4, 4, 4]
		},
		"fixed": {
			"rotation": [88, 48, -88],
			"translation": [1, 1.75, -1]
		}
	}
}