{
	"textures": {
		"0": "block/obsidian",
		"1": "block/gold_block",
		"particle": "block/obsidian"
	},
	"elements": [
		{
			"from": [7, 0, 7],
			"to": [9, 24, 9],
			"faces": {
				"north": {"uv": [4, 0, 6, 16], "texture": "#0"},
				"east": {"uv": [11, 0, 13, 16], "texture": "#0"},
				"south": {"uv": [4, 0, 6, 16], "texture": "#0"},
				"west": {"uv": [7, 0, 9, 16], "texture": "#0"},
				"up": {"uv": [10, 0, 12, 2], "texture": "#0"},
				"down": {"uv": [9, 11, 11, 13], "texture": "#0"}
			}
		},
		{
			"from": [6.5, 24, 6.5],
			"to": [9.5, 27, 9.5],
			"faces": {
				"north": {"uv": [9, 5, 12, 8], "texture": "#1"},
				"east": {"uv": [2, 2, 5, 5], "texture": "#1"},
				"south": {"uv": [12, 12, 15, 15], "texture": "#1"},
				"west": {"uv": [12, 1, 15, 4], "texture": "#1"},
				"up": {"uv": [11, 3, 14, 6], "texture": "#1"},
				"down": {"uv": [0, 0, 3, 3], "texture": "#1"}
			}
		}
	],
	"display": {
		"thirdperson_righthand": {
			"rotation": [67, 0, 0],
			"translation": [0, -3.5, -8.25],
			"scale": [0.66, 0.66, 0.66]
		},
		"thirdperson_lefthand": {
			"rotation": [67, 0, 0],
			"translation": [0, -3.5, -8.25],
			"scale": [0.66, 0.66, 0.66]
		},
		"firstperson_righthand": {
			"translation": [0.25, -7.75, 1.25],
			"scale": [0.66, 0.66, 0.66]
		},
		"firstperson_lefthand": {
			"translation": [0.25, -7.75, 1.25],
			"scale": [0.66, 0.66, 0.66]
		},
		"gui": {
			"rotation": [0, 0, -37.5],
			"translation": [-2.25, -2.75, 0],
			"scale": [0.65, 0.65, 0.65]
		},
		"fixed": {
			"rotation": [0, 0, -37.5],
			"translation": [-2.25, -3, -0.75],
			"scale": [0.75, 0.75, 0.75]
		}
	}
}