{
    "display": {
        "title": {
            "text": "Blast to the Past!",
            "color": "aqua"
        },
        "description": {
            "text": "Obtain the Nether Reactor from all the way back in 2012! Wow!",
            "color": "yellow"
        },
        "icon": {
            "item": "minecraft:shulker_spawn_egg",
            "nbt": "{display:{Name:'{\"text\":\"Nether Reactor Core\",\"color\":\"yellow\"}'},CustomModelData:1,EntityTag:{id:\"minecraft:arrow\",Rotation:[0F,-90F],Tags:[\"nether_reactor\"],SoundEvent:\"block.end_portal_frame.fill\"}}"
        },
        "frame": "goal",
        "show_toast": true,
        "announce_to_chat": true,
        "hidden": false
    },
    "criteria": {
        "obtainReactor": {
            "trigger": "minecraft:inventory_changed",
            "conditions": {
                "items": [
                    {
                        "item": "minecraft:shulker_spawn_egg",
                        "nbt": "{display:{Name:'{\"text\":\"Nether Reactor Core\",\"color\":\"yellow\"}'},CustomModelData:1,EntityTag:{id:\"minecraft:arrow\",Rotation:[0F,-90F],Tags:[\"nether_reactor\"],SoundEvent:\"block.end_portal_frame.fill\"}}",
                        "count": {
                            "min": 1,
                            "max": 1
                        }
                    }
                ]
            }
        }
    },
    "rewards": {
        "experience": 7
    },
    "parent": "creativity-plus:wand"
}