{
    "texture_size": [
        64, 
        32
    ], 
    "textures": {
        "main": "entity/john/john-walk"
    }, 
    "elements": [
        {
            "from": [ 4, 0, 6 ], 
            "to":   [ 8, 12, 10 ], 
            "faces": {
                "north": { "uv": [ 0.25, 1.25, 0.5, 2 ], "texture": "#main" }, 
                "east":  { "uv": [ 0, 1.25, 0.25, 2 ], "texture": "#main" }, 
                "south": { "uv": [ 0.75, 1.25, 1, 2 ], "texture": "#main" }, 
                "west":  { "uv": [ 0.5, 1.25, 0.75, 2 ], "texture": "#main" }, 
                "up":    { "uv": [ 0.25, 1, 0.5, 1.25 ], "texture": "#main" }, 
                "down":  { "uv": [ 0.5, 1, 0.75, 1.25 ], "texture": "#main" }
            }
        }, 
        {
            "from": [ 0, 12, 6 ], 
            "to":   [ 4, 24, 10 ], 
            "faces": {
                "north": { "uv": [ 3, 1.25, 2.75, 2 ], "texture": "#main" }, 
                "east":  { "uv": [ 2.5, 1.25, 2.75, 2 ], "texture": "#main" }, 
                "south": { "uv": [ 3.5, 1.25, 3.25, 2 ], "texture": "#main" }, 
                "west":  { "uv": [ 3, 1.25, 3.25, 2 ], "texture": "#main" }, 
                "up":    { "uv": [ 2.75, 1, 3, 1.25 ], "texture": "#main" }, 
                "down":  { "uv": [ 3, 1, 3.25, 1.25 ], "rotation":90, "texture": "#main" }
            }
        }, 
        {
            "from": [ 12, 12, 6 ], 
            "to":   [ 16, 24, 10 ], 
            "faces": {
                "north": { "uv": [ 2.75, 1.25, 3, 2 ], "texture": "#main" }, 
                "east":  { "uv": [ 2.5, 1.25, 2.75, 2 ], "texture": "#main" }, 
                "south": { "uv": [ 3.25, 1.25, 3.5, 2 ], "texture": "#main" }, 
                "west":  { "uv": [ 3, 1.25, 3.25, 2 ], "texture": "#main" }, 
                "up":    { "uv": [ 2.75, 1, 3, 1.25 ], "texture": "#main" }, 
                "down":  { "uv": [ 3, 1, 3.25, 1.25 ], "rotation":90, "texture": "#main" }
            }
        }, 
        {
            "from": [ 8, 0, 6 ], 
            "to":   [ 12, 12, 10 ], 
            "faces": {
                "north": { "uv": [ 0.5, 1.25, 0.25, 2 ], "texture": "#main" }, 
                "east":  { "uv": [ 0.25, 1.25, 0, 2 ], "texture": "#main" }, 
                "south": { "uv": [ 1, 1.25, 0.75, 2 ], "texture": "#main" }, 
                "west":  { "uv": [ 0.75, 1.25, 0.5, 2 ], "texture": "#main" }, 
                "up":    { "uv": [ 0.25, 1, 0.5, 1.25 ], "texture": "#main" }, 
                "down":  { "uv": [ 0.5, 1, 0.75, 1.25 ], "texture": "#main" }
            }
        }, 
        {
            "from": [ 4, 12, 6 ], 
            "to":   [ 12, 24, 10 ], 
            "faces": {
                "north": { "uv": [ 1.75, 1.25, 1.25, 2 ], "texture": "#main" }, 
                "east":  { "uv": [ 1.25, 1.25, 1, 2 ], "texture": "#main" }, 
                "south": { "uv": [ 2.25, 1.25, 1.75, 2 ], "texture": "#main" }, 
                "west":  { "uv": [ 1.25, 1.25, 1, 2 ], "texture": "#main" }, 
                "up":    { "uv": [ 1.25, 1, 1.75, 1.25 ], "rotation":180, "texture": "#main" }, 
                "down":  { "uv": [ 0.5, 1, 0.75, 1.25 ], "texture": "#main" }
            }
        }, 
        {
            "from": [ 4, 24, 4 ], 
            "to":   [ 12, 32, 12 ], 
            "faces": {
                "north": { "uv": [ 1, 0.5, 0.5, 1 ], "texture": "#main" }, 
                "east":  { "uv": [ 1.5, 0.5, 1, 1 ], "texture": "#main" }, 
                "south": { "uv": [ 2, 0.5, 1.5, 1 ], "texture": "#main" }, 
                "west":  { "uv": [ 0.5, 0.5, 0, 1 ], "texture": "#main" }, 
                "up":    { "uv": [ 0.5, 0, 1, 0.5 ], "rotation":180, "texture": "#main" }, 
                "down":  { "uv": [ 1, 0, 1.5, 0.5 ], "texture": "#main" }
            }
        }, 
        {
            "from": [ 5, 18, 6.1 ], 
            "to":   [ 9, 22, 7.1 ], 
            "rotation": { "angle": 0, "axis": "y", "origin": [6, 14, 8.5] }, 
            "faces": {
                "north": { "uv": [ 3, 0, 4, 1 ], "texture": "#main" }, 
                "east":  { "uv": [ 0, 0, 0.0625, 0.25 ], "texture": "#main" }, 
                "south": { "uv": [ 2.0625, 0, 3.0625, 1 ], "texture": "#main" }, 
                "west":  { "uv": [ 0, 0, 0.0625, 0.25 ], "texture": "#main" }, 
                "up":    { "uv": [ 0, 0, 0.25, 0.0625 ], "rotation":180, "texture": "#main" }, 
                "down":  { "uv": [ 0, 0, 0.25, 0.0625 ], "rotation":180, "texture": "#main" }
            }
        }, 
        {
            "from": [ 4, 0, 6 ], 
            "to":   [ 8, 12, 10 ], 
            "rotation": { "angle": 22.5, "axis": "x", "origin": [6, 12, 8] }, 
            "faces": {
                "north": { "uv": [ 4.25, 1.25, 4.5, 2 ], "texture": "#main" }, 
                "east":  { "uv": [ 4, 1.25, 4.25, 2 ], "texture": "#main" }, 
                "south": { "uv": [ 4.75, 1.25, 5, 2 ], "texture": "#main" }, 
                "west":  { "uv": [ 4.5, 1.25, 4.75, 2 ], "texture": "#main" }, 
                "up":    { "uv": [ 4.25, 1, 4.5, 1.25 ], "texture": "#main" }, 
                "down":  { "uv": [ 4.5, 1, 4.75, 1.25 ], "texture": "#main" }
            }
        }, 
        {
            "from": [ 0, 12, 6 ], 
            "to":   [ 4, 24, 10 ], 
            "rotation": { "angle": -22.5, "axis": "x", "origin": [2, 24, 8] }, 
            "faces": {
                "north": { "uv": [ 7, 1.25, 6.75, 2 ], "texture": "#main" }, 
                "east":  { "uv": [ 6.5, 1.25, 6.75, 2 ], "texture": "#main" }, 
                "south": { "uv": [ 7.5, 1.25, 7.25, 2 ], "texture": "#main" }, 
                "west":  { "uv": [ 7, 1.25, 7.25, 2 ], "texture": "#main" }, 
                "up":    { "uv": [ 6.75, 1, 7, 1.25 ], "texture": "#main" }, 
                "down":  { "uv": [ 7, 1, 7.25, 1.25 ], "rotation":90, "texture": "#main" }
            }
        }, 
        {
            "from": [ 12, 12, 6 ], 
            "to":   [ 16, 24, 10 ], 
            "rotation": { "angle": 22.5, "axis": "x", "origin": [14, 23, 8] }, 
            "faces": {
                "north": { "uv": [ 6.75, 1.25, 7, 2 ], "texture": "#main" }, 
                "east":  { "uv": [ 6.5, 1.25, 6.75, 2 ], "texture": "#main" }, 
                "south": { "uv": [ 7.25, 1.25, 7.5, 2 ], "texture": "#main" }, 
                "west":  { "uv": [ 7, 1.25, 7.25, 2 ], "texture": "#main" }, 
                "up":    { "uv": [ 6.75, 1, 7, 1.25 ], "texture": "#main" }, 
                "down":  { "uv": [ 7, 1, 7.25, 1.25 ], "rotation":90, "texture": "#main" }
            }
        }, 
        {
            "from": [ 8, 0, 6 ], 
            "to":   [ 12, 12, 10 ], 
            "rotation": { "angle": -22.5, "axis": "x", "origin": [10, 12, 8] }, 
            "faces": {
                "north": { "uv": [ 4.5, 1.25, 4.25, 2 ], "texture": "#main" }, 
                "east":  { "uv": [ 4.25, 1.25, 4, 2 ], "texture": "#main" }, 
                "south": { "uv": [ 5, 1.25, 4.75, 2 ], "texture": "#main" }, 
                "west":  { "uv": [ 4.75, 1.25, 4.5, 2 ], "texture": "#main" }, 
                "up":    { "uv": [ 4.25, 1, 4.5, 1.25 ], "texture": "#main" }, 
                "down":  { "uv": [ 4.5, 1, 4.75, 1.25 ], "texture": "#main" }
            }
        }, 
        {
            "from": [ 4, 12, 6 ], 
            "to":   [ 12, 24, 10 ], 
            "faces": {
                "north": { "uv": [ 5.75, 1.25, 5.25, 2 ], "texture": "#main" }, 
                "east":  { "uv": [ 5.25, 1.25, 5, 2 ], "texture": "#main" }, 
                "south": { "uv": [ 6.25, 1.25, 5.75, 2 ], "texture": "#main" }, 
                "west":  { "uv": [ 5.25, 1.25, 5, 2 ], "texture": "#main" }, 
                "up":    { "uv": [ 5.25, 1, 5.75, 1.25 ], "rotation":180, "texture": "#main" }, 
                "down":  { "uv": [ 4.5, 1, 4.75, 1.25 ], "texture": "#main" }
            }
        }, 
        {
            "from": [ 4, 24, 4 ], 
            "to":   [ 12, 32, 12 ], 
            "faces": {
                "north": { "uv": [ 5, 0.5, 4.5, 1 ], "texture": "#main" }, 
                "east":  { "uv": [ 5.5, 0.5, 5, 1 ], "texture": "#main" }, 
                "south": { "uv": [ 6, 0.5, 5.5, 1 ], "texture": "#main" }, 
                "west":  { "uv": [ 4.5, 0.5, 4, 1 ], "texture": "#main" }, 
                "up":    { "uv": [ 4.5, 0, 5, 0.5 ], "rotation":180, "texture": "#main" }, 
                "down":  { "uv": [ 5, 0, 5.5, 0.5 ], "texture": "#main" }
            }
        }, 
        {
            "from": [ 5, 18, 6.1 ], 
            "to":   [ 9, 22, 7.1 ], 
            "rotation": { "angle": 0, "axis": "y", "origin": [6, 14, 8.5] }, 
            "faces": {
                "north": { "uv": [ 7, 0, 8, 1 ], "texture": "#main" }, 
                "east":  { "uv": [ 4, 0, 4.0625, 0.25 ], "texture": "#main" }, 
                "south": { "uv": [ 6.0625, 0, 7.0625, 1 ], "texture": "#main" }, 
                "west":  { "uv": [ 4, 0, 4.0625, 0.25 ], "texture": "#main" }, 
                "up":    { "uv": [ 4, 0, 4.25, 0.0625 ], "rotation":180, "texture": "#main" }, 
                "down":  { "uv": [ 4, 0, 4.25, 0.0625 ], "rotation":180, "texture": "#main" }
            }
        }, 
        {
            "from": [ 4, 0, 6 ], 
            "to":   [ 8, 12, 10 ], 
            "rotation": { "angle": 45, "axis": "x", "origin": [6, 11, 8] }, 
            "faces": {
                "north": { "uv": [ 8.25, 1.25, 8.5, 2 ], "texture": "#main" }, 
                "east":  { "uv": [ 8, 1.25, 8.25, 2 ], "texture": "#main" }, 
                "south": { "uv": [ 8.75, 1.25, 9, 2 ], "texture": "#main" }, 
                "west":  { "uv": [ 8.5, 1.25, 8.75, 2 ], "texture": "#main" }, 
                "up":    { "uv": [ 8.25, 1, 8.5, 1.25 ], "texture": "#main" }, 
                "down":  { "uv": [ 8.5, 1, 8.75, 1.25 ], "texture": "#main" }
            }
        }, 
        {
            "from": [ 0, 12, 6 ], 
            "to":   [ 4, 24, 10 ], 
            "rotation": { "angle": -45, "axis": "x", "origin": [2, 22, 8] }, 
            "faces": {
                "north": { "uv": [ 11, 1.25, 10.75, 2 ], "texture": "#main" }, 
                "east":  { "uv": [ 10.5, 1.25, 10.75, 2 ], "texture": "#main" }, 
                "south": { "uv": [ 11.5, 1.25, 11.25, 2 ], "texture": "#main" }, 
                "west":  { "uv": [ 11, 1.25, 11.25, 2 ], "texture": "#main" }, 
                "up":    { "uv": [ 10.75, 1, 11, 1.25 ], "texture": "#main" }, 
                "down":  { "uv": [ 11, 1, 11.25, 1.25 ], "rotation":90, "texture": "#main" }
            }
        }, 
        {
            "from": [ 12, 12, 6 ], 
            "to":   [ 16, 24, 10 ], 
            "rotation": { "angle": 45, "axis": "x", "origin": [14, 22, 8] }, 
            "faces": {
                "north": { "uv": [ 10.75, 1.25, 11, 2 ], "texture": "#main" }, 
                "east":  { "uv": [ 10.5, 1.25, 10.75, 2 ], "texture": "#main" }, 
                "south": { "uv": [ 11.25, 1.25, 11.5, 2 ], "texture": "#main" }, 
                "west":  { "uv": [ 11, 1.25, 11.25, 2 ], "texture": "#main" }, 
                "up":    { "uv": [ 10.75, 1, 11, 1.25 ], "texture": "#main" }, 
                "down":  { "uv": [ 11, 1, 11.25, 1.25 ], "rotation":90, "texture": "#main" }
            }
        }, 
        {
            "from": [ 8, 0, 6 ], 
            "to":   [ 12, 12, 10 ], 
            "rotation": { "angle": -45, "axis": "x", "origin": [10, 10, 8] }, 
            "faces": {
                "north": { "uv": [ 8.5, 1.25, 8.25, 2 ], "texture": "#main" }, 
                "east":  { "uv": [ 8.25, 1.25, 8, 2 ], "texture": "#main" }, 
                "south": { "uv": [ 9, 1.25, 8.75, 2 ], "texture": "#main" }, 
                "west":  { "uv": [ 8.75, 1.25, 8.5, 2 ], "texture": "#main" }, 
                "up":    { "uv": [ 8.25, 1, 8.5, 1.25 ], "texture": "#main" }, 
                "down":  { "uv": [ 8.5, 1, 8.75, 1.25 ], "texture": "#main" }
            }
        }, 
        {
            "from": [ 4, 12, 6 ], 
            "to":   [ 12, 24, 10 ], 
            "faces": {
                "north": { "uv": [ 9.75, 1.25, 9.25, 2 ], "texture": "#main" }, 
                "east":  { "uv": [ 9.25, 1.25, 9, 2 ], "texture": "#main" }, 
                "south": { "uv": [ 10.25, 1.25, 9.75, 2 ], "texture": "#main" }, 
                "west":  { "uv": [ 9.25, 1.25, 9, 2 ], "texture": "#main" }, 
                "up":    { "uv": [ 9.25, 1, 9.75, 1.25 ], "rotation":180, "texture": "#main" }, 
                "down":  { "uv": [ 8.5, 1, 8.75, 1.25 ], "texture": "#main" }
            }
        }, 
        {
            "from": [ 4, 24, 4 ], 
            "to":   [ 12, 32, 12 ], 
            "faces": {
                "north": { "uv": [ 9, 0.5, 8.5, 1 ], "texture": "#main" }, 
                "east":  { "uv": [ 9.5, 0.5, 9, 1 ], "texture": "#main" }, 
                "south": { "uv": [ 10, 0.5, 9.5, 1 ], "texture": "#main" }, 
                "west":  { "uv": [ 8.5, 0.5, 8, 1 ], "texture": "#main" }, 
                "up":    { "uv": [ 8.5, 0, 9, 0.5 ], "rotation":180, "texture": "#main" }, 
                "down":  { "uv": [ 9, 0, 9.5, 0.5 ], "texture": "#main" }
            }
        }, 
        {
            "from": [ 5, 18, 6.1 ], 
            "to":   [ 9, 22, 7.1 ], 
            "rotation": { "angle": 0, "axis": "y", "origin": [6, 14, 8.5] }, 
            "faces": {
                "north": { "uv": [ 11, 0, 12, 1 ], "texture": "#main" }, 
                "east":  { "uv": [ 8, 0, 8.0625, 0.25 ], "texture": "#main" }, 
                "south": { "uv": [ 10.0625, 0, 11.0625, 1 ], "texture": "#main" }, 
                "west":  { "uv": [ 8, 0, 8.0625, 0.25 ], "texture": "#main" }, 
                "up":    { "uv": [ 8, 0, 8.25, 0.0625 ], "rotation":180, "texture": "#main" }, 
                "down":  { "uv": [ 8, 0, 8.25, 0.0625 ], "rotation":180, "texture": "#main" }
            }
        }, 
        {
            "from": [ 4, 0, 6 ], 
            "to":   [ 8, 12, 10 ], 
            "rotation": { "angle": -22.5, "axis": "x", "origin": [6, 12, 8] }, 
            "faces": {
                "north": { "uv": [ 12.25, 1.25, 12.5, 2 ], "texture": "#main" }, 
                "east":  { "uv": [ 12, 1.25, 12.25, 2 ], "texture": "#main" }, 
                "south": { "uv": [ 12.75, 1.25, 13, 2 ], "texture": "#main" }, 
                "west":  { "uv": [ 12.5, 1.25, 12.75, 2 ], "texture": "#main" }, 
                "up":    { "uv": [ 12.25, 1, 12.5, 1.25 ], "texture": "#main" }, 
                "down":  { "uv": [ 12.5, 1, 12.75, 1.25 ], "texture": "#main" }
            }
        }, 
        {
            "from": [ 0, 12, 6 ], 
            "to":   [ 4, 24, 10 ], 
            "rotation": { "angle": 22.5, "axis": "x", "origin": [2, 24, 8] }, 
            "faces": {
                "north": { "uv": [ 15, 1.25, 14.75, 2 ], "texture": "#main" }, 
                "east":  { "uv": [ 14.5, 1.25, 14.75, 2 ], "texture": "#main" }, 
                "south": { "uv": [ 15.5, 1.25, 15.25, 2 ], "texture": "#main" }, 
                "west":  { "uv": [ 15, 1.25, 15.25, 2 ], "texture": "#main" }, 
                "up":    { "uv": [ 14.75, 1, 15, 1.25 ], "texture": "#main" }, 
                "down":  { "uv": [ 15, 1, 15.25, 1.25 ], "rotation":90, "texture": "#main" }
            }
        }, 
        {
            "from": [ 12, 12, 6 ], 
            "to":   [ 16, 24, 10 ], 
            "rotation": { "angle": -22.5, "axis": "x", "origin": [14, 23, 8] }, 
            "faces": {
                "north": { "uv": [ 14.75, 1.25, 15, 2 ], "texture": "#main" }, 
                "east":  { "uv": [ 14.5, 1.25, 14.75, 2 ], "texture": "#main" }, 
                "south": { "uv": [ 15.25, 1.25, 15.5, 2 ], "texture": "#main" }, 
                "west":  { "uv": [ 15, 1.25, 15.25, 2 ], "texture": "#main" }, 
                "up":    { "uv": [ 14.75, 1, 15, 1.25 ], "texture": "#main" }, 
                "down":  { "uv": [ 15, 1, 15.25, 1.25 ], "rotation":90, "texture": "#main" }
            }
        }, 
        {
            "from": [ 8, 0, 6 ], 
            "to":   [ 12, 12, 10 ], 
            "rotation": { "angle": 22.5, "axis": "x", "origin": [10, 12, 8] }, 
            "faces": {
                "north": { "uv": [ 12.5, 1.25, 12.25, 2 ], "texture": "#main" }, 
                "east":  { "uv": [ 12.25, 1.25, 12, 2 ], "texture": "#main" }, 
                "south": { "uv": [ 13, 1.25, 12.75, 2 ], "texture": "#main" }, 
                "west":  { "uv": [ 12.75, 1.25, 12.5, 2 ], "texture": "#main" }, 
                "up":    { "uv": [ 12.25, 1, 12.5, 1.25 ], "texture": "#main" }, 
                "down":  { "uv": [ 12.5, 1, 12.75, 1.25 ], "texture": "#main" }
            }
        }, 
        {
            "from": [ 4, 12, 6 ], 
            "to":   [ 12, 24, 10 ], 
            "faces": {
                "north": { "uv": [ 13.75, 1.25, 13.25, 2 ], "texture": "#main" }, 
                "east":  { "uv": [ 13.25, 1.25, 13, 2 ], "texture": "#main" }, 
                "south": { "uv": [ 14.25, 1.25, 13.75, 2 ], "texture": "#main" }, 
                "west":  { "uv": [ 13.25, 1.25, 13, 2 ], "texture": "#main" }, 
                "up":    { "uv": [ 13.25, 1, 13.75, 1.25 ], "rotation":180, "texture": "#main" }, 
                "down":  { "uv": [ 12.5, 1, 12.75, 1.25 ], "texture": "#main" }
            }
        }, 
        {
            "from": [ 4, 24, 4 ], 
            "to":   [ 12, 32, 12 ], 
            "faces": {
                "north": { "uv": [ 13, 0.5, 12.5, 1 ], "texture": "#main" }, 
                "east":  { "uv": [ 13.5, 0.5, 13, 1 ], "texture": "#main" }, 
                "south": { "uv": [ 14, 0.5, 13.5, 1 ], "texture": "#main" }, 
                "west":  { "uv": [ 12.5, 0.5, 12, 1 ], "texture": "#main" }, 
                "up":    { "uv": [ 12.5, 0, 13, 0.5 ], "rotation":180, "texture": "#main" }, 
                "down":  { "uv": [ 13, 0, 13.5, 0.5 ], "texture": "#main" }
            }
        }, 
        {
            "from": [ 5, 18, 6.1 ], 
            "to":   [ 9, 22, 7.1 ], 
            "rotation": { "angle": 0, "axis": "y", "origin": [6, 14, 8.5] }, 
            "faces": {
                "north": { "uv": [ 15, 0, 16, 1 ], "texture": "#main" }, 
                "east":  { "uv": [ 12, 0, 12.0625, 0.25 ], "texture": "#main" }, 
                "south": { "uv": [ 14.0625, 0, 15.0625, 1 ], "texture": "#main" }, 
                "west":  { "uv": [ 12, 0, 12.0625, 0.25 ], "texture": "#main" }, 
                "up":    { "uv": [ 12, 0, 12.25, 0.0625 ], "rotation":180, "texture": "#main" }, 
                "down":  { "uv": [ 12, 0, 12.25, 0.0625 ], "rotation":180, "texture": "#main" }
            }
        }, 
        {
            "from": [ 4, 0, 6 ], 
            "to":   [ 8, 12, 10 ], 
            "rotation": { "angle": -45, "axis": "x", "origin": [6, 11, 8] }, 
            "faces": {
                "north": { "uv": [ 0.25, 5.25, 0.5, 6 ], "texture": "#main" }, 
                "east":  { "uv": [ 0, 5.25, 0.25, 6 ], "texture": "#main" }, 
                "south": { "uv": [ 0.75, 5.25, 1, 6 ], "texture": "#main" }, 
                "west":  { "uv": [ 0.5, 5.25, 0.75, 6 ], "texture": "#main" }, 
                "up":    { "uv": [ 0.25, 5, 0.5, 5.25 ], "texture": "#main" }, 
                "down":  { "uv": [ 0.5, 5, 0.75, 5.25 ], "texture": "#main" }
            }
        }, 
        {
            "from": [ 0, 12, 6 ], 
            "to":   [ 4, 24, 10 ], 
            "rotation": { "angle": 45, "axis": "x", "origin": [2, 22, 8] }, 
            "faces": {
                "north": { "uv": [ 3, 5.25, 2.75, 6 ], "texture": "#main" }, 
                "east":  { "uv": [ 2.5, 5.25, 2.75, 6 ], "texture": "#main" }, 
                "south": { "uv": [ 3.5, 5.25, 3.25, 6 ], "texture": "#main" }, 
                "west":  { "uv": [ 3, 5.25, 3.25, 6 ], "texture": "#main" }, 
                "up":    { "uv": [ 2.75, 5, 3, 5.25 ], "texture": "#main" }, 
                "down":  { "uv": [ 3, 5, 3.25, 5.25 ], "rotation":90, "texture": "#main" }
            }
        }, 
        {
            "from": [ 12, 20, 6 ], 
            "to":   [ 16, 24, 18 ], 
            "rotation": { "angle": 45, "axis": "x", "origin": [14, 22, 8] }, 
            "faces": {
                "north": { "uv": [ 2.75, 5, 3, 5.25 ], "rotation":180, "texture": "#main" }, 
                "east":  { "uv": [ 2.5, 5.25, 2.75, 6 ], "rotation":90, "texture": "#main" }, 
                "south": { "uv": [ 3, 5, 3.25, 5.25 ], "rotation":90, "texture": "#main" }, 
                "west":  { "uv": [ 3, 5.25, 3.25, 6 ], "rotation":270, "texture": "#main" }, 
                "up":    { "uv": [ 3.25, 5.25, 3.5, 6 ], "texture": "#main" }, 
                "down":  { "uv": [ 2.75, 5.25, 3, 6 ], "rotation":180, "texture": "#main" }
            }
        }, 
        {
            "from": [ 8, 0, 6 ], 
            "to":   [ 12, 12, 10 ], 
            "rotation": { "angle": 45, "axis": "x", "origin": [10, 10, 8] }, 
            "faces": {
                "north": { "uv": [ 0.5, 5.25, 0.25, 6 ], "texture": "#main" }, 
                "east":  { "uv": [ 0.25, 5.25, 0, 6 ], "texture": "#main" }, 
                "south": { "uv": [ 1, 5.25, 0.75, 6 ], "texture": "#main" }, 
                "west":  { "uv": [ 0.75, 5.25, 0.5, 6 ], "texture": "#main" }, 
                "up":    { "uv": [ 0.25, 5, 0.5, 5.25 ], "texture": "#main" }, 
                "down":  { "uv": [ 0.5, 5, 0.75, 5.25 ], "texture": "#main" }
            }
        }, 
        {
            "from": [ 4, 12, 6 ], 
            "to":   [ 12, 24, 10 ], 
            "faces": {
                "north": { "uv": [ 1.75, 5.25, 1.25, 6 ], "texture": "#main" }, 
                "east":  { "uv": [ 1.25, 5.25, 1, 6 ], "texture": "#main" }, 
                "south": { "uv": [ 2.25, 5.25, 1.75, 6 ], "texture": "#main" }, 
                "west":  { "uv": [ 1.25, 5.25, 1, 6 ], "texture": "#main" }, 
                "up":    { "uv": [ 1.25, 5, 1.75, 5.25 ], "rotation":180, "texture": "#main" }, 
                "down":  { "uv": [ 0.5, 5, 0.75, 5.25 ], "texture": "#main" }
            }
        }, 
        {
            "from": [ 4, 24, 4 ], 
            "to":   [ 12, 32, 12 ], 
            "faces": {
                "north": { "uv": [ 1, 4.5, 0.5, 5 ], "texture": "#main" }, 
                "east":  { "uv": [ 1.5, 4.5, 1, 5 ], "texture": "#main" }, 
                "south": { "uv": [ 2, 4.5, 1.5, 5 ], "texture": "#main" }, 
                "west":  { "uv": [ 0.5, 4.5, 0, 5 ], "texture": "#main" }, 
                "up":    { "uv": [ 0.5, 4, 1, 4.5 ], "rotation":180, "texture": "#main" }, 
                "down":  { "uv": [ 1, 4, 1.5, 4.5 ], "texture": "#main" }
            }
        }, 
        {
            "from": [ 5, 18, 6.1 ], 
            "to":   [ 9, 22, 7.1 ], 
            "rotation": { "angle": 0, "axis": "y", "origin": [6, 14, 8.5] }, 
            "faces": {
                "north": { "uv": [ 3, 4, 4, 5 ], "texture": "#main" }, 
                "east":  { "uv": [ 0, 4, 0.0625, 4.25 ], "texture": "#main" }, 
                "south": { "uv": [ 2.0625, 4, 3.0625, 5 ], "texture": "#main" }, 
                "west":  { "uv": [ 0, 4, 0.0625, 4.25 ], "texture": "#main" }, 
                "up":    { "uv": [ 0, 4, 0.25, 4.0625 ], "rotation":180, "texture": "#main" }, 
                "down":  { "uv": [ 0, 4, 0.25, 4.0625 ], "rotation":180, "texture": "#main" }
            }
        }
    ], 
    "display": {
        "gui": {
            "rotation": [ 0, 154, 0 ], 
            "translation": [ 0, -4, 0 ], 
            "scale": [ 0.5, 0.5, 0.5 ]
        }, 
        "head": {
            "translation": [ 0, -32, 0 ], 
            "scale": [ 1.6, 1.6, 1.6 ]
        }
    }, 
    "__comment": "Model animated using Fizzy's model animator - http://fizzy81.github.io/animated-models/"
}