{
    "display": {
        "title": {
            "text": "Burning Down the House",
            "color": "aqua"
        },
        "description": {
            "text": "Our House. We've Got to Get Together!",
            "color": "yellow"
        },
        "icon": {
            "item": "minecraft:carrot_on_a_stick",
            "nbt": "{CustomModelData:7}"
        },
        "frame": "task",
        "show_toast": true,
        "announce_to_chat": true,
        "hidden": true
    },
    "criteria": {
        "getFlameThrower": {
            "trigger": "minecraft:inventory_changed",
            "conditions": {
                "items": [
                    {
                        "item": "minecraft:carrot_on_a_stick",
                        "nbt": "{display:{Name:'{\"text\":\"Flame Thrower\"}',Lore:['[{\"text\":\"Reload Speed:\",\"color\":\"gray\"},{\"text\":\" 0 Ticks\",\"color\":\"dark_green\"}]','[{\"text\":\"Enemy Damage:\",\"color\":\"gray\"},{\"text\":\" Fire\",\"color\":\"yellow\"}]','[{\"text\":\"Recoil:\",\"color\":\"gray\"},{\"text\":\" 0 Blocks\",\"color\":\"dark_green\"}]','[{\"text\":\"Recoil Damage:\",\"color\":\"gray\"},{\"text\":\" 0 HP\",\"color\":\"dark_green\"}]','{\"text\":\" \"}','{\"text\":\"*Doesn\\'t Damage Undead Mobs :(\",\"color\":\"red\"}']},CustomModelData:7,isFlameThrower:1,isGun:1}",
                        "count": {
                            "min": 1,
                            "max": 1
                        }
                    }
                ]
            }
        }
    },
    "parent": "creativity-plus:pistol"
}