{
    "display": {
        "title": {
            "text": "Morphoholic",
            "color": "green"
        },
        "description": {
            "text": "Transform yourself into every transformable mob!",
            "color": "yellow"
        },
        "icon": {
            "item": "minecraft:firework_star",
            "nbt": "{CustomModelData:21}"
        },
        "frame": "challenge",
        "show_toast": true,
        "announce_to_chat": true,
        "hidden": true
    },
    "criteria": {
        "functionized": {
            "trigger": "minecraft:impossible"
        }
    },
    "parent": "creativity-plus:morph"
}