{
    "display": {
        "title": {
            "text": "Good Eye",
            "color": "aqua"
        },
        "description": {
            "text": "You can finally get back at those skeletons! Oh wait, they're undead.",
            "color": "yellow"
        },
        "icon": {
            "item": "minecraft:carrot_on_a_stick",
            "nbt": "{CustomModelData:3}"
        },
        "frame": "task",
        "show_toast": true,
        "announce_to_chat": true,
        "hidden": true
    },
    "criteria": {
        "getSniper": {
            "trigger": "minecraft:inventory_changed",
            "conditions": {
                "items": [
                    {
                        "item": "minecraft:carrot_on_a_stick",
                        "nbt": "{display:{Name:'{\"text\":\"Sniper\"}',Lore:['[{\"text\":\"Reload Speed:\",\"color\":\"gray\"},{\"text\":\" 10 Ticks\",\"color\":\"dark_red\"}]','[{\"text\":\"Enemy Damage:\",\"color\":\"gray\"},{\"text\":\" 19 HP\",\"color\":\"light_purple\"}]','[{\"text\":\"Recoil:\",\"color\":\"gray\"},{\"text\":\" 0 Blocks\",\"color\":\"dark_green\"}]','[{\"text\":\"Recoil Damage:\",\"color\":\"gray\"},{\"text\":\" 0 HP\",\"color\":\"dark_green\"}]','{\"text\":\" \"}','{\"text\":\"*Doesn\\'t Damage Undead Mobs :(\",\"color\":\"red\"}']},CustomModelData:3,isSniper:1,isGun:1}",
                        "count": {
                            "min": 1,
                            "max": 1
                        }
                    }
                ]
            }
        }
    },
    "parent": "creativity-plus:pistol"
}