{
    "display": {
        "title": {
            "text": "What's Your Favorite Idea?",
            "color": "yellow",
            "bold": false
        },
        "description": {
            "text": "Mine is Being Creative.",
            "color": "dark_green"
        },
        "icon": {
            "item": "minecraft:blaze_rod",
            "nbt": "{display:{Name:'{\"text\":\"Creativity Wand\",\"color\":\"green\",\"bold\":true}',Lore:['{\"text\":\"Drop on a Crafting Bench \",\"color\":\"light_purple\"}','{\"text\":\"with other items to use\",\"color\":\"light_purple\"}','{\"text\":\"your Creativity!\",\"color\":\"light_purple\"}']},Enchantments:[{}]}"
        },
        "frame": "challenge",
        "show_toast": true,
        "announce_to_chat": true,
        "hidden": false
    },
    "criteria": {
        "getWand": {
            "trigger": "minecraft:inventory_changed",
            "conditions": {
                "items": [
                    {
                        "item": "minecraft:blaze_rod",
                        "nbt": "{display:{Name:'{\"text\":\"Creativity Wand\",\"color\":\"green\",\"bold\":true}',Lore:['{\"text\":\"Drop on a Crafting Bench \",\"color\":\"light_purple\"}','{\"text\":\"with other items to use\",\"color\":\"light_purple\"}','{\"text\":\"your Creativity!\",\"color\":\"light_purple\"}']},Enchantments:[{}]}",
                        "count": {
                            "min": 1,
                            "max": 1
                        }
                    }
                ]
            }
        }
    },
    "rewards": {
        "experience": 25
    },
    "parent": "creativity-plus:root"
}