{
	"textures": {
		"0": "misc/lego_jukebox",
		"1": "misc/lego_jukebox-head",
		"2": "block/iron_block",
		"3": "block/pink_concrete",
		"4": "block/diamond_block",
		"5": "block/dark_oak_planks",
		"6": "block/red_wool",
		"7": "block/iron_bars",
		"8": "block/birch_planks",
		"particle": "misc/lego_jukebox"
	},
	"elements": [
		{
			"name": "yoda_head",
			"from": [4, 23, -4],
			"to": [12, 31, 6],
			"faces": {
				"north": {"uv": [0.5, 0.5, 15.5, 15.5], "texture": "#1"},
				"east": {"uv": [14, 2.25, 16, 4.25], "texture": "#1"},
				"south": {"uv": [14, 2.25, 16, 4.25], "texture": "#1"},
				"west": {"uv": [14, 2.25, 16, 4.25], "texture": "#1"},
				"up": {"uv": [14, 2.25, 16, 4.25], "texture": "#1"},
				"down": {"uv": [14, 2.25, 16, 4.25], "texture": "#1"}
			}
		},
		{
			"name": "iron_bars",
			"from": [4, -7, -1.2],
			"to": [12, 6, -0.2],
			"faces": {
				"north": {"uv": [2, 0, 9, 12], "texture": "#7"},
				"east": {"uv": [12, 3, 13, 16], "texture": "#7"},
				"south": {"uv": [2, 0, 9, 12], "texture": "#7"},
				"west": {"uv": [13, 2, 14, 15], "texture": "#7"},
				"up": {"uv": [2, 1, 9, 2], "texture": "#7"},
				"down": {"uv": [7, 14, 14, 15], "texture": "#7"}
			}
		},
		{
			"name": "button_panel",
			"from": [5.5, 8, -1.2],
			"to": [10.5, 15, -0.2],
			"faces": {
				"north": {"uv": [10, 5, 15, 12], "texture": "#2"},
				"east": {"uv": [0, 9, 1, 16], "texture": "#2"},
				"south": {"uv": [8, 8, 13, 15], "texture": "#2"},
				"west": {"uv": [15, 8, 16, 15], "texture": "#2"},
				"up": {"uv": [9, 0, 14, 1], "texture": "#2"},
				"down": {"uv": [9, 15, 14, 16], "texture": "#2"}
			}
		},
		{
			"name": "yoda_back",
			"from": [4, -10, 19],
			"to": [12, -2, 20],
			"faces": {
				"north": {"uv": [0, 0, 16, 16], "texture": "#0"},
				"east": {"uv": [15, 8, 16, 16], "texture": "#0"},
				"south": {"uv": [0, 0, 16, 16], "texture": "#0"},
				"west": {"uv": [15, 8, 16, 16], "texture": "#0"},
				"up": {"uv": [15, 8, 16, 16], "texture": "#0"},
				"down": {"uv": [15, 8, 16, 16], "texture": "#0"}
			}
		},
		{
			"name": "diamond_center",
			"from": [2, -10, -1],
			"to": [14, 4, 0],
			"faces": {
				"north": {"uv": [4, 2, 16, 16], "texture": "#4"},
				"east": {"uv": [15, 2, 16, 16], "texture": "#4"},
				"south": {"uv": [4, 2, 16, 16], "texture": "#4"},
				"west": {"uv": [15, 2, 16, 16], "texture": "#4"},
				"up": {"uv": [2, 15, 14, 16], "texture": "#4"},
				"down": {"uv": [2, 15, 14, 16], "texture": "#4"}
			}
		},
		{
			"name": "left",
			"from": [8, -16, -2],
			"to": [25, -13, 20],
			"faces": {
				"north": {"uv": [0, 1, 16, 4], "texture": "#2"},
				"east": {"uv": [1, 0, 4, 16], "rotation": 90, "texture": "#2"},
				"south": {"uv": [0, 1, 16, 4], "texture": "#2"},
				"west": {"uv": [1, 0, 4, 16], "rotation": 90, "texture": "#2"},
				"up": {"uv": [0, 0, 4.25, 5.5], "texture": "#2"},
				"down": {"uv": [0, 0, 16, 16], "texture": "#2"}
			}
		},
		{
			"name": "right",
			"from": [-9, -16, -2],
			"to": [8, -13, 20],
			"faces": {
				"north": {"uv": [0, 1, 16, 4], "texture": "#2"},
				"east": {"uv": [1, 0, 4, 16], "rotation": 90, "texture": "#2"},
				"south": {"uv": [0, 1, 16, 4], "texture": "#2"},
				"west": {"uv": [1, 0, 4, 16], "rotation": 90, "texture": "#2"},
				"up": {"uv": [0, 0, 4.25, 5.5], "texture": "#2"},
				"down": {"uv": [0, 0, 16, 16], "texture": "#2"}
			}
		},
		{
			"name": "left",
			"from": [18, -13, -0.75],
			"to": [22, 21, 3.25],
			"faces": {
				"north": {"uv": [0, 0, 16, 4], "rotation": 90, "texture": "#3"},
				"east": {"uv": [0, 0, 16, 4], "rotation": 90, "texture": "#3"},
				"south": {"uv": [0, 0, 16, 4], "rotation": 90, "texture": "#3"},
				"west": {"uv": [0, 0, 16, 4], "rotation": 90, "texture": "#3"},
				"up": {"uv": [0, 0, 16, 4], "rotation": 90, "texture": "#3"},
				"down": {"uv": [0, 0, 16, 4], "rotation": 90, "texture": "#3"}
			}
		},
		{
			"name": "right",
			"from": [-6, -13, -0.75],
			"to": [-2, 21, 3.25],
			"faces": {
				"north": {"uv": [0, 0, 16, 4], "rotation": 90, "texture": "#3"},
				"east": {"uv": [0, 0, 16, 4], "rotation": 90, "texture": "#3"},
				"south": {"uv": [0, 0, 16, 4], "rotation": 90, "texture": "#3"},
				"west": {"uv": [0, 0, 16, 4], "rotation": 90, "texture": "#3"},
				"up": {"uv": [0, 0, 16, 4], "rotation": 90, "texture": "#3"},
				"down": {"uv": [0, 0, 16, 4], "rotation": 90, "texture": "#3"}
			}
		},
		{
			"name": "top",
			"from": [-6, 21, -0.75],
			"to": [22, 25, 3.25],
			"faces": {
				"north": {"uv": [0, 0, 16, 4], "rotation": 90, "texture": "#3"},
				"east": {"uv": [0, 0, 16, 4], "rotation": 90, "texture": "#3"},
				"south": {"uv": [0, 0, 16, 4], "rotation": 90, "texture": "#3"},
				"west": {"uv": [0, 0, 16, 4], "rotation": 90, "texture": "#3"},
				"down": {"uv": [0, 0, 16, 4], "rotation": 90, "texture": "#3"}
			}
		},
		{
			"from": [-5.5, -13, 0],
			"to": [10.5, 3, 16],
			"faces": {
				"north": {"uv": [0, 0, 16, 16], "texture": "#5"},
				"west": {"uv": [0, 0, 16, 16], "texture": "#5"}
			}
		},
		{
			"from": [-5.5, -13, 16],
			"to": [10.5, 3, 19],
			"faces": {
				"south": {"uv": [0, 0, 16, 16], "texture": "#5"},
				"west": {"uv": [0, 0, 3, 16], "texture": "#5"}
			}
		},
		{
			"from": [-5.5, 3, 16],
			"to": [10.5, 19, 19],
			"faces": {
				"south": {"uv": [0, 0, 16, 16], "texture": "#5"},
				"west": {"uv": [0, 0, 3, 16], "texture": "#5"}
			}
		},
		{
			"from": [-5.5, 19, 16],
			"to": [10.5, 24, 19],
			"faces": {
				"south": {"uv": [0, 11, 16, 16], "texture": "#5"},
				"west": {"uv": [0, 11, 3, 16], "texture": "#5"},
				"up": {"uv": [0, 0, 16, 3], "texture": "#5"}
			}
		},
		{
			"from": [10.5, 19, 16],
			"to": [21.5, 24, 19],
			"faces": {
				"east": {"uv": [0, 11, 3, 16], "texture": "#5"},
				"south": {"uv": [0, 11, 11, 16], "texture": "#5"},
				"up": {"uv": [0, 0, 16, 3], "texture": "#5"}
			}
		},
		{
			"from": [10.5, -13, 16],
			"to": [21.5, 3, 19],
			"faces": {
				"east": {"uv": [0, 0, 3, 16], "texture": "#5"},
				"south": {"uv": [0, 0, 11, 16], "texture": "#5"}
			}
		},
		{
			"from": [10.5, 3, 16],
			"to": [21.5, 19, 19],
			"faces": {
				"east": {"uv": [0, 0, 3, 16], "texture": "#5"},
				"south": {"uv": [0, 0, 11, 16], "texture": "#5"}
			}
		},
		{
			"from": [-5.5, 3, 0],
			"to": [10.5, 19, 16],
			"faces": {
				"north": {"uv": [0, 0, 16, 16], "texture": "#5"},
				"west": {"uv": [0, 0, 16, 16], "texture": "#5"}
			}
		},
		{
			"from": [10.5, 3, 0],
			"to": [21.5, 19, 16],
			"faces": {
				"north": {"uv": [5, 0, 16, 16], "texture": "#5"},
				"east": {"uv": [0, 0, 16, 16], "texture": "#5"}
			}
		},
		{
			"from": [10.5, 19, 0],
			"to": [21.5, 24, 16],
			"faces": {
				"north": {"uv": [0, 11, 11, 16], "texture": "#5"},
				"east": {"uv": [0, 11, 16, 16], "texture": "#5"},
				"up": {"uv": [0, 0, 11, 16], "texture": "#5"}
			}
		},
		{
			"from": [-5.5, 19, 0],
			"to": [10.5, 24, 16],
			"faces": {
				"north": {"uv": [0, 11, 11, 16], "texture": "#5"},
				"west": {"uv": [0, 11, 16, 16], "texture": "#5"},
				"up": {"uv": [0, 0, 11, 16], "texture": "#5"}
			}
		},
		{
			"from": [10.5, -13, 0],
			"to": [21.5, 3, 16],
			"faces": {
				"north": {"uv": [5, 0, 16, 16], "texture": "#5"},
				"east": {"uv": [0, 0, 16, 16], "texture": "#5"}
			}
		},
		{
			"from": [21, 19, -1],
			"to": [24, 24, 4],
			"faces": {
				"north": {"uv": [13, 0, 16, 5], "rotation": 180, "texture": "#4"},
				"east": {"uv": [0, 15, 5, 16], "rotation": 90, "texture": "#4"},
				"south": {"uv": [0, 0, 3, 5], "rotation": 180, "texture": "#4"},
				"west": {"uv": [0, 15, 5, 16], "rotation": 90, "texture": "#4"},
				"up": {"uv": [0, 15, 5, 16], "rotation": 270, "texture": "#4"},
				"down": {"uv": [0, 15, 5, 16], "rotation": 270, "texture": "#4"}
			}
		},
		{
			"from": [-8, -13, -1],
			"to": [-5, 3, 4],
			"faces": {
				"north": {"uv": [0, 0, 16, 3], "rotation": 90, "texture": "#4"},
				"east": {"uv": [0, 15, 16, 16], "rotation": 90, "texture": "#4"},
				"south": {"uv": [0, 0, 16, 3], "rotation": 270, "texture": "#4"},
				"west": {"uv": [0, 15, 16, 16], "rotation": 90, "texture": "#4"},
				"up": {"uv": [0, 13, 5, 16], "rotation": 90, "texture": "#4"},
				"down": {"uv": [0, 15, 5, 16], "rotation": 90, "texture": "#4"}
			}
		},
		{
			"from": [21, -13, -1],
			"to": [24, 3, 4],
			"rotation": {"angle": 0, "axis": "y", "origin": [16.5, 3, 1.5]},
			"faces": {
				"north": {"uv": [0, 0, 16, 3], "rotation": 270, "texture": "#4"},
				"east": {"uv": [0, 15, 16, 16], "rotation": 90, "texture": "#4"},
				"south": {"uv": [0, 0, 16, 3], "rotation": 90, "texture": "#4"},
				"west": {"uv": [0, 15, 16, 16], "rotation": 90, "texture": "#4"},
				"up": {"uv": [0, 13, 5, 16], "rotation": 270, "texture": "#4"},
				"down": {"uv": [0, 15, 5, 16], "rotation": 270, "texture": "#4"}
			}
		},
		{
			"from": [-8, 3, -1],
			"to": [-5, 19, 4],
			"faces": {
				"north": {"uv": [0, 0, 16, 3], "rotation": 90, "texture": "#4"},
				"east": {"uv": [0, 15, 16, 16], "rotation": 90, "texture": "#4"},
				"south": {"uv": [0, 0, 16, 3], "rotation": 270, "texture": "#4"},
				"west": {"uv": [0, 15, 16, 16], "rotation": 90, "texture": "#4"},
				"up": {"uv": [0, 13, 5, 16], "rotation": 90, "texture": "#4"},
				"down": {"uv": [0, 15, 5, 16], "rotation": 90, "texture": "#4"}
			}
		},
		{
			"from": [21, 3, -1],
			"to": [24, 19, 4],
			"rotation": {"angle": 0, "axis": "y", "origin": [16.5, 3, 1.5]},
			"faces": {
				"north": {"uv": [0, 0, 16, 3], "rotation": 270, "texture": "#4"},
				"east": {"uv": [0, 15, 16, 16], "rotation": 90, "texture": "#4"},
				"south": {"uv": [0, 0, 16, 3], "rotation": 90, "texture": "#4"},
				"west": {"uv": [0, 15, 16, 16], "rotation": 90, "texture": "#4"},
				"up": {"uv": [0, 13, 5, 16], "rotation": 270, "texture": "#4"},
				"down": {"uv": [0, 15, 5, 16], "rotation": 270, "texture": "#4"}
			}
		},
		{
			"from": [-8, 24, -1],
			"to": [8, 27, 4],
			"faces": {
				"north": {"uv": [0, 0, 16, 3], "texture": "#4"},
				"east": {"uv": [0, 13, 5, 16], "rotation": 180, "texture": "#4"},
				"south": {"uv": [0, 0, 16, 3], "texture": "#4"},
				"west": {"uv": [0, 15, 5, 16], "rotation": 90, "texture": "#4"},
				"up": {"uv": [0, 15, 16, 16], "rotation": 180, "texture": "#4"},
				"down": {"uv": [0, 15, 16, 16], "rotation": 180, "texture": "#4"}
			}
		},
		{
			"from": [8, 24, -1],
			"to": [24, 27, 4],
			"faces": {
				"north": {"uv": [0, 0, 16, 3], "texture": "#4"},
				"east": {"uv": [0, 15, 5, 16], "rotation": 90, "texture": "#4"},
				"south": {"uv": [0, 0, 16, 3], "texture": "#4"},
				"west": {"uv": [0, 15, 5, 16], "rotation": 180, "texture": "#4"},
				"up": {"uv": [0, 15, 16, 16], "rotation": 180, "texture": "#4"},
				"down": {"uv": [0, 15, 16, 16], "rotation": 180, "texture": "#4"}
			}
		},
		{
			"from": [-8, 19, -1],
			"to": [-5, 24, 4],
			"faces": {
				"north": {"uv": [13, 11, 16, 16], "texture": "#4"},
				"east": {"uv": [0, 15, 5, 16], "rotation": 90, "texture": "#4"},
				"south": {"uv": [11, 13, 16, 16], "rotation": 90, "texture": "#4"},
				"west": {"uv": [0, 15, 5, 16], "rotation": 90, "texture": "#4"},
				"up": {"uv": [0, 15, 5, 16], "rotation": 90, "texture": "#4"},
				"down": {"uv": [0, 15, 5, 16], "rotation": 90, "texture": "#4"}
			}
		},
		{
			"from": [6, 9, -1.25],
			"to": [7, 10, -0.25],
			"faces": {
				"north": {"uv": [9.75, 13.75, 10, 14], "texture": "#6"},
				"east": {"uv": [9.75, 13.75, 10, 14], "texture": "#6"},
				"south": {"uv": [9.75, 13.75, 10, 14], "texture": "#6"},
				"west": {"uv": [9.75, 13.75, 10, 14], "texture": "#6"},
				"up": {"uv": [9.75, 13.75, 10, 14], "texture": "#6"},
				"down": {"uv": [9.75, 13.75, 10, 14], "texture": "#6"}
			}
		},
		{
			"from": [9, 9, -1.25],
			"to": [10, 10, -0.25],
			"faces": {
				"north": {"uv": [9.75, 13.75, 10, 14], "texture": "#6"},
				"east": {"uv": [9.75, 13.75, 10, 14], "texture": "#6"},
				"south": {"uv": [9.75, 13.75, 10, 14], "texture": "#6"},
				"west": {"uv": [9.75, 13.75, 10, 14], "texture": "#6"},
				"up": {"uv": [9.75, 13.75, 10, 14], "texture": "#6"},
				"down": {"uv": [9.75, 13.75, 10, 14], "texture": "#6"}
			}
		},
		{
			"from": [9, 11, -1.25],
			"to": [10, 12, -0.25],
			"faces": {
				"north": {"uv": [9.75, 13.75, 10, 14], "texture": "#6"},
				"east": {"uv": [9.75, 13.75, 10, 14], "texture": "#6"},
				"south": {"uv": [9.75, 13.75, 10, 14], "texture": "#6"},
				"west": {"uv": [9.75, 13.75, 10, 14], "texture": "#6"},
				"up": {"uv": [9.75, 13.75, 10, 14], "texture": "#6"},
				"down": {"uv": [9.75, 13.75, 10, 14], "texture": "#6"}
			}
		},
		{
			"from": [6, 11, -1.25],
			"to": [7, 12, -0.25],
			"faces": {
				"north": {"uv": [9.75, 13.75, 10, 14], "texture": "#6"},
				"east": {"uv": [9.75, 13.75, 10, 14], "texture": "#6"},
				"south": {"uv": [9.75, 13.75, 10, 14], "texture": "#6"},
				"west": {"uv": [9.75, 13.75, 10, 14], "texture": "#6"},
				"up": {"uv": [9.75, 13.75, 10, 14], "texture": "#6"},
				"down": {"uv": [9.75, 13.75, 10, 14], "texture": "#6"}
			}
		},
		{
			"from": [6, 13, -1.25],
			"to": [7, 14, -0.25],
			"faces": {
				"north": {"uv": [9.75, 13.75, 10, 14], "texture": "#6"},
				"east": {"uv": [9.75, 13.75, 10, 14], "texture": "#6"},
				"south": {"uv": [9.75, 13.75, 10, 14], "texture": "#6"},
				"west": {"uv": [9.75, 13.75, 10, 14], "texture": "#6"},
				"up": {"uv": [9.75, 13.75, 10, 14], "texture": "#6"},
				"down": {"uv": [9.75, 13.75, 10, 14], "texture": "#6"}
			}
		},
		{
			"from": [9, 13, -1.25],
			"to": [10, 14, -0.25],
			"faces": {
				"north": {"uv": [9.75, 13.75, 10, 14], "texture": "#6"},
				"east": {"uv": [9.75, 13.75, 10, 14], "texture": "#6"},
				"south": {"uv": [9.75, 13.75, 10, 14], "texture": "#6"},
				"west": {"uv": [9.75, 13.75, 10, 14], "texture": "#6"},
				"up": {"uv": [9.75, 13.75, 10, 14], "texture": "#6"},
				"down": {"uv": [9.75, 13.75, 10, 14], "texture": "#6"}
			}
		},
		{
			"name": "right",
			"from": [-3.5, 7, -0.3],
			"to": [12.5, 10, 0.7],
			"faces": {
				"north": {"uv": [0, 2, 16, 5], "texture": "#8"},
				"east": {"uv": [15, 0, 16, 3], "texture": "#8"},
				"south": {"uv": [0, 10, 16, 13], "texture": "#8"},
				"west": {"uv": [15, 4, 16, 7], "texture": "#8"},
				"up": {"uv": [0, 15, 16, 16], "texture": "#8"},
				"down": {"uv": [0, 0, 16, 1], "texture": "#8"}
			}
		},
		{
			"name": "left",
			"from": [12.5, 7, -0.3],
			"to": [18.5, 10, 0.7],
			"faces": {
				"north": {"uv": [0, 2, 6, 5], "texture": "#8"},
				"east": {"uv": [15, 0, 16, 3], "texture": "#8"},
				"south": {"uv": [0, 10, 6, 13], "texture": "#8"},
				"west": {"uv": [15, 4, 16, 7], "texture": "#8"},
				"up": {"uv": [0, 15, 16, 16], "texture": "#8"},
				"down": {"uv": [0, 0, 6, 1], "texture": "#8"}
			}
		}
	],
	"display": {
		"thirdperson_righthand": {
			"rotation": [50, 0, 0],
			"translation": [0, 0, 1.25],
			"scale": [0.2, 0.2, 0.2]
		},
		"thirdperson_lefthand": {
			"rotation": [50, 0, 0],
			"translation": [0, 0, 1.25],
			"scale": [0.2, 0.2, 0.2]
		},
		"firstperson_righthand": {
			"rotation": [0, 118, 0],
			"translation": [0.75, 3, 0],
			"scale": [0.2, 0.2, 0.2]
		},
		"firstperson_lefthand": {
			"rotation": [0, 118, 0],
			"translation": [0.75, 3, 0],
			"scale": [0.2, 0.2, 0.2]
		},
		"ground": {
			"scale": [0.2, 0.2, 0.2]
		},
		"gui": {
			"rotation": [25, 144, 0],
			"translation": [-0.25, 1, 0],
			"scale": [0.28, 0.28, 0.28]
		},
		"head": {
			"translation": [0, -18.25, 0]
		},
		"fixed": {
			"translation": [0, 0.5, 0],
			"scale": [0.41, 0.41, 0.41]
		}
	},
	"groups": [0, 1, 2, 3, 4,
		{
			"name": "base",
			"origin": [0, 0, 0],
			"children": [5, 6]
		},
		{
			"name": "pink_outline",
			"origin": [0, 0, 0],
			"children": [7, 8, 9]
		},
		{
			"name": "jukebox-wood",
			"origin": [0, 0, 0],
			"children": [10, 11, 12, 13, 14, 15, 16, 17, 18, 19, 20, 21]
		},
		{
			"name": "diamond_outline",
			"origin": [0, 0, 0],
			"children": [22, 23, 24, 25, 26, 27, 28, 29]
		},
		{
			"name": "red_buttons",
			"origin": [0, 0, 0],
			"children": [30, 31, 32, 33, 34, 35]
		},
		{
			"name": "birch_panel",
			"origin": [0, 0, 0],
			"children": [36, 37]
		}
	]
}