{
  "type": "block",
  "pools": [
    {
      "rolls": 1,
      "entries": [
        {
          "type": "item",
          "weight": 90,
          "name": "minecraft:sugar_cane",
          "functions": [
            {
              "function": "set_count",
              "count": 1
            }
          ]
        },
        {
          "type": "item",
          "weight": 10,
          "name": "minecraft:firework_star",
          "functions": [
            {
              "function": "set_count",
              "count": 1
            },
            {
              "function": "set_nbt",
              "tag": "{display:{Name:'{\"text\":\"Cinnamon Sticks\"}'},CustomModelData:13,CinnamonSticks:1,Ground:0}"
            }
          ]
        }
      ]
    }
  ]
}