{
    "display": {
        "title": {
            "text": "Freeplay Unlocked",
            "color": "aqua"
        },
        "description": {
            "text": "Discover the Secret Lego Star Wars Easter Egg",
            "color": "yellow"
        },
        "icon": {
            "item": "minecraft:shulker_spawn_egg",
            "nbt": "{CustomModelData:3}"
        },
        "frame": "task",
        "show_toast": true,
        "announce_to_chat": true,
        "hidden": true
    },
    "criteria": {
        "obtainJukeboxLego": {
            "trigger": "minecraft:impossible"
        }
    },
    "rewards": {
        "experience": 20
    },
    "parent": "creativity-plus:adventures"
}