{
    "display": {
        "title": {
            "text": "Live Hard, Die Hard",
            "color": "aqua"
        },
        "description": {
            "text": "Craft a Pistol",
            "color": "yellow"
        },
        "icon": {
            "item": "minecraft:carrot_on_a_stick",
            "nbt": "{CustomModelData:1}"
        },
        "frame": "task",
        "show_toast": true,
        "announce_to_chat": true,
        "hidden": true
    },
    "criteria": {
        "getPistol": {
            "trigger": "minecraft:inventory_changed",
            "conditions": {
                "items": [
                    {
                        "item": "minecraft:carrot_on_a_stick",
                        "nbt": "{display:{Name:'{\"text\":\"Pistol\"}',Lore:['[{\"text\":\"Reload Speed:\",\"color\":\"gray\"},{\"text\":\" 2 Ticks\",\"color\":\"green\"}]','[{\"text\":\"Enemy Damage:\",\"color\":\"gray\"},{\"text\":\" 3 1/2 HP\",\"color\":\"yellow\"}]','[{\"text\":\"Recoil:\",\"color\":\"gray\"},{\"text\":\" 0.1 Blocks\",\"color\":\"green\"}]','[{\"text\":\"Recoil Damage:\",\"color\":\"gray\"},{\"text\":\" 0 HP\",\"color\":\"dark_green\"}]','{\"text\":\" \"}','{\"text\":\"*Doesn\\'t Damage Undead Mobs :(\",\"color\":\"red\"}']},CustomModelData:1,isPistol:1,isGun:1}",
                        "count": {
                            "min": 1,
                            "max": 1
                        }
                    }
                ]
            }
        }
    },
    "rewards": {
        "experience": 10
    },
    "parent": "creativity-plus:tools"
}