{
    "display": {
        "title": {
            "text": "Elon Musk",
            "color": "aqua"
        },
        "description": {
            "text": "It looks like Elon Musk isn't just launching rockets into space...",
            "color": "yellow"
        },
        "icon": {
            "item": "minecraft:carrot_on_a_stick",
            "nbt": "{CustomModelData:6}"
        },
        "frame": "task",
        "show_toast": true,
        "announce_to_chat": true,
        "hidden": true
    },
    "criteria": {
        "getRocketLauncher": {
            "trigger": "minecraft:inventory_changed",
            "conditions": {
                "items": [
                    {
                        "item": "minecraft:carrot_on_a_stick",
                        "nbt": "{display:{Name:'{\"text\":\"Rocket Launcher\"}',Lore:['[{\"text\":\"Reload Speed:\",\"color\":\"gray\"},{\"text\":\" 60 Ticks\",\"color\":\"dark_red\"}]','[{\"text\":\"Enemy Damage:\",\"color\":\"gray\"},{\"text\":\" 50 HP\",\"color\":\"aqua\"}]','[{\"text\":\"Recoil:\",\"color\":\"gray\"},{\"text\":\" 5 Blocks\",\"color\":\"red\"}]','[{\"text\":\"Recoil Damage:\",\"color\":\"gray\"},{\"text\":\" 2 HP\",\"color\":\"red\"}]','{\"text\":\" \"}','{\"text\":\"*Doesn\\'t Damage Undead Mobs :(\",\"color\":\"red\"}']},CustomModelData:6,isRocketLauncher:1,isGun:1}",
                        "count": {
                            "min": 1,
                            "max": 1
                        }
                    }
                ]
            }
        }
    },
    "parent": "creativity-plus:pistol"
}