{
    "display": {
        "title": {
            "text": "I Call Shotgun!",
            "color": "aqua"
        },
        "description": {
            "text": "Craft a Shotgun",
            "color": "yellow"
        },
        "icon": {
            "item": "minecraft:carrot_on_a_stick",
            "nbt": "{CustomModelData:4}"
        },
        "frame": "task",
        "show_toast": true,
        "announce_to_chat": true,
        "hidden": true
    },
    "criteria": {
        "getShotGun": {
            "trigger": "minecraft:inventory_changed",
            "conditions": {
                "items": [
                    {
                        "item": "minecraft:carrot_on_a_stick",
                        "nbt": "{display:{Name:'{\"text\":\"Shotgun\"}',Lore:['[{\"text\":\"Reload Speed:\",\"color\":\"gray\"},{\"text\":\" 5 Ticks\",\"color\":\"gold\"}]','[{\"text\":\"Enemy Damage:\",\"color\":\"gray\"},{\"text\":\" 5 HP\",\"color\":\"yellow\"}]','[{\"text\":\"Recoil:\",\"color\":\"gray\"},{\"text\":\" 2 Blocks\",\"color\":\"red\"}]','[{\"text\":\"Recoil Damage:\",\"color\":\"gray\"},{\"text\":\" 1 HP\",\"color\":\"yellow\"}]','{\"text\":\" \"}','{\"text\":\"*Doesn\\'t Damage Undead Mobs :(\",\"color\":\"red\"}']},CustomModelData:4,isShotGun:1,isGun:1}",
                        "count": {
                            "min": 1,
                            "max": 1
                        }
                    }
                ]
            }
        }
    },
    "parent": "creativity-plus:pistol"
}