{
	"texture_size": [64, 64],
	"textures": {
		"0": "painting/johnathan",
		"1": "painting/back",
		"particle": "painting/johnathan"
	},
	"elements": [
		{
			"from": [-16, -16, 7.5],
			"to": [32, 32, 8.5],
			"faces": {
				"north": {"uv": [0, 0, 16, 16], "texture": "#0"},
				"east": {"uv": [0, 0, 0.25, 16], "texture": "#0"},
				"south": {"uv": [0, 0, 16, 16], "texture": "#1"},
				"west": {"uv": [0, 0, 0.25, 16], "texture": "#0"},
				"up": {"uv": [0, 0, 0.25, 16], "texture": "#0"},
				"down": {"uv": [0, 0, 0.25, 16], "texture": "#0"}
			}
		}
	],
	"display": {
		"firstperson_righthand": {
			"rotation": [0, 152, 0],
			"translation": [0, 2.75, 0],
			"scale": [0.14, 0.14, 0.14]
		},
		"firstperson_lefthand": {
			"rotation": [0, 152, 0],
			"translation": [0, 2.75, 0],
			"scale": [0.14, 0.14, 0.14]
		},
		"ground": {
			"translation": [0, 2.75, 0],
			"scale": [0.25, 0.25, 0.25]
		},
		"gui": {
			"rotation": [0, -180, 0],
			"scale": [0.29, 0.29, 0.29]
		},
		"head": {
			"translation": [-1.5, -13.5, -9],
			"scale": [4, 4, 4]
		},
		"fixed": {
			"translation": [-16, 16, 0],
			"scale": [2.68, 2.68, 2.68]
		}
	}
}