{
  "parent": "minecraft:item/handheld_rod",
  "textures": {
    "layer0": "minecraft:item/carrot_on_a_stick"
  },
	
	"overrides": [
		{"predicate": {"custom_model_data":1}, "model": "item/pistol"},
    {"predicate": {"custom_model_data":2}, "model": "item/machine_gun"},
    {"predicate": {"custom_model_data":3}, "model": "item/sniper"},
    {"predicate": {"custom_model_data":4}, "model": "item/shotgun"},
    {"predicate": {"custom_model_data":5}, "model": "item/mini_gun"},
    {"predicate": {"custom_model_data":6}, "model": "item/rocket_launcher"},
    {"predicate": {"custom_model_data":7}, "model": "item/flamethrower"},
    {"predicate": {"custom_model_data":8}, "model": "item/wooden_spear"},
    {"predicate": {"custom_model_data":9}, "model": "item/stone_spear"},
    {"predicate": {"custom_model_data":10}, "model": "item/iron_spear"},
    {"predicate": {"custom_model_data":11}, "model": "item/golden_spear"},
    {"predicate": {"custom_model_data":12}, "model": "item/diamond_spear"},
    {"predicate": {"custom_model_data":13}, "model": "item/netherite_spear"}
	]
}