{
  "parent": "minecraft:item/handheld",
  "textures": {
    "layer0": "minecraft:item/diamond_hoe"
    },
	
	"overrides": [
		{"predicate": {"custom_model_data":1}, "model": "item/red_power_sicle"},
		{"predicate": {"custom_model_data":2}, "model": "item/green_power_sicle"},
		{"predicate": {"custom_model_data":3}, "model": "item/pink_power_sicle"},
		{"predicate": {"custom_model_data":4}, "model": "item/purple_power_sicle"},
		{"predicate": {"custom_model_data":5}, "model": "item/dark_power_sicle"}
	]
}