{
    "parent": "item/generated",
    "textures": {
        "layer0": "item/firework_star",
        "layer1": "item/firework_star_overlay"
    },
	
	"overrides": [
		{"predicate": {"custom_model_data":1}, "model": "item/creativity"},
		{"predicate": {"custom_model_data":2}, "model": "item/coin"},
		{"predicate": {"custom_model_data":3}, "model": "item/creat"},
		{"predicate": {"custom_model_data":4}, "model": "item/creat_sack"},
		{"predicate": {"custom_model_data":5}, "model": "item/flour"},
		{"predicate": {"custom_model_data":6}, "model": "item/dough"},
		{"predicate": {"custom_model_data":7}, "model": "item/cheese_truckle"},
		{"predicate": {"custom_model_data":8}, "model": "item/tomato_sauce_bucket"},
		{"predicate": {"custom_model_data":9}, "model": "misc/flash"},
		{"predicate": {"custom_model_data":10}, "model": "entity/ghost"},
		{"predicate": {"custom_model_data":11}, "model": "item/bullet"},
		{"predicate": {"custom_model_data":12}, "model": "item/cinnamon"},
		{"predicate": {"custom_model_data":13}, "model": "item/cinnamon_sticks"},
		{"predicate": {"custom_model_data":14}, "model": "item/drink"},
		{"predicate": {"custom_model_data":15}, "model": "item/food"},
		{"predicate": {"custom_model_data":16}, "model": "item/mob"},
		{"predicate": {"custom_model_data":17}, "model": "item/tool"},
		{"predicate": {"custom_model_data":18}, "model": "item/clothing"},
		{"predicate": {"custom_model_data":19}, "model": "misc/generic"},
		{"predicate": {"custom_model_data":20}, "model": "misc/generic_open"},
		{"predicate": {"custom_model_data":21}, "model": "misc/morph"},
		{"predicate": {"custom_model_data":22}, "model": "entity/biden/biden-walk"},
		{"predicate": {"custom_model_data":23}, "model": "entity/biden/biden-still"},
		{"predicate": {"custom_model_data":24}, "model": "entity/trump/trump-walk"},
		{"predicate": {"custom_model_data":25}, "model": "entity/trump/trump-still"},
		{"predicate": {"custom_model_data":26}, "model": "entity/ender_dog/ender_dog-still"},
		{"predicate": {"custom_model_data":27}, "model": "entity/ender_dog/ender_dog-walking"},
		{"predicate": {"custom_model_data":28}, "model": "entity/ender_dog/ender_dog-sit"},
		{"predicate": {"custom_model_data":29}, "model": "item/walking_stick"},
		{"predicate": {"custom_model_data":30}, "model": "painting/matthew-torn"},
		{"predicate": {"custom_model_data":31}, "model": "misc/bookshelf_face"},
		{"predicate": {"custom_model_data":32}, "model": "entity/consumed/consumed-walk"},
		{"predicate": {"custom_model_data":33}, "model": "entity/consumed/consumed-still"},
		{"predicate": {"custom_model_data":34}, "model": "entity/john/john-walk"},
		{"predicate": {"custom_model_data":35}, "model": "entity/john/john-still"},
		{"predicate": {"custom_model_data":36}, "model": "entity/matt/matt-walk"},
		{"predicate": {"custom_model_data":37}, "model": "entity/matt/matt-still"},
		{"predicate": {"custom_model_data":38}, "model": "painting/matthew"},
		{"predicate": {"custom_model_data":39}, "model": "painting/johnathan"},
		{"predicate": {"custom_model_data":40}, "model": "environment/earth/earth"},
		{"predicate": {"custom_model_data":41}, "model": "environment/sun_1"},
		{"predicate": {"custom_model_data":42}, "model": "misc/villager_sleep"},
		{"predicate": {"custom_model_data":43}, "model": "entity/villager/villager_ancient"},
		{"predicate": {"custom_model_data":44}, "model": "entity/villager/king"},
		{"predicate": {"custom_model_data":45}, "model": "entity/otter/adult"},
		{"predicate": {"custom_model_data":46}, "model": "entity/otter/adult-stand"},
		{"predicate": {"custom_model_data":47}, "model": "entity/otter/adult-up"},
		{"predicate": {"custom_model_data":48}, "model": "entity/otter/adult-swim"},
		{"predicate": {"custom_model_data":49}, "model": "entity/otter/adult-walk"}
	]
}