{
  "parent": "minecraft:item/template_spawn_egg",
  "note": "IMPORTANT: TO MAKE EGGS MATCH THE DESIRED APPEARANCE, OPEN PAINT.NET AND CHANGE THE BRIGHTNESS FROM -12 TO -16 POINTS!",

  "overrides": [
  {"predicate": {"custom_model_data":1}, "model": "item/mannequin_spawn_egg"},
  {"predicate": {"custom_model_data":2}, "model": "item/consumed_spawn_egg"},
  {"predicate": {"custom_model_data":3}, "model": "item/king_villager_spawn_egg"},
  {"predicate": {"custom_model_data":4}, "model": "item/ancient_spawn_egg"},
  {"predicate": {"custom_model_data":5}, "model": "item/otter_spawn_egg"}
]
}