{
	"credit": "Made with Blockbench",
	"textures": {
		"0": "entity/shulker/shulker_red",
		"particle": "entity/shulker/shulker_red"
	},
	"elements": [
		{
			"from": [0, 0, 0],
			"to": [16, 16, 16],
			"faces": {
				"north": {"uv": [4, 0, 8, 4], "texture": "#0"},
				"east": {"uv": [4, 0, 8, 4], "texture": "#0"},
				"south": {"uv": [4, 0, 8, 4], "texture": "#0"},
				"west": {"uv": [4, 0, 8, 4], "texture": "#0"},
				"up": {"uv": [4, 0, 8, 4], "texture": "#0"},
				"down": {"uv": [4, 0, 8, 4], "texture": "#0"}
			}
		}
	],
	"display": {
		"thirdperson_righthand": {
			"rotation": [75, 45, 0],
			"translation": [0, 2.5, 0],
			"scale": [0.375, 0.375, 0.375]
		},
		"thirdperson_lefthand": {
			"rotation": [75, 45, 0],
			"translation": [0, 2.5, 0],
			"scale": [0.375, 0.375, 0.375]
		},
		"firstperson_righthand": {
			"rotation": [57, -47, 0],
			"scale": [0.375, 0.375, 0.375]
		},
		"firstperson_lefthand": {
			"rotation": [57, -47, 0],
			"scale": [0.375, 0.375, 0.375]
		},
		"ground": {
			"rotation": [55, 135, 0],
			"translation": [0, 1.75, 0],
			"scale": [0.375, 0.375, 0.375]
		},
		"gui": {
			"rotation": [35, 45, 0],
			"scale": [0.6, 0.6, 0.6]
		}
	}
}