{
	"textures": {
		"1": "block/observer_side",
		"2": "block/observer_front",
		"3": "block/netherite_block",
		"particle": "block/observer_back_on"
	},
	"elements": [
		{
			"from": [7.25, 0, 12],
			"to": [8.75, 7, 14],
			"rotation": {"angle": 0, "axis": "y", "origin": [0, 0, 3]},
			"faces": {
				"north": {"uv": [13.032, 0.032, 14.968, 6.968], "texture": "#1"},
				"east": {"uv": [13.032, 0.032, 14.968, 6.968], "texture": "#1"},
				"south": {"uv": [13.032, 0.032, 14.968, 6.968], "texture": "#1"},
				"west": {"uv": [13.032, 0.032, 14.968, 6.968], "texture": "#1"},
				"up": {"uv": [14.032, 3.032, 15.968, 4.968], "texture": "#1"},
				"down": {"uv": [14.032, 3.032, 15.968, 4.968], "texture": "#1"}
			}
		},
		{
			"from": [6, 5, -1],
			"to": [10, 10, 18],
			"rotation": {"angle": 0, "axis": "y", "origin": [0, 0, 3]},
			"faces": {
				"north": {"uv": [0, 15, 9, 16], "rotation": 90, "texture": "#3"},
				"east": {"uv": [0, 11, 16, 16], "texture": "#3"},
				"south": {"uv": [0, 15, 8, 16], "rotation": 90, "texture": "#3"},
				"west": {"uv": [0, 11, 16, 16], "texture": "#3"},
				"up": {"uv": [0, 5, 16, 10], "rotation": 90, "texture": "#3"},
				"down": {"uv": [0, 15, 16, 16], "rotation": 90, "texture": "#3"}
			}
		},
		{
			"from": [7, 6.5, -14],
			"to": [9, 8.5, -1],
			"rotation": {"angle": 0, "axis": "y", "origin": [0, 0, 3]},
			"faces": {
				"north": {"uv": [8.032, 3.032, 9.968, 4.968], "texture": "#1"},
				"east": {"uv": [1.032, 5.032, 9.968, 6.968], "texture": "#1"},
				"south": {"uv": [1.032, 5.032, 9.968, 6.968], "texture": "#1"},
				"west": {"uv": [1.032, 5.032, 9.968, 6.968], "texture": "#1"},
				"up": {"uv": [1.032, 5.032, 9.968, 6.968], "rotation": 90, "texture": "#1"},
				"down": {"uv": [1.032, 5.032, 9.968, 6.968], "rotation": 90, "texture": "#1"}
			}
		},
		{
			"from": [6, 5.5, -12],
			"to": [10, 9.5, -3],
			"rotation": {"angle": 0, "axis": "y", "origin": [0, 0, 3]},
			"faces": {
				"north": {"uv": [8.032, 3.032, 9.968, 4.968], "texture": "#1"},
				"east": {"uv": [1.032, 5.032, 9.968, 6.968], "texture": "#1"},
				"south": {"uv": [1.032, 5.032, 9.968, 6.968], "texture": "#1"},
				"west": {"uv": [1.032, 5.032, 9.968, 6.968], "texture": "#1"},
				"up": {"uv": [1.032, 5.032, 9.968, 6.968], "rotation": 90, "texture": "#1"},
				"down": {"uv": [1.032, 5.032, 9.968, 6.968], "rotation": 90, "texture": "#1"}
			}
		},
		{
			"from": [7, 5, 19],
			"to": [9, 10, 26],
			"rotation": {"angle": 0, "axis": "y", "origin": [0, 0, 3]},
			"faces": {
				"north": {"uv": [0.032, 3.032, 4.968, 4.968], "rotation": 90, "texture": "#2"},
				"east": {"uv": [0.032, 8.032, 6.968, 12.968], "texture": "#3"},
				"south": {"uv": [0.032, 3.032, 4.968, 4.968], "rotation": 90, "texture": "#2"},
				"west": {"uv": [9.032, 8.032, 15.968, 12.968], "texture": "#3"},
				"up": {"uv": [0.032, 3.032, 4.968, 4.968], "rotation": 90, "texture": "#2"},
				"down": {"uv": [0.032, 0.032, 1.968, 6.968], "texture": "#3"}
			}
		},
		{
			"from": [7, 7, 18],
			"to": [9, 9, 19],
			"rotation": {"angle": 0, "axis": "y", "origin": [0, 0, 3]},
			"faces": {
				"north": {"uv": [5.032, 10.032, 5.968, 11.968], "texture": "#2"},
				"east": {"uv": [5.032, 10.032, 5.968, 11.968], "texture": "#2"},
				"south": {"uv": [5.032, 10.032, 5.968, 11.968], "texture": "#2"},
				"west": {"uv": [5.032, 10.032, 5.968, 11.968], "texture": "#2"},
				"up": {"uv": [5.032, 10.032, 5.968, 11.968], "rotation": 90, "texture": "#2"},
				"down": {"uv": [5.032, 10.032, 5.968, 11.968], "rotation": 90, "texture": "#2"}
			}
		},
		{
			"from": [7, 0, 11],
			"to": [9, 2, 15],
			"rotation": {"angle": -22.5, "axis": "x", "origin": [0, 0, 3]},
			"faces": {
				"north": {"uv": [4.032, 1.032, 5.968, 2.968], "texture": "#1"},
				"east": {"uv": [0.032, 1.032, 3.968, 2.968], "texture": "#1"},
				"south": {"uv": [0.032, 0.032, 1.968, 1.968], "texture": "#1"},
				"west": {"uv": [12.032, 1.032, 15.968, 2.968], "texture": "#1"},
				"up": {"uv": [0.032, 0.032, 1.968, 3.968], "texture": "#1"},
				"down": {"uv": [0.032, 0.032, 1.968, 3.968], "texture": "#1"}
			}
		}
	],
	"display": {
		"thirdperson_righthand": {
			"translation": [0, 2, -1],
			"scale": [0.54, 0.54, 0.54]
		},
		"thirdperson_lefthand": {
			"translation": [0, 2, -1],
			"scale": [0.54, 0.54, 0.54]
		},
		"firstperson_righthand": {
			"translation": [0, 3.75, 0]
		},
		"firstperson_lefthand": {
			"translation": [0, 3.75, 0]
		},
		"ground": {
			"rotation": [0, 0, 90],
			"translation": [-1.75, -1.25, 0],
			"scale": [1.18, 1.18, 1.18]
		},
		"gui": {
			"rotation": [83.25, 52.5, -83.25],
			"translation": [0.5, 0, 0],
			"scale": [0.55, 0.55, 0.55]
		},
		"head": {
			"translation": [0, 36.5, -20.5],
			"scale": [4, 4, 4]
		},
		"fixed": {
			"rotation": [88, 48, -88],
			"translation": [0.75, 1, -1]
		}
	}
}