{
	"textures": {
		"0": "block/observer_front",
		"1": "block/observer_side",
		"2": "block/observer_top",
		"4": "block/spruce_planks",
		"particle": "block/spruce_planks"
	},
	"elements": [
		{
			"from": [7.75, 3, 0],
			"to": [9.25, 4.5, 17],
			"faces": {
				"north": {"uv": [12, 3, 14, 5], "texture": "#0"},
				"east": {"uv": [0, 2, 16, 4], "texture": "#1"},
				"south": {"uv": [11, 3, 13, 5], "texture": "#1"},
				"west": {"uv": [0, 2, 16, 4], "texture": "#1"},
				"up": {"uv": [0, 1, 16, 3], "rotation": 90, "texture": "#1"},
				"down": {"uv": [0, 5, 16, 7], "rotation": 90, "texture": "#1"}
			}
		},
		{
			"from": [7.64, 2, 2],
			"to": [9.39, 3.5, 10],
			"faces": {
				"north": {"uv": [14, 2, 16, 4], "texture": "#4"},
				"east": {"uv": [3, 2, 11, 4], "texture": "#4"},
				"south": {"uv": [6, 14, 8, 16], "texture": "#4"},
				"west": {"uv": [3, 2, 11, 4], "texture": "#4"},
				"up": {"uv": [0, 0, 1.75, 8], "texture": "#4"},
				"down": {"uv": [7, 3, 8.75, 11], "texture": "#4"}
			}
		},
		{
			"from": [7.6, 7, 11],
			"to": [9.4, 10, 19],
			"rotation": {"angle": 22.5, "axis": "x", "origin": [0, 0, 0]},
			"faces": {
				"north": {"uv": [6, 4, 7.8, 7], "rotation": 180, "texture": "#4"},
				"east": {"uv": [0, 0, 5, 10], "rotation": 90, "texture": "#4"},
				"south": {"uv": [7, 7, 10, 11], "texture": "#4"},
				"west": {"uv": [0, 0, 5, 10], "rotation": 90, "texture": "#4"},
				"up": {"uv": [12, 1, 15, 11], "rotation": 180, "texture": "#4"},
				"down": {"uv": [0, 0, 1.8, 8], "rotation": 180, "texture": "#4"}
			}
		},
		{
			"from": [8, -1, 12],
			"to": [9, 4, 14],
			"faces": {
				"north": {"uv": [8, 4, 9, 9], "texture": "#2"},
				"east": {"uv": [14, 2, 16, 7], "rotation": 180, "texture": "#2"},
				"south": {"uv": [0, 0, 1, 5], "texture": "#2"},
				"west": {"uv": [14, 4, 16, 9], "texture": "#2"},
				"up": {"uv": [0, 0, 1, 2], "texture": "#2"},
				"down": {"uv": [15, 7, 16, 9], "texture": "#2"}
			}
		},
		{
			"from": [8.1, 9, 5],
			"to": [8.9, 11, 8],
			"rotation": {"angle": 45, "axis": "x", "origin": [0, 0, 0]},
			"faces": {
				"north": {"uv": [0, 0, 0.8, 2], "texture": "#0"},
				"east": {"uv": [10, 9, 13, 11], "texture": "#0"},
				"south": {"uv": [0, 0, 0.8, 2], "texture": "#0"},
				"west": {"uv": [11, 9, 14, 11], "texture": "#0"},
				"up": {"uv": [0, 0, 0.8, 3], "texture": "#0"},
				"down": {"uv": [3, 1, 3.8, 4], "texture": "#0"}
			}
		}
	],
	"display": {
		"thirdperson_righthand": {
			"translation": [-0.25, 5.5, -2.75],
			"scale": [0.87, 0.87, 0.87]
		},
		"thirdperson_lefthand": {
			"translation": [0.25, 5.5, -2.75],
			"scale": [0.87, 0.87, 0.87]
		},
		"firstperson_righthand": {
			"translation": [0, 6.5, -5]
		},
		"firstperson_lefthand": {
			"translation": [0, 6.5, -5]
		},
		"ground": {
			"rotation": [0, 0, 90],
			"translation": [-5.75, -4, -2]
		},
		"gui": {
			"rotation": [88, 51, -88],
			"translation": [1.25, 5.75, 0]
		},
		"head": {
			"translation": [-2, 41.25, -20],
			"scale": [4, 4, 4]
		},
		"fixed": {
			"rotation": [88, 55, -88],
			"translation": [1.25, 7.25, -0.5],
			"scale": [1.2, 1.2, 1.2]
		}
	}
}