{
    "music.dream": {
        "sounds": [
            "music/dream"
        ]
    },

    "item.gun.reload": {
        "sounds": [
            "item/gun/reload"
        ]
    },

    "item.gun.reload_big": {
        "sounds": [
            "item/gun/reload_big"
        ]
    },

    "item.minikit.pickup": {
        "sounds": [
            "item/minikit/pickup"
        ]
    },

    "music.cantina": {
        "sounds": [
            "music/cantina"
        ]
    },

    "entity.biden.speak": {
        "sounds": [
            "entity/biden/speak_1",
            "entity/biden/speak_2",
            "entity/biden/speak_3",
            "entity/biden/speak_4",
            "entity/biden/speak_5"
        ]
    },

    "entity.trump.speak": {
        "sounds": [
            "entity/trump/speak_0",
            "entity/trump/speak_1",
            "entity/trump/speak_2",
            "entity/trump/speak_3",
            "entity/trump/speak_4",
            "entity/trump/speak_5",
            "entity/trump/speak_6"
        ]
    },

    "credits.seth": {
        "sounds": [
            "credits/seth_bling"
        ]
    },

    "credits.load": {
        "sounds": [
            "credits/freeze"
        ]
    },

    "credits.music": {
        "sounds": [
            "credits/credits"
        ]
    },

    "entity.ender_wolf.ambient": {
        "sounds": [
            "entity/ender_dog/bark1",
            "entity/ender_dog/bark2",
            "entity/ender_dog/bark3",
            "entity/ender_dog/panting"
        ]
    },

    "entity.ender_wolf.hurt": {
        "sounds": [
            "entity/ender_dog/hurt1",
            "entity/ender_dog/hurt2",
            "entity/ender_dog/hurt3"
        ]
    },

    "entity.ender_wolf.whine": {
        "sounds": [
            "entity/ender_dog/whine"
        ]
    },

    "entity.ender_wolf.growl": {
        "sounds": [
            "entity/ender_dog/growl1",
            "entity/ender_dog/growl2",
            "entity/ender_dog/growl3"
        ]
    },

    "entity.ender_wolf.howl": {
        "sounds": [
            "entity/ender_dog/howl1"
        ]
    },

    "entity.ender_wolf.death": {
        "sounds": [
            "entity/ender_dog/death"
        ]
    },

    "entity.mannequin.ambient": {
        "sounds": [
            "entity/mannequin/ambient",
            "entity/mannequin/ambient_1",
            "entity/mannequin/ambient_2"
        ]
    },

    "entity.mannequin.scare": {
        "sounds": [
            "entity/mannequin/scare",
            "entity/mannequin/scare_1"
        ]
    },

    "entity.mannequin.run": {
        "sounds": [
            "entity/mannequin/run"
        ]
    },

    "entity.mannequin.death": {
        "sounds": [
            "entity/mannequin/death"
        ]
    },

    "planet.moon.ambient": {
        "sounds": [
            "planet/moon"
        ]
    },

    "planet.mars.ambient": {
        "sounds": [
            "planet/mars"
        ]
    },

    "planet.venus.ambient": {
        "sounds": [
            "planet/venus"
        ]
    },

    "planet.mercury.ambient": {
        "sounds": [
            "planet/mercury"
        ]
    },

    "planet.jupiter.ambient": {
        "sounds": [
            "planet/jupiter"
        ]
    },

    "planet.saturn.ambient": {
        "sounds": [
            "planet/saturn"
        ]
    },

    "planet.uranus.ambient": {
        "sounds": [
            "planet/uranus"
        ]
    },

    "planet.neptune.ambient": {
        "sounds": [
            "planet/neptune"
        ]
    },

    "planet.pluto.ambient": {
        "sounds": [
            "planet/pluto"
        ]
    },

    "planet.sun.ambient": {
        "sounds": [
            "planet/sun"
        ]
    },

    "planet.titan.ambient": {
        "sounds": [
            "planet/titan"
        ]
    },

    "planet.tatooine.ambient": {
        "sounds": [
            "planet/tatooine"
        ]
    },

    "music.tatooine": {
        "sounds": [
            "music/tatooine"
        ]
    }
}