{

    "credits.load": {
        "sounds": [
            "credits/freeze"
        ]
    },

    "credits.music": {
        "sounds": [
            "credits/credits"
        ]
    },

	"entity.otter.ambient": {
		"sounds": [
			"entity/otter/ambient1",
			"entity/otter/ambient2",
			"entity/otter/ambient3",
			"entity/otter/ambient4"
		]
	},
	
	"entity.otter.hurt": {
		"sounds": [
		"entity/otter/hurt1",
		"entity/otter/hurt2",
		"entity/otter/hurt3"
		]
	},
	
	"entity.otter.death": {
		"sounds": [
		"entity/otter/death1"
		]
	}
}