{
  "effects": {
    "mood_sound": {
      "sound": "minecraft:ambient.cave",
      "tick_delay": 6000,
      "block_search_extent": 8,
      "offset": 2
    },
    "sky_color": 7907327,
    "fog_color": 12764415,
    "water_color": 5135406,
    "water_fog_color": 329011
  },
  "carvers": {
    "air": []
  },
  "starts": [
    "minecraft:village_desert",
    "minecraft:village_savanna"
  ],
  "features": [
    [
      "minecraft:ore_granite"
    ],
    [
      "minecraft:ore_granite"
    ],
    [],
    [
      "minecraft:monster_room"
    ],
    [],
    [],
    [
      "minecraft:ore_dirt",
      "minecraft:ore_gravel",
      "minecraft:ore_granite",
      "minecraft:ore_diorite",
      "minecraft:ore_andesite",
      "minecraft:ore_coal",
      "minecraft:ore_iron",
      "minecraft:ore_gold",
      "minecraft:ore_redstone",
      "minecraft:ore_diamond",
      "minecraft:ore_lapis",
      "minecraft:disk_sand",
      "minecraft:disk_clay",
      "minecraft:disk_gravel"
    ],
    [],
    [
      "minecraft:patch_pumpkin",
      "minecraft:brown_mushroom_normal",
      "minecraft:red_mushroom_normal"
    ],
    [
      "minecraft:freeze_top_layer"
    ]
  ],
  "spawners": {
    "ambient": [
      {}
    ],
    "water_ambient": [],
    "water_creature": []
  },
  "category": "none",
  "precipitation": "none",
  "surface_builder": "minecraft:tatooine_plains",
  "scale": 0.15,
  "downfall": 0.4,
  "depth": 0.01,
  "temperature": 0.8,
  "player_spawn_friendly": true,
  "spawn_costs": {}
}