{"creativity-plus":{"$adv":{"morph-all":["functionized"],"morph-blaze":["Functionized"],"morph-dolphin":["Functionized"],"morph-cat":["Functionized"],"morph-ender":["Functionized"],"morph-fox":["Functionized"],"morph-horse":["impossible"],"morph-rabbit":["impossible"],"morph-wolf":["Functionized"],"morph":["function"],"morph-bat":["Functionized"],"adventures":["Stage"],"all_guns":["getPistol","getMachineGun","getSniper","getShotgun","getMinigun","getRocketLauncher","getFlameThrower"],"burger":["getBurger"],"clothing":["Stage"],"coffee":["getCoffee"],"coffee_cake":["getCoffeeCakeSlice","getCoffeeCake"],"coke":["getCoke"],"drinks":["Stage"],"flame_thrower":["getFlameThrower"],"food":["Stage"],"freeplay_unlocked":["obtainJukeboxLego"],"ghost":["killGhost"],"grilled_cheese":["getGrilledCheese"],"mini_gun":["getMiniGun"],"mobs":["Stage"],"nether_reactor_complete":["netherReactorFinish"],"nether_reactor_obtain":["obtainReactor"],"pistol":["getPistol"],"rocket_launcher":["getRocketLauncher"],"pizza":["getPizzaSlice","getPizzaPie"],"shotgun":["getShotGun"],"sniper":["getSniper"],"tea":["getTea"],"tools":["Stage"],"root":["grayStart"],"machine_gun":["getMachineGun"]}}}ecklace_of_undying":["putOnNecklace"],"wand":["getWand"]}}}