{"creativity-plus":{"tools":{"guns":{"$func":["sniper","sniper","precast-6","precast-1","pistol","machine_gun","machine_gun-1tick","cast-6","cast-1","bullet","precast-sniper","cast-sniper"]},"$func":["power_sicles-loop","master_sword","flashlight-loop","walking_stick-give"]},"$func":["wand-loop","tweaks","credits","main"],"entity":{"ghost":{"$func":["ghost-loop","ghost-give"]},"biden":{"$func":["biden-loop","biden-give"]},"trump":{"$func":["trump-give","trump-loop"]}},"currency":{"$func":["give-creat_sack","give-creat","give-coin"]},"clothes":{"$func":["necklace_of_undying-loop","jacket-sweater-loop"]},"blocks":{"$func":["nether_reactor-loop","cantina_jukebox"]},"plots":{"toddrd":{"$func":["reset","loop"]},"$func":["stopwatch"]},"food":{"slow":{"$func":["tomato_sauce_bucket-loop","tomato_jar-loop","coffee_cake-loop"]},"ing":{"$func":["flour-loop","dough-loop"]},"fast":{"$func":["uncooked_pizza-loop","pizza_slice-loop","grilled_cheese-loop","fries-loop","cooked_pizza-loop","cheese_fries-loop","burger-loop"]},"drink":{"$func":["tea-loop","strawberry_drink-loop","essence-loop","coke-loop","coffee-loop"]},"$func":["cheese_truckle-loop","cheese-loop"]}}}