{
  "type": "minecraft:decorated",
  "config": {
    "feature": {
      "type": "minecraft:decorated",
      "name": "minecraft:redstone_fats",
      "config": {
        "feature": {
          "config": {
            "state": {
              "Name": "minecraft:redstone_block"
            }
          },
          "type": "minecraft:iceberg"
        },
        "decorator": {
          "config": {},
          "type": "minecraft:iceberg"
        }
      }
    },
    "decorator": {
      "type": "minecraft:chance",
      "config": {
        "chance": 15
      }
    }
  }
}