{
    "type": "block",
    "pools": [
      {
        "rolls": {
          "min": 3,
          "max": 5
        },
        "entries": [
          {
            "type": "item",
            "weight": 10,
            "name": "minecraft:sweet_berries",
            "functions": [
              {
                "function": "set_count",
                "count": 1
              },
              {
                "function": "set_nbt",
                "tag": "{display:{Name:'{\"text\":\"Strawberries\"}',Lore:['{\"text\":\"*NJGminecraft is \",\"color\":\"black\"}','{\"text\":\"slightly allergic\",\"color\":\"black\"}']},CustomModelData:2,Strawberry:1}"
              }
            ]
          },
          {
            "type": "item",
            "weight": 90,
            "name": "minecraft:air",
            "functions": [
              {
                "function": "set_count",
                "count": 1
              }
            ]
          }
        ]
      }
    ]
  }