{
	"texture_size": [64, 64],
	"textures": {
		"0": "entity/villager/villager",
		"1": "entity/villager/profession/librarian",
		"3": "entity/bed/light_gray",
		"4": "entity/villager/type/plains",
		"5": "block/scaffolding_top",
		"6": "block/scaffolding_side",
		"8": "entity/minecart",
		"9": "block/oak_log",
		"10": "block/oak_log_top",
		"particle": "entity/villager/villager"
	},
	"elements": [
		{
			"name": "right",
			"from": [5, 21, 10],
			"to": [10, 31, 10],
			"faces": {
				"north": {"uv": [6, 2, 7.25, 4.5], "texture": "#0"},
				"east": {"uv": [6.5, 2, 4, 2.5], "texture": "#0"},
				"south": {"uv": [6.75, 2, 8, 4.5], "texture": "#0"},
				"west": {"uv": [4, 2, 6.5, 2.5], "texture": "#0"},
				"up": {"uv": [4, 2, 6.5, 4.5], "texture": "#0"},
				"down": {"uv": [5.5, 4.5, 8, 2], "texture": "#0"}
			}
		},
		{
			"name": "left",
			"from": [0, 21, 10],
			"to": [5, 31, 10],
			"faces": {
				"north": {"uv": [6.75, 2, 8, 4.5], "texture": "#0"},
				"east": {"uv": [6.5, 2, 4, 2.5], "texture": "#0"},
				"south": {"uv": [6, 2, 7.25, 4.5], "texture": "#0"},
				"west": {"uv": [4, 2, 6.5, 2.5], "texture": "#0"},
				"up": {"uv": [4, 2, 6.5, 4.5], "texture": "#0"},
				"down": {"uv": [5.5, 4.5, 8, 2], "texture": "#0"}
			}
		},
		{
			"name": "one",
			"from": [10, 29, 0],
			"to": [10, 31, 10],
			"faces": {
				"north": {"uv": [1.75, 2.25, 4.25, 2.75], "texture": "#0"},
				"east": {"uv": [6.5, 2, 4, 2.5], "texture": "#0"},
				"south": {"uv": [0, 0, 0.75, 1], "texture": "#missing"},
				"west": {"uv": [4, 2, 6.5, 2.5], "texture": "#0"},
				"up": {"uv": [0, 0, 0.75, 0.25], "texture": "#missing"},
				"down": {"uv": [0, 0, 0.75, 0.25], "texture": "#missing"}
			}
		},
		{
			"name": "two",
			"from": [10, 27, 0],
			"to": [10, 29, 10],
			"faces": {
				"north": {"uv": [1.75, 2.75, 4.25, 3.25], "texture": "#0"},
				"east": {"uv": [6.5, 2.5, 4, 3], "texture": "#0"},
				"south": {"uv": [0, 0, 0.75, 1], "texture": "#missing"},
				"west": {"uv": [4, 2.5, 6.5, 3], "texture": "#0"},
				"up": {"uv": [0, 0, 0.75, 0.25], "texture": "#missing"},
				"down": {"uv": [0, 0, 0.75, 0.25], "texture": "#missing"}
			}
		},
		{
			"name": "three",
			"from": [10, 25, 0],
			"to": [10, 27, 10],
			"faces": {
				"north": {"uv": [2, 3.25, 2.75, 3.75], "texture": "#0"},
				"east": {"uv": [6.5, 3, 4, 3.5], "texture": "#0"},
				"south": {"uv": [0, 0, 0.75, 1], "texture": "#missing"},
				"west": {"uv": [4, 3, 6.5, 3.5], "texture": "#0"},
				"up": {"uv": [0, 0, 0.75, 0.25], "texture": "#missing"},
				"down": {"uv": [0, 0, 0.75, 0.25], "texture": "#missing"}
			}
		},
		{
			"name": "four",
			"from": [10, 21, 0],
			"to": [10, 25, 10],
			"faces": {
				"north": {"uv": [1.5, 3.5, 2.25, 4.5], "texture": "#0"},
				"east": {"uv": [6.5, 3.5, 4, 4.5], "texture": "#0"},
				"south": {"uv": [0, 0, 0.75, 1], "texture": "#0"},
				"west": {"uv": [4, 3.5, 6.5, 4.5], "texture": "#0"},
				"up": {"uv": [0, 0, 0.75, 0.25], "texture": "#0"},
				"down": {"uv": [0, 0, 0.75, 0.25], "texture": "#0"}
			}
		},
		{
			"name": "one",
			"from": [0, 29, 0],
			"to": [0, 31, 10],
			"faces": {
				"north": {"uv": [1.75, 2.25, 4.25, 2.75], "texture": "#0"},
				"east": {"uv": [6.5, 2, 4, 2.5], "texture": "#0"},
				"south": {"uv": [0, 0, 0.75, 1], "texture": "#missing"},
				"west": {"uv": [4, 2, 6.5, 2.5], "texture": "#0"},
				"up": {"uv": [0, 0, 0.75, 0.25], "texture": "#missing"},
				"down": {"uv": [0, 0, 0.75, 0.25], "texture": "#missing"}
			}
		},
		{
			"name": "two",
			"from": [0, 27, 0],
			"to": [0, 29, 10],
			"faces": {
				"north": {"uv": [1.75, 2.75, 4.25, 3.25], "texture": "#0"},
				"east": {"uv": [6.5, 2.5, 4, 3], "texture": "#0"},
				"south": {"uv": [0, 0, 0.75, 1], "texture": "#missing"},
				"west": {"uv": [4, 2.5, 6.5, 3], "texture": "#0"},
				"up": {"uv": [0, 0, 0.75, 0.25], "texture": "#missing"},
				"down": {"uv": [0, 0, 0.75, 0.25], "texture": "#missing"}
			}
		},
		{
			"name": "three",
			"from": [0, 25, 0],
			"to": [0, 27, 10],
			"faces": {
				"north": {"uv": [3.25, 3.25, 4, 3.75], "texture": "#0"},
				"east": {"uv": [6.5, 3, 4, 3.5], "texture": "#0"},
				"south": {"uv": [0, 0, 0.75, 1], "texture": "#missing"},
				"west": {"uv": [4, 3, 6.5, 3.5], "texture": "#0"},
				"up": {"uv": [0, 0, 0.75, 0.25], "texture": "#missing"},
				"down": {"uv": [0, 0, 0.75, 0.25], "texture": "#missing"}
			}
		},
		{
			"name": "four",
			"from": [0, 21, 0],
			"to": [0, 25, 10],
			"faces": {
				"north": {"uv": [3.75, 3.5, 4.5, 4.5], "texture": "#0"},
				"east": {"uv": [6.5, 3.5, 4, 4.5], "texture": "#0"},
				"south": {"uv": [0, 0, 0.75, 1], "texture": "#missing"},
				"west": {"uv": [4, 3.5, 6.5, 4.5], "texture": "#0"},
				"up": {"uv": [0, 0, 0.75, 0.25], "texture": "#missing"},
				"down": {"uv": [0, 0, 0.75, 0.25], "texture": "#missing"}
			}
		},
		{
			"name": "left_cheek",
			"from": [7, 21, 0],
			"to": [10, 25, 0],
			"faces": {
				"north": {"uv": [1.5, 3.5, 2.25, 4.5], "texture": "#0"},
				"east": {"uv": [6.5, 3.5, 4, 4.5], "texture": "#0"},
				"south": {"uv": [3.75, 3.5, 4.5, 4.5], "texture": "#0"},
				"west": {"uv": [0, 0, 0.25, 1], "texture": "#0"},
				"up": {"uv": [0, 0, 0.75, 0.25], "texture": "#0"},
				"down": {"uv": [0, 0, 0.75, 0.25], "texture": "#0"}
			}
		},
		{
			"name": "right_cheek",
			"from": [0, 21, 0],
			"to": [3, 25, 0],
			"faces": {
				"north": {"uv": [3.75, 3.5, 4.5, 4.5], "texture": "#0"},
				"east": {"uv": [0, 0, 0.25, 1], "texture": "#missing"},
				"south": {"uv": [1.5, 3.5, 2.25, 4.5], "texture": "#0"},
				"west": {"uv": [4, 3.5, 6.5, 4.5], "texture": "#0"},
				"up": {"uv": [0, 0, 0.75, 0.25], "texture": "#missing"},
				"down": {"uv": [0, 0, 0.75, 0.25], "texture": "#missing"}
			}
		},
		{
			"name": "left_eye",
			"from": [7, 25, 0],
			"to": [10, 27, 0],
			"faces": {
				"north": {"uv": [2, 3.25, 2.75, 3.75], "texture": "#0"},
				"east": {"uv": [6.5, 3, 4, 3.5], "texture": "#0"},
				"south": {"uv": [2.75, 3.25, 2, 3.75], "texture": "#0"},
				"west": {"uv": [0, 0, 0.25, 1], "texture": "#missing"},
				"up": {"uv": [0, 0, 0.75, 0.25], "texture": "#missing"},
				"down": {"uv": [0, 0, 0.75, 0.25], "texture": "#missing"}
			}
		},
		{
			"name": "forehead_bottom",
			"from": [0, 27, 0],
			"to": [10, 29, 0],
			"faces": {
				"north": {"uv": [1.75, 2.75, 4.25, 3.25], "texture": "#0"},
				"east": {"uv": [6.5, 2.5, 4, 3], "texture": "#0"},
				"south": {"uv": [1.75, 2.75, 4.25, 3.25], "texture": "#0"},
				"west": {"uv": [4, 2.5, 6.5, 3], "texture": "#0"},
				"up": {"uv": [0, 0, 0.75, 0.25], "texture": "#missing"},
				"down": {"uv": [0, 0, 0.75, 0.25], "texture": "#missing"}
			}
		},
		{
			"name": "forehead_top",
			"from": [0, 29, 0],
			"to": [10, 31, 0],
			"faces": {
				"north": {"uv": [1.75, 2.25, 4.25, 2.75], "texture": "#0"},
				"east": {"uv": [6.5, 2, 4, 2.5], "texture": "#0"},
				"south": {"uv": [1.75, 2, 4.25, 2.5], "texture": "#0"},
				"west": {"uv": [4, 2, 6.5, 2.5], "texture": "#0"},
				"up": {"uv": [0, 0, 0.75, 0.25], "texture": "#missing"},
				"down": {"uv": [0, 0, 0.75, 0.25], "texture": "#missing"}
			}
		},
		{
			"name": "left_nose_ridge",
			"from": [5, 25, 0],
			"to": [7, 27, 0],
			"faces": {
				"north": {"uv": [2.75, 3.25, 3.25, 3.75], "texture": "#0"},
				"east": {"uv": [0, 0, 0.25, 1], "texture": "#missing"},
				"south": {"uv": [2.75, 3.25, 3.25, 3.75], "texture": "#0"},
				"west": {"uv": [0, 0, 0.25, 1], "texture": "#missing"},
				"up": {"uv": [0, 0, 0.75, 0.25], "texture": "#missing"},
				"down": {"uv": [0, 0, 0.75, 0.25], "texture": "#missing"}
			}
		},
		{
			"name": "right_nose_ridge",
			"from": [3, 25, 0],
			"to": [5, 27, 0],
			"faces": {
				"north": {"uv": [3.25, 3.25, 2.75, 3.75], "texture": "#0"},
				"east": {"uv": [0, 0, 0.25, 1], "texture": "#missing"},
				"south": {"uv": [2.75, 3.25, 3.25, 3.75], "texture": "#0"},
				"west": {"uv": [0, 0, 0.25, 1], "texture": "#missing"},
				"up": {"uv": [0, 0, 0.75, 0.25], "texture": "#missing"},
				"down": {"uv": [0, 0, 0.75, 0.25], "texture": "#missing"}
			}
		},
		{
			"name": "right_eye",
			"from": [0, 25, 0],
			"to": [3, 27, 0],
			"faces": {
				"north": {"uv": [3.25, 3.25, 4, 3.75], "texture": "#0"},
				"east": {"uv": [0, 0, 0.25, 1], "texture": "#missing"},
				"south": {"uv": [2, 3.25, 2.75, 3.75], "texture": "#0"},
				"west": {"uv": [4, 3, 6.5, 3.5], "texture": "#0"},
				"up": {"uv": [0, 0, 0.75, 0.25], "texture": "#missing"},
				"down": {"uv": [0, 0, 0.75, 0.25], "texture": "#missing"}
			}
		},
		{
			"name": "head_bottom",
			"from": [0, 21, 0],
			"to": [10, 21, 10],
			"faces": {
				"north": {"uv": [1.75, 2.25, 4.25, 2.75], "texture": "#0"},
				"east": {"uv": [6.5, 2, 4, 2.5], "texture": "#0"},
				"south": {"uv": [1.75, 2, 4.25, 2.5], "texture": "#0"},
				"west": {"uv": [4, 2, 6.5, 2.5], "texture": "#0"},
				"up": {"uv": [4, 0, 6, 2], "texture": "#0"},
				"down": {"uv": [4, 2, 6, 0], "texture": "#0"}
			}
		},
		{
			"name": "head_top",
			"from": [0, 31, 0],
			"to": [10, 31, 10],
			"faces": {
				"north": {"uv": [1.75, 2.25, 4.25, 2.75], "texture": "#0"},
				"east": {"uv": [6.5, 2, 4, 2.5], "texture": "#0"},
				"south": {"uv": [1.75, 2, 4.25, 2.5], "texture": "#0"},
				"west": {"uv": [4, 2, 6.5, 2.5], "texture": "#0"},
				"up": {"uv": [4, 2, 6.5, 4.5], "texture": "#0"},
				"down": {"uv": [5.5, 4.5, 8, 2], "texture": "#0"}
			}
		},
		{
			"name": "nose",
			"from": [3, 20, -2],
			"to": [7, 25, 1],
			"faces": {
				"north": {"uv": [6.5, 0.5, 7, 1.5], "texture": "#0"},
				"east": {"uv": [6, 0.5, 6.5, 1.5], "texture": "#0"},
				"south": {"uv": [7.5, 0.5, 8, 1.5], "texture": "#0"},
				"west": {"uv": [7, 0.5, 7.5, 1.5], "texture": "#0"},
				"up": {"uv": [6.5, 0, 7, 0.5], "texture": "#0"},
				"down": {"uv": [7, 0, 7.5, 0.5], "texture": "#0"}
			}
		},
		{
			"from": [11.5, 15, -1],
			"to": [11.5, 21, 13],
			"faces": {
				"north": {"uv": [3.25, 13.75, 0, 15], "texture": "#1"},
				"east": {"uv": [0, 13.5, 3.5, 15], "texture": "#1"},
				"south": {"uv": [0, 13.75, 3.25, 15], "texture": "#1"},
				"west": {"uv": [0, 13.75, 3, 15], "texture": "#1"},
				"up": {"uv": [0, 0, 3.25, 3], "texture": "#missing"},
				"down": {"uv": [0, 0, 3.25, 3], "texture": "#missing"}
			}
		},
		{
			"from": [-1.5, 21, -1],
			"to": [11.5, 21, 13],
			"faces": {
				"north": {"uv": [3.25, 13.75, 0, 15], "texture": "#1"},
				"east": {"uv": [0.25, 13.75, 3.25, 15], "texture": "#1"},
				"south": {"uv": [0, 13.75, 3.25, 15], "texture": "#1"},
				"west": {"uv": [0, 13.75, 3, 15], "texture": "#1"},
				"up": {"uv": [7.75, 6.5, 11, 9.5], "rotation": 90, "texture": "#4"},
				"down": {"uv": [5, 9.5, 8, 6.5], "texture": "#0"}
			}
		},
		{
			"from": [-1.5, 15, -1],
			"to": [11.5, 15, 11],
			"faces": {
				"north": {"uv": [3.25, 13.75, 0, 15], "texture": "#1"},
				"east": {"uv": [0.25, 13.75, 3.25, 15], "texture": "#1"},
				"south": {"uv": [0, 13.75, 3.25, 15], "texture": "#1"},
				"west": {"uv": [0, 13.75, 3, 15], "texture": "#1"},
				"up": {"uv": [5, 6.5, 8, 9.5], "texture": "#0"},
				"down": {"uv": [2, 10.75, 5, 7.75], "texture": "#3"}
			}
		},
		{
			"from": [-1.5, 15, -1],
			"to": [-1.5, 21, 13],
			"faces": {
				"north": {"uv": [3.25, 13.75, 0, 15], "texture": "#1"},
				"east": {"uv": [0.25, 13.75, 3.25, 15], "texture": "#1"},
				"south": {"uv": [0, 13.75, 3.25, 15], "texture": "#1"},
				"west": {"uv": [0, 13.5, 3.5, 15], "texture": "#1"},
				"up": {"uv": [0, 0, 3.25, 3], "texture": "#missing"},
				"down": {"uv": [0, 0, 3.25, 3], "texture": "#missing"}
			}
		},
		{
			"from": [-1.5, 15, -1],
			"to": [11.5, 21, -1],
			"faces": {
				"north": {"uv": [3.25, 13.5, 0, 15], "texture": "#1"},
				"east": {"uv": [0.25, 13.75, 3.25, 15], "texture": "#1"},
				"south": {"uv": [0, 13.75, 3.25, 15], "texture": "#1"},
				"west": {"uv": [0, 13.75, 3, 15], "texture": "#1"},
				"up": {"uv": [0, 0, 3.25, 3], "texture": "#missing"},
				"down": {"uv": [0, 0, 3.25, 3], "texture": "#missing"}
			}
		},
		{
			"from": [-8.5, 10, -8],
			"to": [5.5, 15, 5],
			"faces": {
				"north": {"uv": [2.5, 13.25, 6, 14.5], "texture": "#4"},
				"east": {"uv": [7.25, 12.5, 1.25, 13.75], "texture": "#4"},
				"south": {"uv": [6, 11.75, 0, 13], "texture": "#4"},
				"west": {"uv": [6.5, 13.25, 3.25, 14.5], "texture": "#4"},
				"up": {"uv": [6.5, 12, 3, 15.25], "texture": "#4"},
				"down": {"uv": [5.5, 7, 1.25, 11], "texture": "#3"}
			}
		},
		{
			"from": [-8.5, 10, 5],
			"to": [5.5, 15, 18],
			"faces": {
				"north": {"uv": [5, 13.25, 0, 14.5], "texture": "#4"},
				"east": {"uv": [7.25, 12.5, 1.25, 13.75], "texture": "#4"},
				"south": {"uv": [6.75, 13.25, 3.25, 14.5], "texture": "#4"},
				"west": {"uv": [6.5, 13.5, 3.25, 14.75], "texture": "#4"},
				"up": {"uv": [6.75, 12.25, 3.25, 15.5], "texture": "#4"},
				"down": {"uv": [5.5, 7, 1.25, 11], "texture": "#3"}
			}
		},
		{
			"from": [5.5, 10, -8],
			"to": [19.5, 15, 5],
			"faces": {
				"north": {"uv": [6.5, 12.5, 3, 13.75], "texture": "#4"},
				"east": {"uv": [6.75, 13.5, 3.5, 14.75], "texture": "#4"},
				"south": {"uv": [6, 11.75, 0, 13], "texture": "#4"},
				"west": {"uv": [6, 13.25, 0, 14.5], "texture": "#4"},
				"up": {"uv": [6.5, 12, 3, 15.25], "texture": "#4"},
				"down": {"uv": [5.5, 7, 1.25, 11], "texture": "#3"}
			}
		},
		{
			"from": [5.5, 10, 5],
			"to": [19.5, 15, 18],
			"faces": {
				"north": {"uv": [5, 13.25, 0, 14.5], "texture": "#4"},
				"east": {"uv": [6.5, 13, 3.25, 14.25], "texture": "#4"},
				"south": {"uv": [3.25, 13.25, 6.75, 14.5], "texture": "#4"},
				"west": {"uv": [6, 13.25, 0, 14.5], "texture": "#4"},
				"up": {"uv": [3.5, 12.25, 7, 15.5], "texture": "#4"},
				"down": {"uv": [5.5, 7, 1.25, 11], "texture": "#3"}
			}
		},
		{
			"from": [-12.5, -6, -11],
			"to": [5.5, 8, 15],
			"faces": {
				"north": {"uv": [2.5, 12, 7, 15.5], "texture": "#4"},
				"east": {"uv": [6.5, 7, 0.5, 10.5], "texture": "#3"},
				"west": {"uv": [6.5, 12, 0, 15.5], "texture": "#4"},
				"down": {"uv": [7, 9, 2.5, 15.5], "texture": "#4"}
			}
		},
		{
			"from": [5.5, -6, -11],
			"to": [22.5, 8, 15],
			"faces": {
				"north": {"uv": [7, 12, 2.75, 15.5], "texture": "#4"},
				"east": {"uv": [0.5, 12, 7, 15.5], "texture": "#4"},
				"west": {"uv": [0, 12, 6.5, 15.5], "texture": "#4"},
				"down": {"uv": [2.5, 9, 7, 15.5], "texture": "#4"}
			}
		},
		{
			"from": [5.5, -6, 15],
			"to": [22.5, 8, 21],
			"faces": {
				"north": {"uv": [7, 12, 2.75, 15.5], "texture": "#4"},
				"east": {"uv": [3, 12, 4.5, 15.5], "texture": "#4"},
				"south": {"uv": [2.75, 11.75, 7, 15.25], "texture": "#4"},
				"west": {"uv": [3, 12, 4.5, 15.5], "texture": "#4"},
				"down": {"uv": [6.75, 12.25, 2.25, 13.75], "texture": "#4"}
			}
		},
		{
			"from": [-12.5, -6, 15],
			"to": [5.5, 8, 21],
			"faces": {
				"north": {"uv": [7, 12, 2.75, 15.5], "texture": "#4"},
				"east": {"uv": [3, 12, 4.5, 15.5], "texture": "#4"},
				"south": {"uv": [7, 12, 2.5, 15.5], "texture": "#4"},
				"west": {"uv": [0, 12.5, 1.5, 16], "texture": "#4"},
				"down": {"uv": [2.25, 12.25, 6.75, 13.75], "texture": "#4"}
			}
		},
		{
			"from": [-12.5, 8, 15],
			"to": [5.5, 10, 21],
			"faces": {
				"north": {"uv": [7, 12, 2.75, 15.5], "texture": "#4"},
				"east": {"uv": [3, 12, 4.5, 15.5], "texture": "#4"},
				"south": {"uv": [7, 11.75, 2.5, 12.25], "texture": "#4"},
				"west": {"uv": [0.25, 12.25, 1.75, 12.75], "texture": "#4"},
				"up": {"uv": [10.25, 7, 14.75, 8.5], "texture": "#4"},
				"down": {"uv": [1.25, 7, 5.5, 11], "texture": "#3"}
			}
		},
		{
			"from": [-12.5, 8, 2],
			"to": [5.5, 10, 15],
			"faces": {
				"north": {"uv": [7, 12, 2.75, 15.5], "texture": "#4"},
				"east": {"uv": [3, 12, 4.5, 15.5], "texture": "#4"},
				"south": {"uv": [7, 11.75, 2.5, 12.25], "texture": "#4"},
				"west": {"uv": [1.75, 13, 5, 13.5], "texture": "#4"},
				"up": {"uv": [2.5, 11.75, 7, 15], "texture": "#4"},
				"down": {"uv": [1.25, 7, 5.5, 11], "texture": "#3"}
			}
		},
		{
			"from": [4.5, 8, 2],
			"to": [22.5, 10, 15],
			"faces": {
				"north": {"uv": [7, 12, 2.75, 15.5], "texture": "#4"},
				"east": {"uv": [2.5, 12, 5.75, 12.5], "texture": "#4"},
				"south": {"uv": [7, 11.75, 2.5, 12.25], "texture": "#4"},
				"west": {"uv": [1.75, 13, 5, 13.5], "texture": "#4"},
				"up": {"uv": [2.5, 11.75, 7, 15], "texture": "#4"},
				"down": {"uv": [1.25, 7, 5.5, 11], "texture": "#3"}
			}
		},
		{
			"from": [-12.5, 8, -11],
			"to": [4.5, 10, 2],
			"faces": {
				"north": {"uv": [6, 12.75, 1.75, 13.25], "texture": "#4"},
				"east": {"uv": [3, 12, 4.5, 15.5], "texture": "#4"},
				"south": {"uv": [7, 11.75, 2.5, 12.25], "texture": "#4"},
				"west": {"uv": [1.75, 13, 5, 13.5], "texture": "#4"},
				"up": {"uv": [3.5, 11, 6.75, 15.25], "rotation": 90, "texture": "#4"},
				"down": {"uv": [1.25, 7, 5.5, 11], "texture": "#3"}
			}
		},
		{
			"from": [4.5, 8, -11],
			"to": [22.5, 10, 2],
			"faces": {
				"north": {"uv": [7, 12.75, 2.5, 13.25], "texture": "#4"},
				"east": {"uv": [3.75, 13.25, 7, 13.75], "texture": "#4"},
				"south": {"uv": [7, 11.75, 2.5, 12.25], "texture": "#4"},
				"west": {"uv": [1.75, 13, 5, 13.5], "texture": "#4"},
				"up": {"uv": [3.5, 11, 6.75, 15.5], "rotation": 90, "texture": "#4"},
				"down": {"uv": [1.25, 7, 5.5, 11], "texture": "#3"}
			}
		},
		{
			"from": [5.5, 8, 15],
			"to": [22.5, 10, 21],
			"faces": {
				"north": {"uv": [7, 12, 2.75, 15.5], "texture": "#4"},
				"east": {"uv": [3.5, 12, 5, 12.5], "texture": "#4"},
				"south": {"uv": [5.75, 13.75, 1.5, 14.25], "texture": "#4"},
				"west": {"uv": [0.25, 12.25, 1.75, 12.75], "texture": "#4"},
				"up": {"uv": [10.25, 7, 14.5, 8.5], "texture": "#4"},
				"down": {"uv": [1.25, 7, 5.5, 11], "texture": "#3"}
			}
		},
		{
			"from": [-3.5, -6, -16],
			"to": [2.5, -1, -11],
			"faces": {
				"north": {"uv": [12.75, 7.25, 11.25, 8.5], "texture": "#0"},
				"east": {"uv": [2.5, 8.5, 4, 7.25], "rotation": 90, "texture": "#0"},
				"south": {"uv": [6.5, 7.25, 0.5, 10.75], "texture": "#3"},
				"west": {"uv": [2.5, 7.25, 4, 8.5], "rotation": 90, "texture": "#0"},
				"up": {"uv": [2.5, 8.5, 4, 7.25], "texture": "#0"},
				"down": {"uv": [2.5, 7.25, 4, 8.5], "texture": "#0"}
			}
		},
		{
			"from": [-6.5, 15, -5],
			"to": [-1.5, 20, 8],
			"faces": {
				"north": {"uv": [12.25, 7, 11, 8.25], "texture": "#4"},
				"east": {"uv": [2.5, 8.5, 4, 7.25], "rotation": 90, "texture": "#4"},
				"south": {"uv": [9, 7.25, 7.75, 8.5], "texture": "#4"},
				"west": {"uv": [3.5, 11.5, 4.75, 14.75], "rotation": 90, "texture": "#4"},
				"up": {"uv": [5.5, 15.25, 6.75, 12], "texture": "#4"},
				"down": {"uv": [2.5, 7.25, 4, 8.5], "texture": "#4"}
			}
		},
		{
			"name": "crown",
			"from": [-0.5, 29, -1],
			"to": [10.5, 32, 11],
			"faces": {
				"north": {"uv": [12.5, 2, 9.75, 2.75], "texture": "#1"},
				"east": {"uv": [11, 2, 8, 2.75], "texture": "#1"},
				"south": {"uv": [12.5, 2, 9.75, 2.75], "texture": "#1"},
				"west": {"uv": [8, 2, 11, 2.75], "texture": "#1"},
				"up": {"uv": [11.5, 0.25, 10, 2], "texture": "#1"},
				"down": {"uv": [12, 0, 11.5, 1.75], "texture": "#1"}
			}
		},
		{
			"from": [11.5, 15, -5],
			"to": [16.5, 20, 8],
			"faces": {
				"north": {"uv": [11, 7, 12.25, 8.25], "texture": "#4"},
				"east": {"uv": [4, 8.5, 2.5, 7.25], "rotation": 90, "texture": "#4"},
				"south": {"uv": [7.75, 7.25, 9, 8.5], "texture": "#4"},
				"west": {"uv": [4.75, 11.5, 3.5, 14.75], "rotation": 90, "texture": "#4"},
				"up": {"uv": [6.75, 15.25, 5.5, 12], "texture": "#4"},
				"down": {"uv": [4, 7.25, 2.5, 8.5], "texture": "#4"}
			}
		},
		{
			"from": [-1.5, 15, -5],
			"to": [2.5, 20, -1],
			"faces": {
				"north": {"uv": [2.75, 13.75, 3.75, 15], "texture": "#4"},
				"east": {"uv": [6.75, 2, 3.5, 3.25], "texture": "#4"},
				"south": {"uv": [6.75, 2, 3.5, 3.25], "texture": "#4"},
				"west": {"uv": [6.75, 2, 3.5, 3.25], "texture": "#4"},
				"up": {"uv": [4.5, 12.5, 3.5, 13.5], "texture": "#4"},
				"down": {"uv": [4.25, 13, 1, 14.25], "texture": "#4"}
			}
		},
		{
			"from": [7.5, 15, -5],
			"to": [11.5, 20, -1],
			"faces": {
				"north": {"uv": [11, 7, 12, 8.25], "texture": "#4"},
				"east": {"uv": [6.75, 2, 3.5, 3.25], "texture": "#4"},
				"south": {"uv": [6.75, 2, 3.5, 3.25], "texture": "#4"},
				"west": {"uv": [6.75, 2, 3.5, 3.25], "texture": "#4"},
				"up": {"uv": [1, 13.5, 0, 14.5], "texture": "#4"},
				"down": {"uv": [4.25, 13, 1, 14.25], "texture": "#4"}
			}
		},
		{
			"from": [2.5, 15, -5],
			"to": [3.5, 20, -1],
			"faces": {
				"north": {"uv": [12, 10.25, 12.25, 11.5], "texture": "#4"},
				"east": {"uv": [6.75, 2, 3.5, 3.25], "texture": "#4"},
				"south": {"uv": [6.75, 2, 3.5, 3.25], "texture": "#4"},
				"west": {"uv": [6.75, 2, 3.5, 3.25], "texture": "#4"},
				"up": {"uv": [15, 11.5, 14.75, 10.5], "texture": "#4"},
				"down": {"uv": [4.25, 13, 1, 14.25], "texture": "#4"}
			}
		},
		{
			"from": [3.5, 15, -5],
			"to": [6.5, 20, -1],
			"faces": {
				"north": {"uv": [11.5, 9.75, 12.25, 11], "texture": "#0"},
				"east": {"uv": [14, 10.25, 10.75, 11.5], "texture": "#0"},
				"south": {"uv": [6.75, 2, 3.5, 3.25], "texture": "#4"},
				"west": {"uv": [6.75, 2, 3.5, 3.25], "texture": "#4"},
				"up": {"uv": [13.75, 9.75, 14.5, 10.75], "texture": "#0"},
				"down": {"uv": [4.25, 13, 1, 14.25], "texture": "#4"}
			}
		},
		{
			"from": [6.5, 15, -5],
			"to": [7.5, 20, -1],
			"faces": {
				"north": {"uv": [12, 10.25, 11.75, 11.5], "texture": "#4"},
				"east": {"uv": [8.25, 8.5, 5, 7.25], "texture": "#4"},
				"south": {"uv": [8.25, 8.5, 5, 7.25], "texture": "#4"},
				"west": {"uv": [8.25, 8.5, 5, 7.25], "texture": "#4"},
				"up": {"uv": [12, 10.5, 11.75, 9.5], "texture": "#4"},
				"down": {"uv": [8.25, 8.5, 5, 7.25], "texture": "#4"}
			}
		},
		{
			"from": [7.5, -6, -16],
			"to": [13.5, -1, -11],
			"faces": {
				"north": {"uv": [11.25, 7.25, 12.75, 8.5], "texture": "#0"},
				"east": {"uv": [4, 8.5, 2.5, 7.25], "rotation": 90, "texture": "#0"},
				"south": {"uv": [0.5, 7.25, 6.5, 10.75], "texture": "#3"},
				"west": {"uv": [4, 7.25, 2.5, 8.5], "rotation": 90, "texture": "#0"},
				"up": {"uv": [4, 8.5, 2.5, 7.25], "texture": "#0"},
				"down": {"uv": [4, 7.25, 2.5, 8.5], "texture": "#0"}
			}
		},
		{
			"from": [-1.5, 15, 13],
			"to": [11.5, 21, 13],
			"faces": {
				"north": {"uv": [3.25, 13.75, 0, 15], "texture": "#1"},
				"east": {"uv": [0.25, 13.75, 3.25, 15], "texture": "#1"},
				"south": {"uv": [0, 13.5, 3.25, 15], "texture": "#1"},
				"west": {"uv": [0, 13.75, 3, 15], "texture": "#1"},
				"up": {"uv": [0, 0, 3.25, 3], "texture": "#missing"},
				"down": {"uv": [0, 0, 3.25, 3], "texture": "#missing"}
			}
		},
		{
			"from": [-15, -7, 13],
			"to": [-5, -6, 23],
			"faces": {
				"north": {"uv": [0, 0, 14, 2], "texture": "#6"},
				"east": {"uv": [14, 0, 0, 2], "texture": "#6"},
				"south": {"uv": [0, 0, 14, 2], "texture": "#6"},
				"west": {"uv": [14, 0, 0, 2], "texture": "#6"},
				"up": {"uv": [0, 2, 14, 16], "texture": "#5"},
				"down": {"uv": [1, 1, 14, 14], "texture": "#5"}
			}
		},
		{
			"from": [15, -7, 13],
			"to": [25, -6, 23],
			"faces": {
				"north": {"uv": [14, 0, 0, 2], "texture": "#6"},
				"east": {"uv": [0, 0, 14, 2], "texture": "#6"},
				"south": {"uv": [14, 0, 0, 2], "texture": "#6"},
				"west": {"uv": [0, 0, 14, 2], "texture": "#6"},
				"up": {"uv": [14, 2, 0, 16], "texture": "#5"},
				"down": {"uv": [14, 1, 1, 14], "texture": "#5"}
			}
		},
		{
			"from": [15, -7, -13],
			"to": [25, -6, -3],
			"faces": {
				"north": {"uv": [14, 0, 0, 2], "texture": "#6"},
				"east": {"uv": [0, 0, 14, 2], "texture": "#6"},
				"south": {"uv": [14, 0, 0, 2], "texture": "#6"},
				"west": {"uv": [0, 0, 14, 2], "texture": "#6"},
				"up": {"uv": [14, 0, 0, 14], "texture": "#5"},
				"down": {"uv": [14, 2, 1, 15], "texture": "#5"}
			}
		},
		{
			"from": [15, -7, -3],
			"to": [25, -6, 7],
			"faces": {
				"north": {"uv": [14, 0, 0, 2], "texture": "#6"},
				"east": {"uv": [0, 0, 14, 2], "texture": "#6"},
				"south": {"uv": [14, 0, 0, 2], "texture": "#6"},
				"west": {"uv": [0, 0, 14, 2], "texture": "#6"},
				"up": {"uv": [14, 2, 0, 14], "texture": "#5"},
				"down": {"uv": [14, 2, 1, 14], "texture": "#5"}
			}
		},
		{
			"from": [-15, -7, -3],
			"to": [-5, -6, 7],
			"faces": {
				"north": {"uv": [0, 0, 14, 2], "texture": "#6"},
				"east": {"uv": [14, 0, 0, 2], "texture": "#6"},
				"south": {"uv": [0, 0, 14, 2], "texture": "#6"},
				"west": {"uv": [14, 0, 0, 2], "texture": "#6"},
				"up": {"uv": [0, 2, 14, 14], "texture": "#5"},
				"down": {"uv": [1, 2, 14, 14], "texture": "#5"}
			}
		},
		{
			"from": [-5, -7, -3],
			"to": [4, -6, 7],
			"faces": {
				"north": {"uv": [0, 0, 14, 2], "texture": "#6"},
				"east": {"uv": [14, 0, 0, 2], "texture": "#6"},
				"south": {"uv": [0, 0, 14, 2], "texture": "#6"},
				"west": {"uv": [14, 0, 0, 2], "texture": "#6"},
				"up": {"uv": [0, 2, 14, 14], "texture": "#5"},
				"down": {"uv": [2, 2, 13, 14], "texture": "#5"}
			}
		},
		{
			"from": [4, -7, -3],
			"to": [13, -6, 7],
			"rotation": {"angle": 0, "axis": "y", "origin": [8.5, -6.5, 2]},
			"faces": {
				"north": {"uv": [0, 0, 14, 2], "texture": "#6"},
				"east": {"uv": [14, 0, 0, 2], "texture": "#6"},
				"south": {"uv": [0, 0, 14, 2], "texture": "#6"},
				"west": {"uv": [14, 0, 0, 2], "texture": "#6"},
				"up": {"uv": [0, 2, 14, 14], "rotation": 180, "texture": "#5"},
				"down": {"uv": [2, 2, 13, 14], "rotation": 180, "texture": "#5"}
			}
		},
		{
			"from": [13, -7, -3],
			"to": [15, -6, 7],
			"rotation": {"angle": 0, "axis": "y", "origin": [8.5, -6.5, 2]},
			"faces": {
				"north": {"uv": [0, 0, 14, 2], "texture": "#6"},
				"east": {"uv": [14, 0, 0, 2], "texture": "#6"},
				"south": {"uv": [0, 0, 14, 2], "texture": "#6"},
				"west": {"uv": [14, 0, 0, 2], "texture": "#6"},
				"up": {"uv": [0, 2, 14, 14], "rotation": 180, "texture": "#5"},
				"down": {"uv": [2, 2, 4, 14], "rotation": 180, "texture": "#5"}
			}
		},
		{
			"from": [-5, -7, 13],
			"to": [5, -6, 23],
			"rotation": {"angle": 0, "axis": "y", "origin": [0, -6.5, 18]},
			"faces": {
				"north": {"uv": [14, 0, 0, 2], "texture": "#6"},
				"east": {"uv": [0, 0, 14, 2], "texture": "#6"},
				"south": {"uv": [14, 0, 0, 2], "texture": "#6"},
				"west": {"uv": [0, 0, 14, 2], "texture": "#6"},
				"up": {"uv": [0, 2, 14, 14], "rotation": 270, "texture": "#5"},
				"down": {"uv": [1, 2, 14, 14], "rotation": 90, "texture": "#5"}
			}
		},
		{
			"from": [5, -7, 13],
			"to": [15, -6, 23],
			"rotation": {"angle": 0, "axis": "y", "origin": [0, -6.5, 18]},
			"faces": {
				"north": {"uv": [14, 0, 0, 2], "texture": "#6"},
				"east": {"uv": [0, 0, 14, 2], "texture": "#6"},
				"south": {"uv": [14, 0, 0, 2], "texture": "#6"},
				"west": {"uv": [0, 0, 14, 2], "texture": "#6"},
				"up": {"uv": [0, 2, 14, 14], "rotation": 270, "texture": "#5"},
				"down": {"uv": [1, 2, 14, 14], "rotation": 90, "texture": "#5"}
			}
		},
		{
			"from": [5, -7, -13],
			"to": [15, -6, -3],
			"rotation": {"angle": 0, "axis": "y", "origin": [10, -6.5, -8]},
			"faces": {
				"north": {"uv": [14, 0, 0, 2], "texture": "#6"},
				"east": {"uv": [0, 0, 14, 2], "texture": "#6"},
				"south": {"uv": [14, 0, 0, 2], "texture": "#6"},
				"west": {"uv": [0, 0, 14, 2], "texture": "#6"},
				"up": {"uv": [0, 2, 14, 14], "rotation": 90, "texture": "#5"},
				"down": {"uv": [1, 2, 14, 14], "rotation": 270, "texture": "#5"}
			}
		},
		{
			"from": [-5, -7, -13],
			"to": [5, -6, -3],
			"rotation": {"angle": 0, "axis": "y", "origin": [10, -6.5, -8]},
			"faces": {
				"north": {"uv": [14, 0, 0, 2], "texture": "#6"},
				"east": {"uv": [0, 0, 14, 2], "texture": "#6"},
				"south": {"uv": [14, 0, 0, 2], "texture": "#6"},
				"west": {"uv": [0, 0, 14, 2], "texture": "#6"},
				"up": {"uv": [0, 2, 14, 14], "rotation": 90, "texture": "#5"},
				"down": {"uv": [1, 2, 14, 14], "rotation": 270, "texture": "#5"}
			}
		},
		{
			"from": [15, -7, 7],
			"to": [25, -6, 13],
			"faces": {
				"north": {"uv": [14, 0, 0, 2], "texture": "#6"},
				"east": {"uv": [0, 0, 9, 2], "texture": "#6"},
				"south": {"uv": [14, 0, 0, 2], "texture": "#6"},
				"west": {"uv": [0, 0, 14, 2], "texture": "#6"},
				"up": {"uv": [15, 2, 0, 10], "texture": "#5"},
				"down": {"uv": [14, 2, 1, 9], "texture": "#5"}
			}
		},
		{
			"from": [5, -7, 7],
			"to": [15, -6, 13],
			"faces": {
				"north": {"uv": [14, 0, 0, 2], "texture": "#6"},
				"east": {"uv": [0, 0, 9, 2], "texture": "#6"},
				"south": {"uv": [14, 0, 0, 2], "texture": "#6"},
				"west": {"uv": [0, 0, 14, 2], "texture": "#6"},
				"up": {"uv": [15, 2, 0, 10], "texture": "#5"},
				"down": {"uv": [14, 2, 3, 9], "texture": "#5"}
			}
		},
		{
			"from": [-5, -7, 7],
			"to": [5, -6, 13],
			"faces": {
				"north": {"uv": [14, 0, 0, 2], "texture": "#6"},
				"east": {"uv": [0, 0, 9, 2], "texture": "#6"},
				"south": {"uv": [14, 0, 0, 2], "texture": "#6"},
				"west": {"uv": [0, 0, 14, 2], "texture": "#6"},
				"up": {"uv": [15, 2, 0, 10], "texture": "#5"},
				"down": {"uv": [14, 2, 3, 9], "texture": "#5"}
			}
		},
		{
			"from": [-15, -7, 7],
			"to": [-5, -6, 13],
			"faces": {
				"north": {"uv": [0, 0, 14, 2], "texture": "#6"},
				"east": {"uv": [9, 0, 0, 2], "texture": "#6"},
				"south": {"uv": [0, 0, 14, 2], "texture": "#6"},
				"west": {"uv": [9, 0, 0, 2], "texture": "#6"},
				"up": {"uv": [0, 2, 15, 10], "texture": "#5"},
				"down": {"uv": [1, 2, 14, 9], "texture": "#5"}
			}
		},
		{
			"from": [-15, -7, -13],
			"to": [-5, -6, -3],
			"faces": {
				"north": {"uv": [14, 0, 0, 2], "texture": "#6"},
				"east": {"uv": [0, 0, 14, 2], "texture": "#6"},
				"south": {"uv": [14, 0, 0, 2], "texture": "#6"},
				"west": {"uv": [0, 0, 14, 2], "texture": "#6"},
				"up": {"uv": [16, 0, 2, 14], "texture": "#5"},
				"down": {"uv": [15, 2, 2, 15], "texture": "#5"}
			}
		},
		{
			"from": [-15, -16, -13],
			"to": [-5, -8, -2],
			"faces": {
				"north": {"uv": [5, 1, 9, 5], "texture": "#8"},
				"east": {"uv": [8.75, 1, 5, 6], "texture": "#8"},
				"south": {"uv": [5, 1, 9, 5], "texture": "#8"},
				"west": {"uv": [5, 1, 8.75, 6], "texture": "#8"},
				"up": {"uv": [6, 6, 11, 14], "texture": "#8"},
				"down": {"uv": [6, 6.25, 11, 14], "texture": "#8"}
			}
		},
		{
			"from": [-15, -16, 12],
			"to": [-5, -8, 23],
			"faces": {
				"north": {"uv": [5, 1, 9, 5], "texture": "#8"},
				"east": {"uv": [8.75, 1, 5, 6], "texture": "#8"},
				"south": {"uv": [5, 1, 8.75, 6], "texture": "#8"},
				"west": {"uv": [5, 1, 8.75, 6], "texture": "#8"},
				"up": {"uv": [6, 6, 11, 14], "texture": "#8"},
				"down": {"uv": [6, 6.25, 11, 14], "texture": "#8"}
			}
		},
		{
			"from": [15, -16, -13],
			"to": [25, -8, -2],
			"faces": {
				"north": {"uv": [9, 1, 5, 5], "texture": "#8"},
				"east": {"uv": [5, 1, 8.75, 6], "texture": "#8"},
				"south": {"uv": [9, 1, 5, 5], "texture": "#8"},
				"west": {"uv": [8.75, 1, 5, 6], "texture": "#8"},
				"up": {"uv": [6, 6, 11, 14], "texture": "#8"},
				"down": {"uv": [11, 6.25, 6, 14], "texture": "#8"}
			}
		},
		{
			"from": [15, -16, 12],
			"to": [25, -8, 23],
			"faces": {
				"north": {"uv": [9, 1, 5, 5], "texture": "#8"},
				"east": {"uv": [5, 1, 8.75, 6], "texture": "#8"},
				"south": {"uv": [9, 1, 5, 5], "texture": "#8"},
				"west": {"uv": [8.75, 1, 5, 6], "texture": "#8"},
				"up": {"uv": [6, 6, 11, 14], "texture": "#8"},
				"down": {"uv": [11, 6.25, 6, 14], "texture": "#8"}
			}
		},
		{
			"name": "beam",
			"from": [-13, -12, -11],
			"to": [-8, -7, 5],
			"faces": {
				"north": {"uv": [5, 5, 11, 11], "texture": "#10"},
				"east": {"uv": [4, 0, 10, 16], "rotation": 90, "texture": "#9"},
				"south": {"uv": [5, 5, 11, 11], "texture": "#10"},
				"west": {"uv": [10, 0, 16, 16], "rotation": 90, "texture": "#9"},
				"up": {"uv": [0, 0, 6, 16], "texture": "#9"},
				"down": {"uv": [8, 0, 14, 16], "texture": "#9"}
			}
		},
		{
			"name": "beam",
			"from": [18, -12, -11],
			"to": [23, -7, 5],
			"faces": {
				"north": {"uv": [5, 5, 11, 11], "texture": "#10"},
				"east": {"uv": [4, 0, 10, 16], "rotation": 90, "texture": "#9"},
				"south": {"uv": [5, 5, 11, 11], "texture": "#10"},
				"west": {"uv": [10, 0, 16, 16], "rotation": 90, "texture": "#9"},
				"up": {"uv": [0, 0, 6, 16], "texture": "#9"},
				"down": {"uv": [8, 0, 14, 16], "texture": "#9"}
			}
		},
		{
			"name": "beam",
			"from": [-13, -12, 5],
			"to": [-8, -7, 21],
			"faces": {
				"north": {"uv": [5, 5, 11, 11], "texture": "#10"},
				"east": {"uv": [4, 0, 10, 16], "rotation": 90, "texture": "#9"},
				"south": {"uv": [5, 5, 11, 11], "texture": "#10"},
				"west": {"uv": [10, 0, 16, 16], "rotation": 90, "texture": "#9"},
				"up": {"uv": [0, 0, 6, 16], "texture": "#9"},
				"down": {"uv": [8, 0, 14, 16], "texture": "#9"}
			}
		},
		{
			"name": "beam",
			"from": [18, -12, 5],
			"to": [23, -7, 21],
			"faces": {
				"north": {"uv": [5, 5, 11, 11], "texture": "#10"},
				"east": {"uv": [4, 0, 10, 16], "rotation": 90, "texture": "#9"},
				"south": {"uv": [5, 5, 11, 11], "texture": "#10"},
				"west": {"uv": [10, 0, 16, 16], "rotation": 90, "texture": "#9"},
				"up": {"uv": [0, 0, 6, 16], "texture": "#9"},
				"down": {"uv": [8, 0, 14, 16], "texture": "#9"}
			}
		},
		{
			"name": "beam",
			"from": [-7.5, -12, 2.5],
			"to": [5.5, -7, 7.5],
			"rotation": {"angle": 0, "axis": "y", "origin": [4.5, -9.5, 5]},
			"faces": {
				"north": {"uv": [9, 2, 15, 16], "rotation": 270, "texture": "#9"},
				"east": {"uv": [5, 5, 11, 11], "texture": "#10"},
				"south": {"uv": [4, 1, 10, 15], "rotation": 270, "texture": "#9"},
				"west": {"uv": [5, 5, 11, 11], "texture": "#10"},
				"up": {"uv": [0, 0, 6, 14], "rotation": 270, "texture": "#9"},
				"down": {"uv": [8, 0, 14, 14], "rotation": 270, "texture": "#9"}
			}
		},
		{
			"name": "beam",
			"from": [-7.5, -12, -9.5],
			"to": [5.5, -7, -4.5],
			"rotation": {"angle": 0, "axis": "y", "origin": [4.5, -9.5, 5]},
			"faces": {
				"north": {"uv": [9, 2, 15, 16], "rotation": 270, "texture": "#9"},
				"east": {"uv": [5, 5, 11, 11], "texture": "#10"},
				"south": {"uv": [4, 1, 10, 15], "rotation": 270, "texture": "#9"},
				"west": {"uv": [5, 5, 11, 11], "texture": "#10"},
				"up": {"uv": [0, 0, 6, 14], "rotation": 270, "texture": "#9"},
				"down": {"uv": [8, 0, 14, 14], "rotation": 270, "texture": "#9"}
			}
		},
		{
			"name": "beam",
			"from": [-7.5, -12, 14.5],
			"to": [5.5, -7, 19.5],
			"rotation": {"angle": 0, "axis": "y", "origin": [4.5, -9.5, 5]},
			"faces": {
				"north": {"uv": [9, 2, 15, 16], "rotation": 270, "texture": "#9"},
				"east": {"uv": [5, 5, 11, 11], "texture": "#10"},
				"south": {"uv": [4, 1, 10, 15], "rotation": 270, "texture": "#9"},
				"west": {"uv": [5, 5, 11, 11], "texture": "#10"},
				"up": {"uv": [0, 0, 6, 14], "rotation": 270, "texture": "#9"},
				"down": {"uv": [8, 0, 14, 14], "rotation": 270, "texture": "#9"}
			}
		},
		{
			"name": "beam",
			"from": [5.5, -12, 2.5],
			"to": [17.5, -7, 7.5],
			"rotation": {"angle": 0, "axis": "y", "origin": [4.5, -9.5, 5]},
			"faces": {
				"north": {"uv": [9, 3, 15, 16], "rotation": 270, "texture": "#9"},
				"east": {"uv": [5, 5, 11, 11], "texture": "#10"},
				"south": {"uv": [4, 1, 10, 14], "rotation": 270, "texture": "#9"},
				"west": {"uv": [5, 5, 11, 11], "texture": "#10"},
				"up": {"uv": [0, 0, 6, 13], "rotation": 270, "texture": "#9"},
				"down": {"uv": [8, 0, 14, 13], "rotation": 270, "texture": "#9"}
			}
		},
		{
			"name": "beam",
			"from": [5.5, -12, -9.5],
			"to": [17.5, -7, -4.5],
			"rotation": {"angle": 0, "axis": "y", "origin": [4.5, -9.5, 5]},
			"faces": {
				"north": {"uv": [9, 3, 15, 16], "rotation": 270, "texture": "#9"},
				"east": {"uv": [5, 5, 11, 11], "texture": "#10"},
				"south": {"uv": [4, 1, 10, 14], "rotation": 270, "texture": "#9"},
				"west": {"uv": [5, 5, 11, 11], "texture": "#10"},
				"up": {"uv": [0, 0, 6, 13], "rotation": 270, "texture": "#9"},
				"down": {"uv": [8, 0, 14, 13], "rotation": 270, "texture": "#9"}
			}
		},
		{
			"name": "beam",
			"from": [5.5, -12, 14.5],
			"to": [17.5, -7, 19.5],
			"rotation": {"angle": 0, "axis": "y", "origin": [4.5, -9.5, 5]},
			"faces": {
				"north": {"uv": [9, 3, 15, 16], "rotation": 270, "texture": "#9"},
				"east": {"uv": [5, 5, 11, 11], "texture": "#10"},
				"south": {"uv": [4, 1, 10, 14], "rotation": 270, "texture": "#9"},
				"west": {"uv": [5, 5, 11, 11], "texture": "#10"},
				"up": {"uv": [0, 0, 6, 13], "rotation": 270, "texture": "#9"},
				"down": {"uv": [8, 0, 14, 13], "rotation": 270, "texture": "#9"}
			}
		}
	],
	"gui_light": "front",
	"display": {
		"gui": {
			"rotation": [0, 146, 0],
			"translation": [-0.25, 0, 0],
			"scale": [0.29, 0.29, 0.29]
		},
		"head": {
			"translation": [5.25, -7.25, 5.25],
			"scale": [1.6, 1.6, 1.6]
		}
	},
	"groups": [
		{
			"name": "head",
			"origin": [8, 8, 8],
			"children": [
				{
					"name": "head_south",
					"origin": [0, 0, 0],
					"children": [0, 1]
				},
				{
					"name": "head_east",
					"origin": [0, 0, 0],
					"children": [2, 3, 4, 5]
				},
				{
					"name": "head_west",
					"origin": [0, 0, 0],
					"children": [6, 7, 8, 9]
				},
				{
					"name": "head_north",
					"origin": [0, 0, 0],
					"children": [10, 11, 12, 13, 14, 15, 16, 17]
				}, 18, 19, 20]
		},
		{
			"name": "fatness1",
			"origin": [0, 0, 0],
			"children": [21, 22, 23, 24, 25, 26, 27, 28, 29, 30, 31, 32, 33, 34, 35, 36, 37, 38, 39, 40, 41, 42, 43, 44, 45, 46, 47, 48, 49, 50]
		}, 51, 52, 53, 54, 55, 56, 57, 58, 59, 60, 61, 62, 63, 64, 65, 66, 67, 68, 69, 70, 71, 72, 73, 74, 75, 76, 77, 78, 79, 80, 81]
}