{
	"texture_size": [64, 64],
	"textures": {
		"0": "entity/villager/villager",
		"1": "entity/bed/white",
		"2": "entity/bed/light_blue",
		"particle": "entity/villager/villager"
	},
	"elements": [
		{
			"from": [4, 0, 4],
			"to": [12, 10, 12],
			"faces": {
				"north": {"uv": [2, 2, 4, 4.5], "texture": "#0"},
				"east": {"uv": [0, 2, 2, 4.5], "texture": "#0"},
				"south": {"uv": [6, 2, 8, 4.5], "texture": "#0"},
				"west": {"uv": [4, 2, 6, 4.5], "texture": "#0"},
				"up": {"uv": [2, 0, 4, 2], "texture": "#0"},
				"down": {"uv": [4, 0, 6, 2], "texture": "#0"}
			}
		},
		{
			"from": [7, -1, 2],
			"to": [9, 3, 4],
			"faces": {
				"north": {"uv": [6.5, 0.5, 7, 1.5], "texture": "#0"},
				"east": {"uv": [7, 0.5, 7.5, 1.5], "texture": "#0"},
				"south": {"uv": [7.5, 0.5, 8, 1.5], "texture": "#0"},
				"west": {"uv": [6, 0.5, 6.5, 1.5], "texture": "#0"},
				"up": {"uv": [7, 0, 7.5, 0.5], "texture": "#0"},
				"down": {"uv": [6.5, 0, 7, 0.5], "texture": "#0"}
			}
		},
		{
			"from": [6, -4, 3.999],
			"to": [7, 2, 3.999],
			"faces": {
				"north": {"uv": [4.25, 9.5, 4.5, 11], "texture": "#1"},
				"south": {"uv": [4.25, 9.5, 4.5, 11], "texture": "#1"}
			}
		},
		{
			"from": [5, 4, 3.999],
			"to": [11, 5, 3.999],
			"faces": {
				"north": {"uv": [1.5, 9, 1.75, 10.5], "rotation": 90, "texture": "#1"}
			}
		},
		{
			"from": [9, 3, 3.999],
			"to": [10, 4, 3.999],
			"faces": {
				"north": {"uv": [6.25, 3.75, 6.5, 4], "rotation": 90, "texture": "#2"}
			}
		},
		{
			"from": [6, 3, 3.999],
			"to": [7, 4, 3.999],
			"faces": {
				"north": {"uv": [6.25, 4, 6.5, 3.75], "rotation": 90, "texture": "#2"},
				"east": {"uv": [0, 0, 0.25, 0], "rotation": 270, "texture": "#missing"},
				"south": {"uv": [0, 0, 0.25, 1.5], "rotation": 270, "texture": "#missing"},
				"west": {"uv": [0, 0, 0.25, 0], "rotation": 270, "texture": "#missing"},
				"up": {"uv": [0, 0, 0, 1.5], "rotation": 270, "texture": "#missing"},
				"down": {"uv": [0, 0, 0, 1.5], "rotation": 270, "texture": "#missing"}
			}
		},
		{
			"from": [9, -4, 3.999],
			"to": [10, 2, 3.999],
			"faces": {
				"north": {"uv": [2, 8.75, 2.25, 10.25], "texture": "#1"},
				"south": {"uv": [2, 8.75, 2.25, 10.25], "texture": "#1"}
			}
		}
	],
	"display": {
		"head": {
			"translation": [0, 3.4001, 0],
			"scale": [1.6001, 1.6001, 1.6001]
		}
	}
}