{
  "generator": {
    "type": "minecraft:noise",
    "seed": 286956243,
    "biome_source": {
      "seed": 286956243,
      "type": "minecraft:multi_noise",
      "temperature_noise": {
        "firstOctave": -7,
        "amplitudes": [
          1,
          1
        ]
      },
      "humidity_noise": {
        "firstOctave": -7,
        "amplitudes": [
          1,
          1
        ]
      },
      "altitude_noise": {
        "firstOctave": -7,
        "amplitudes": [
          1,
          1
        ]
      },
      "weirdness_noise": {
        "firstOctave": -7,
        "amplitudes": [
          1,
          1
        ]
      },
      "biomes": [
        {
          "biome": "minecraft:villia_plains",
          "parameters": {
            "altitude": 0.2,
            "weirdness": 0,
            "offset": 0.1,
            "temperature": 0,
            "humidity": 0.4
          }
        },
        {
          "biome": "minecraft:villia_snow",
          "parameters": {
            "altitude": 0.3,
            "weirdness": 0.3,
            "offset": 0.1,
            "temperature": 0.1,
            "humidity": 0.3
          }
        },
        {
          "biome": "minecraft:villia_desert",
          "parameters": {
            "altitude": 0.1,
            "weirdness": 0.1,
            "offset": 0.1,
            "temperature": 0.9,
            "humidity": 0.1
          }
        },
        {
          "biome": "minecraft:villia_taiga",
          "parameters": {
            "altitude": 0.2,
            "weirdness": 0.4,
            "offset": 0.2,
            "temperature": 0.2,
            "humidity": 0.4
          }
        },
        {
          "biome": "minecraft:villia_savanna",
          "parameters": {
            "altitude": 0.4,
            "weirdness": -0.2,
            "offset": 0.2,
            "temperature": 0.9,
            "humidity": 0.2
          }
        }
      ]
    },
    "settings": "minecraft:villia"
  },
  "type": "minecraft:villia"
}