{
	"texture_size": [64, 64],
	"textures": {
		"0": "entity/consumed/consumed-still",
		"particle": "entity/consumed/consumed-still"
	},
	"elements": [
		{
			"name": "torso",
			"from": [4, 11, 6],
			"to": [12, 23, 10],
			"faces": {
				"north": {"uv": [5, 5, 7, 8], "texture": "#0"},
				"east": {"uv": [4, 5, 5, 8], "texture": "#0"},
				"south": {"uv": [8, 5, 10, 8], "texture": "#0"},
				"west": {"uv": [7, 5, 8, 8], "texture": "#0"},
				"up": {"uv": [5, 4, 7, 5], "texture": "#0"},
				"down": {"uv": [7, 4, 9, 5], "texture": "#0"}
			}
		},
		{
			"from": [4, 8, 7],
			"to": [8, 12, 19],
			"rotation": {"angle": 22.5, "axis": "x", "origin": [6, 10, 8]},
			"faces": {
				"north": {"uv": [5, 12, 6, 13], "rotation": 180, "texture": "#0"},
				"east": {"uv": [4, 13, 5, 16], "rotation": 90, "texture": "#0"},
				"south": {"uv": [6, 12, 7, 13], "texture": "#0"},
				"west": {"uv": [6, 13, 7, 16], "rotation": 270, "texture": "#0"},
				"up": {"uv": [7, 13, 8, 16], "texture": "#0"},
				"down": {"uv": [5, 13, 6, 16], "rotation": 180, "texture": "#0"}
			}
		},
		{
			"from": [8, 8, -3],
			"to": [12, 12, 9],
			"rotation": {"angle": -22.5, "axis": "x", "origin": [10, 10, 8]},
			"faces": {
				"north": {"uv": [2, 4, 3, 5], "rotation": 180, "texture": "#0"},
				"east": {"uv": [0, 5, 1, 8], "rotation": 270, "texture": "#0"},
				"south": {"uv": [1, 4, 2, 5], "texture": "#0"},
				"west": {"uv": [2, 5, 3, 8], "rotation": 90, "texture": "#0"},
				"up": {"uv": [1, 5, 2, 8], "rotation": 180, "texture": "#0"},
				"down": {"uv": [3, 5, 4, 8], "texture": "#0"}
			}
		},
		{
			"from": [3.75, 22.75, 3.75],
			"to": [12.25, 31.25, 12.25],
			"faces": {
				"north": {"uv": [10, 2, 12, 4], "texture": "#0"},
				"east": {"uv": [8, 2, 10, 4], "texture": "#0"},
				"south": {"uv": [14, 2, 16, 4], "texture": "#0"},
				"west": {"uv": [12, 2, 14, 4], "texture": "#0"},
				"up": {"uv": [10, 0, 12, 2], "texture": "#0"},
				"down": {"uv": [12, 0, 14, 2], "rotation": 270, "texture": "#0"}
			}
		},
		{
			"from": [4, 23, 4],
			"to": [12, 31, 12],
			"faces": {
				"north": {"uv": [2, 2, 4, 4], "texture": "#0"},
				"east": {"uv": [0, 2, 2, 4], "texture": "#0"},
				"south": {"uv": [6, 2, 8, 4], "texture": "#0"},
				"west": {"uv": [4, 2, 6, 4], "texture": "#0"},
				"up": {"uv": [2, 0, 4, 2], "texture": "#0"},
				"down": {"uv": [4, 0, 6, 2], "rotation": 270, "texture": "#0"}
			}
		},
		{
			"from": [12, 12, 6],
			"to": [16, 24, 10],
			"rotation": {"angle": -22.5, "axis": "x", "origin": [14, 22, 8]},
			"faces": {
				"north": {"uv": [12, 5, 13, 8], "texture": "#0"},
				"east": {"uv": [11, 5, 12, 8], "texture": "#0"},
				"south": {"uv": [10, 5, 11, 8], "texture": "#0"},
				"west": {"uv": [13, 5, 14, 8], "texture": "#0"},
				"up": {"uv": [11, 4, 12, 5], "rotation": 90, "texture": "#0"},
				"down": {"uv": [12, 4, 13, 5], "rotation": 270, "texture": "#0"}
			}
		},
		{
			"from": [0, 20, -3],
			"to": [4, 24, 9],
			"rotation": {"angle": 45, "axis": "x", "origin": [2, 22, 8]},
			"faces": {
				"north": {"uv": [10, 12, 11, 13], "rotation": 270, "texture": "#0"},
				"east": {"uv": [11, 13, 12, 16], "rotation": 270, "texture": "#0"},
				"south": {"uv": [9, 12, 10, 13], "rotation": 270, "texture": "#0"},
				"west": {"uv": [9, 13, 10, 16], "rotation": 90, "texture": "#0"},
				"up": {"uv": [8, 13, 9, 16], "rotation": 180, "texture": "#0"},
				"down": {"uv": [10, 13, 11, 16], "texture": "#0"}
			}
		}
	],
	"display": {
		"head": {
			"translation": [0, -30.5, 0],
			"scale": [1.6, 1.6, 1.6]
		},
		"fixed": {
			"translation": [0, -6.75, 0]
		}
	},
	"groups": [0,
		{
			"name": "legs",
			"origin": [0, 0, 0],
			"children": [1, 2]
		},
		{
			"name": "head",
			"origin": [0, 0, 0],
			"children": [3, 4]
		},
		{
			"name": "arms",
			"origin": [0, 0, 0],
			"children": [5, 6]
		}
	]
}