{
	"credit": "Made with Blockbench",
	"texture_size": [64, 32],
	"textures": {
		"0": "entity/penguin/still",
		"particle": "entity/penguin/still"
	},
	"elements": [
		{
			"from": [4, 1, 6],
			"to": [6, 13, 6],
			"faces": {
				"north": {"uv": [0, 4, 3, 5], "rotation": 90, "texture": "#0"},
				"east": {"uv": [0, 0, 0, 12], "texture": "#0"},
				"south": {"uv": [0, 0, 2, 12], "texture": "#0"},
				"west": {"uv": [0, 0, 0, 12], "texture": "#0"},
				"up": {"uv": [0, 0, 2, 0], "texture": "#0"},
				"down": {"uv": [0, 0, 2, 0], "texture": "#0"}
			}
		},
		{
			"from": [4, 1, 6],
			"to": [4, 13, 12],
			"rotation": {"angle": 0, "axis": "y", "origin": [5, 7, 7]},
			"faces": {
				"north": {"uv": [0, 0, 0, 12], "texture": "#0"},
				"east": {"uv": [0, 0, 2, 12], "texture": "#0"},
				"south": {"uv": [0, 0, 0, 12], "texture": "#0"},
				"west": {"uv": [0, 0, 3, 3], "rotation": 90, "texture": "#0"},
				"up": {"uv": [0, 0, 2, 0], "rotation": 270, "texture": "#0"},
				"down": {"uv": [0, 0, 2, 0], "rotation": 90, "texture": "#0"}
			}
		},
		{
			"from": [12, 1, 6],
			"to": [12, 13, 12],
			"rotation": {"angle": 0, "axis": "y", "origin": [5, 7, 7]},
			"faces": {
				"north": {"uv": [0, 0, 0, 12], "texture": "#0"},
				"east": {"uv": [0.5, 5, 3.5, 2], "rotation": 90, "texture": "#0"},
				"south": {"uv": [0, 0, 0, 12], "texture": "#0"},
				"west": {"uv": [0, 0, 2, 12], "texture": "#0"},
				"up": {"uv": [0, 0, 2, 0], "rotation": 90, "texture": "#0"},
				"down": {"uv": [0, 0, 2, 0], "rotation": 270, "texture": "#0"}
			}
		},
		{
			"from": [4, 1, 12],
			"to": [12, 13, 12],
			"rotation": {"angle": 0, "axis": "y", "origin": [5, 7, 7]},
			"faces": {
				"north": {"uv": [0, 0, 2, 12], "texture": "#0"},
				"east": {"uv": [0, 0, 0, 12], "texture": "#0"},
				"south": {"uv": [2, 0, 0, 6], "texture": "#0"},
				"west": {"uv": [0, 0, 0, 12], "texture": "#0"},
				"up": {"uv": [0, 0, 2, 0], "rotation": 180, "texture": "#0"},
				"down": {"uv": [0, 0, 2, 0], "rotation": 180, "texture": "#0"}
			}
		},
		{
			"from": [4, 13, 6],
			"to": [12, 13, 12],
			"rotation": {"angle": 0, "axis": "y", "origin": [5, 7, 7]},
			"faces": {
				"north": {"uv": [0, 0, 2, 12], "texture": "#0"},
				"east": {"uv": [0, 0, 0, 12], "texture": "#0"},
				"south": {"uv": [0, 0, 0, 0], "texture": "#0"},
				"west": {"uv": [0, 0, 0, 12], "texture": "#0"},
				"up": {"uv": [1.75, 2, 3.75, 5], "rotation": 180, "texture": "#0"},
				"down": {"uv": [0, 0, 2, 0], "rotation": 180, "texture": "#0"}
			}
		},
		{
			"from": [10, 1, 6],
			"to": [12, 1, 12],
			"rotation": {"angle": 0, "axis": "y", "origin": [5, 7, 7]},
			"faces": {
				"north": {"uv": [0, 0, 2, 12], "texture": "#0"},
				"east": {"uv": [0, 0, 0, 12], "texture": "#0"},
				"south": {"uv": [0, 0, 0, 0], "texture": "#0"},
				"west": {"uv": [0, 0, 0, 12], "texture": "#0"},
				"up": {"uv": [5, 3, 13, 9], "rotation": 180, "texture": "#0"},
				"down": {"uv": [1, 1.5, 1.5, 4.5], "rotation": 180, "texture": "#0"}
			}
		},
		{
			"from": [4, 1, 6],
			"to": [6, 1, 12],
			"rotation": {"angle": 0, "axis": "y", "origin": [5, 7, 7]},
			"faces": {
				"north": {"uv": [0, 0, 2, 12], "texture": "#0"},
				"east": {"uv": [0, 0, 0, 12], "texture": "#0"},
				"south": {"uv": [0, 0, 0, 0], "texture": "#0"},
				"west": {"uv": [0, 0, 0, 12], "texture": "#0"},
				"up": {"uv": [5, 3, 13, 9], "rotation": 180, "texture": "#0"},
				"down": {"uv": [1.5, 1, 2, 4], "rotation": 180, "texture": "#0"}
			}
		},
		{
			"from": [6, 1, 6],
			"to": [10, 11, 6],
			"faces": {
				"north": {"uv": [5.5, 0.5, 6.5, 5.5], "texture": "#0"},
				"east": {"uv": [0, 0, 0, 12], "texture": "#0"},
				"south": {"uv": [0, 0, 2, 12], "texture": "#0"},
				"west": {"uv": [0, 0, 0, 12], "texture": "#0"},
				"up": {"uv": [0, 0, 2, 0], "texture": "#0"},
				"down": {"uv": [0, 0, 2, 0], "texture": "#0"}
			}
		},
		{
			"from": [6, 1, 6],
			"to": [10, 1, 12],
			"faces": {
				"north": {"uv": [0, 0, 2, 0], "rotation": 180, "texture": "#0"},
				"east": {"uv": [0, 0, 0, 12], "rotation": 90, "texture": "#0"},
				"south": {"uv": [0, 0, 2, 0], "texture": "#0"},
				"west": {"uv": [0, 0, 0, 12], "rotation": 270, "texture": "#0"},
				"up": {"uv": [0, 0, 2, 12], "texture": "#0"},
				"down": {"uv": [5.5, 3, 6.5, 6], "rotation": 180, "texture": "#0"}
			}
		},
		{
			"from": [10, 1, 6],
			"to": [12, 13, 6],
			"faces": {
				"north": {"uv": [1, 0, 4, 1], "rotation": 90, "texture": "#0"},
				"east": {"uv": [0, 0, 0, 12], "texture": "#0"},
				"south": {"uv": [0, 0, 2, 12], "texture": "#0"},
				"west": {"uv": [0, 0, 0, 12], "texture": "#0"},
				"up": {"uv": [0, 0, 2, 0], "texture": "#0"},
				"down": {"uv": [0, 0, 2, 0], "texture": "#0"}
			}
		},
		{
			"from": [6, 11, 6],
			"to": [10, 13, 6],
			"faces": {
				"north": {"uv": [0, 2, 0.5, 4], "rotation": 90, "texture": "#0"},
				"east": {"uv": [0, 0, 0, 12], "texture": "#0"},
				"south": {"uv": [0, 0, 2, 12], "texture": "#0"},
				"west": {"uv": [0, 0, 0, 12], "texture": "#0"},
				"up": {"uv": [0, 0, 2, 0], "texture": "#0"},
				"down": {"uv": [0, 0, 2, 0], "texture": "#0"}
			}
		},
		{
			"name": "tail",
			"from": [6.5, 0.5, 10],
			"to": [9.5, 1.5, 14],
			"faces": {
				"north": {"uv": [0, 0, 3, 1], "texture": "#0"},
				"east": {"uv": [0.75, 3.5, 1.75, 4], "texture": "#0"},
				"south": {"uv": [2.75, 5.5, 3.5, 6], "texture": "#0"},
				"west": {"uv": [0, 2.5, 1, 3], "texture": "#0"},
				"up": {"uv": [1.75, 2, 2.5, 4], "texture": "#0"},
				"down": {"uv": [5.5, 2, 6.25, 4], "texture": "#0"}
			}
		},
		{
			"from": [5.5, 13, 6],
			"to": [10.5, 17, 11],
			"faces": {
				"north": {"uv": [2, 4.5, 3.25, 6.5], "texture": "#0"},
				"east": {"uv": [2.25, 2.5, 1, 4.5], "texture": "#0"},
				"south": {"uv": [2, 1.5, 3.25, 3.5], "texture": "#0"},
				"west": {"uv": [1, 2.5, 2.25, 4.5], "texture": "#0"},
				"up": {"uv": [0, 1, 1.25, 3.5], "texture": "#0"},
				"down": {"uv": [6, 6, 11, 11], "texture": "#0"}
			}
		},
		{
			"from": [9, 0, 5],
			"to": [12, 1, 10],
			"rotation": {"angle": 0, "axis": "y", "origin": [16, 0, 0]},
			"faces": {
				"north": {"uv": [11.75, 13.5, 11, 13.75], "texture": "#0"},
				"east": {"uv": [10.5, 8, 9.25, 8.25], "texture": "#0"},
				"south": {"uv": [12, 8.5, 11.25, 9], "texture": "#0"},
				"west": {"uv": [10, 12, 11.25, 12.5], "texture": "#0"},
				"up": {"uv": [11, 1.5, 10.25, 4], "texture": "#0"},
				"down": {"uv": [11.5, 5, 10.75, 6.25], "texture": "#0"}
			}
		},
		{
			"from": [4, 0, 5],
			"to": [7, 1, 10],
			"faces": {
				"north": {"uv": [11, 13.5, 11.75, 13.75], "texture": "#0"},
				"east": {"uv": [11.25, 12, 10, 12.5], "texture": "#0"},
				"south": {"uv": [11.25, 8.5, 12, 9], "texture": "#0"},
				"west": {"uv": [9.25, 8, 10.5, 8.25], "texture": "#0"},
				"up": {"uv": [10.25, 1.5, 11, 4], "texture": "#0"},
				"down": {"uv": [10.75, 5, 11.5, 6.25], "texture": "#0"}
			}
		},
		{
			"from": [6.5, 13, 4],
			"to": [9.5, 14, 9],
			"rotation": {"angle": 0, "axis": "y", "origin": [16, 0, 0]},
			"faces": {
				"north": {"uv": [11.75, 5.5, 11, 6], "texture": "#0"},
				"east": {"uv": [10.75, 11, 9.5, 11.25], "texture": "#0"},
				"south": {"uv": [7.5, 6, 6.75, 6.25], "texture": "#0"},
				"west": {"uv": [10.25, 7, 9, 7.5], "texture": "#0"},
				"up": {"uv": [11.75, 5.5, 11, 8], "texture": "#0"},
				"down": {"uv": [11, 10.5, 9.75, 12], "rotation": 270, "texture": "#0"}
			}
		},
		{
			"from": [12, 2, 7],
			"to": [13, 12, 10],
			"rotation": {"angle": 0, "axis": "x", "origin": [12.5, 11, 8.5]},
			"faces": {
				"north": {"uv": [1.25, 0.5, 1, 5.5], "texture": "#0"},
				"east": {"uv": [0, 2.5, 2.5, 1], "rotation": 90, "texture": "#0"},
				"south": {"uv": [1.75, 0.5, 1.5, 5.5], "texture": "#0"},
				"west": {"uv": [7.25, 3, 4.75, 1.5], "rotation": 90, "texture": "#0"},
				"up": {"uv": [2.75, 1.5, 2.5, 3], "texture": "#0"},
				"down": {"uv": [1.5, 1.5, 1.25, 3], "texture": "#0"}
			}
		},
		{
			"from": [3, 2, 7],
			"to": [4, 12, 10],
			"rotation": {"angle": 0, "axis": "x", "origin": [3.5, 11, 8.5]},
			"faces": {
				"north": {"uv": [1, 0.5, 1.25, 5.5], "texture": "#0"},
				"east": {"uv": [7.25, 1.5, 4.75, 3], "rotation": 90, "texture": "#0"},
				"south": {"uv": [1.5, 0.5, 1.75, 5.5], "texture": "#0"},
				"west": {"uv": [0, 1, 2.5, 2.5], "rotation": 90, "texture": "#0"},
				"up": {"uv": [2.5, 1.5, 2.75, 3], "texture": "#0"},
				"down": {"uv": [1.25, 1.5, 1.5, 3], "texture": "#0"}
			}
		},
		{
			"from": [5.5, 14, 5.99],
			"to": [7.5, 16, 5.99],
			"faces": {
				"north": {"uv": [12.5, 4, 12, 5], "texture": "#0"},
				"east": {"uv": [0, 0, 0, 1], "texture": "#0"},
				"south": {"uv": [0, 0, 2, 1], "texture": "#0"},
				"west": {"uv": [0, 0, 0, 1], "texture": "#0"},
				"up": {"uv": [0, 0, 2, 0], "texture": "#0"},
				"down": {"uv": [0, 0, 2, 0], "texture": "#0"}
			}
		},
		{
			"from": [8.5, 14, 5.99],
			"to": [10.5, 16, 5.99],
			"faces": {
				"north": {"uv": [12, 4, 12.5, 5], "texture": "#0"},
				"east": {"uv": [0, 0, 0, 1], "texture": "#0"},
				"south": {"uv": [0, 0, 2, 1], "texture": "#0"},
				"west": {"uv": [0, 0, 0, 1], "texture": "#0"},
				"up": {"uv": [0, 0, 2, 0], "texture": "#0"},
				"down": {"uv": [0, 0, 2, 0], "texture": "#0"}
			}
		}
	],
	"display": {
		"head": {
			"translation": [0, -30.45, 0],
			"scale": [1.6, 1.6, 1.6]
		}
	},
	"groups": [
		{
			"name": "body",
			"origin": [0, 0, 0],
			"color": 0,
			"children": [0, 1, 2, 3, 4, 5, 6, 7, 8, 9, 10]
		}, 11, 12, 13, 14, 15, 16, 17, 18, 19]
}