{
    "credit": "Made with Blockbench", 
    "texture_size": [
        64, 
        32
    ], 
    "textures": {
        "main": "entity/penguin/swim"
    }, 
    "elements": [
        {
            "from": [ 4, 0.126, 2.224 ], 
            "to":   [ 6, 0.126, 14.224 ], 
            "rotation": { "angle": 0, "axis": "x", "origin": [8, 7.175, 8.049] }, 
            "faces": {
                "north": { "uv": [ 0, 0, 1, 0 ], "rotation":180, "texture": "#main" }, 
                "east":  { "uv": [ 0, 0, 0, 3 ], "rotation":90, "texture": "#main" }, 
                "south": { "uv": [ 0, 0, 1, 0 ], "texture": "#main" }, 
                "west":  { "uv": [ 0, 0, 0, 3 ], "rotation":270, "texture": "#main" }, 
                "up":    { "uv": [ 0, 0, 1, 3 ], "texture": "#main" }, 
                "down":  { "uv": [ 0, 1, 1.5, 1.25 ], "rotation":270, "texture": "#main" }
            }
        }, 
        {
            "from": [ 4, 0.126, 2.224 ], 
            "to":   [ 4, 6.126, 14.224 ], 
            "rotation": { "angle": 0, "axis": "x", "origin": [8, 7.175, 8.049] }, 
            "faces": {
                "north": { "uv": [ 0, 0, 1, 0 ], "rotation":90, "texture": "#main" }, 
                "east":  { "uv": [ 0, 0, 1, 3 ], "rotation":90, "texture": "#main" }, 
                "south": { "uv": [ 0, 0, 1, 0 ], "rotation":90, "texture": "#main" }, 
                "west":  { "uv": [ 0, 0, 1.5, 0.75 ], "texture": "#main" }, 
                "up":    { "uv": [ 0, 0, 0, 3 ], "texture": "#main" }, 
                "down":  { "uv": [ 0, 0, 0, 3 ], "rotation":180, "texture": "#main" }
            }
        }, 
        {
            "from": [ 12, 0.126, 2.224 ], 
            "to":   [ 12, 6.126, 14.224 ], 
            "rotation": { "angle": 0, "axis": "x", "origin": [8, 7.175, 8.049] }, 
            "faces": {
                "north": { "uv": [ 0, 0, 1, 0 ], "rotation":270, "texture": "#main" }, 
                "east":  { "uv": [ 0.25, 1.25, 1.75, 0.5 ], "rotation":180, "texture": "#main" }, 
                "south": { "uv": [ 0, 0, 1, 0 ], "rotation":270, "texture": "#main" }, 
                "west":  { "uv": [ 0, 0, 1, 3 ], "rotation":270, "texture": "#main" }, 
                "up":    { "uv": [ 0, 0, 0, 3 ], "texture": "#main" }, 
                "down":  { "uv": [ 0, 0, 0, 3 ], "rotation":180, "texture": "#main" }
            }
        }, 
        {
            "from": [ 4, 6.126, 2.224 ], 
            "to":   [ 12, 6.126, 14.224 ], 
            "rotation": { "angle": 0, "axis": "x", "origin": [8, 7.175, 8.049] }, 
            "faces": {
                "north": { "uv": [ 0, 0, 1, 0 ], "texture": "#main" }, 
                "east":  { "uv": [ 0, 0, 0, 3 ], "rotation":90, "texture": "#main" }, 
                "south": { "uv": [ 0, 0, 1, 0 ], "rotation":180, "texture": "#main" }, 
                "west":  { "uv": [ 0, 0, 0, 3 ], "rotation":270, "texture": "#main" }, 
                "up":    { "uv": [ 1, 0, 0, 1.5 ], "texture": "#main" }, 
                "down":  { "uv": [ 0, 0, 1, 3 ], "rotation":180, "texture": "#main" }
            }
        }, 
        {
            "from": [ 4, 0.126, 2.224 ], 
            "to":   [ 12, 6.126, 2.224 ], 
            "rotation": { "angle": 0, "axis": "x", "origin": [8, 7.175, 8.049] }, 
            "faces": {
                "north": { "uv": [ 0.875, 0.5, 1.875, 1.25 ], "texture": "#main" }, 
                "east":  { "uv": [ 0, 0, 0, 3 ], "rotation":90, "texture": "#main" }, 
                "south": { "uv": [ 0, 0, 1, 0 ], "rotation":180, "texture": "#main" }, 
                "west":  { "uv": [ 0, 0, 0, 3 ], "rotation":270, "texture": "#main" }, 
                "up":    { "uv": [ 0, 0, 0, 0 ], "texture": "#main" }, 
                "down":  { "uv": [ 0, 0, 1, 3 ], "rotation":180, "texture": "#main" }
            }
        }, 
        {
            "from": [ 10, 0.126, 14.224 ], 
            "to":   [ 12, 6.126, 14.224 ], 
            "rotation": { "angle": 0, "axis": "x", "origin": [8, 7.175, 8.049] }, 
            "faces": {
                "north": { "uv": [ 2.5, 0.75, 6.5, 2.25 ], "texture": "#main" }, 
                "east":  { "uv": [ 0, 0, 0, 3 ], "rotation":90, "texture": "#main" }, 
                "south": { "uv": [ 0.5, 0.375, 0.75, 1.125 ], "rotation":180, "texture": "#main" }, 
                "west":  { "uv": [ 0, 0, 0, 3 ], "rotation":270, "texture": "#main" }, 
                "up":    { "uv": [ 0, 0, 0, 0 ], "texture": "#main" }, 
                "down":  { "uv": [ 0, 0, 1, 3 ], "rotation":180, "texture": "#main" }
            }
        }, 
        {
            "from": [ 4, 0.126, 14.224 ], 
            "to":   [ 6, 6.126, 14.224 ], 
            "rotation": { "angle": 0, "axis": "x", "origin": [8, 7.175, 8.049] }, 
            "faces": {
                "north": { "uv": [ 2.5, 0.75, 6.5, 2.25 ], "texture": "#main" }, 
                "east":  { "uv": [ 0, 0, 0, 3 ], "rotation":90, "texture": "#main" }, 
                "south": { "uv": [ 0.75, 0.25, 1, 1 ], "rotation":180, "texture": "#main" }, 
                "west":  { "uv": [ 0, 0, 0, 3 ], "rotation":270, "texture": "#main" }, 
                "up":    { "uv": [ 0, 0, 0, 0 ], "texture": "#main" }, 
                "down":  { "uv": [ 0, 0, 1, 3 ], "rotation":180, "texture": "#main" }
            }
        }, 
        {
            "from": [ 6, 0.126, 4.224 ], 
            "to":   [ 10, 0.126, 14.224 ], 
            "rotation": { "angle": 0, "axis": "x", "origin": [8, 7.175, 8.049] }, 
            "faces": {
                "north": { "uv": [ 0, 0, 1, 0 ], "rotation":180, "texture": "#main" }, 
                "east":  { "uv": [ 0, 0, 0, 3 ], "rotation":90, "texture": "#main" }, 
                "south": { "uv": [ 0, 0, 1, 0 ], "texture": "#main" }, 
                "west":  { "uv": [ 0, 0, 0, 3 ], "rotation":270, "texture": "#main" }, 
                "up":    { "uv": [ 0, 0, 1, 3 ], "texture": "#main" }, 
                "down":  { "uv": [ 2.75, 0.125, 3.25, 1.375 ], "rotation":180, "texture": "#main" }
            }
        }, 
        {
            "from": [ 6, 0.126, 14.224 ], 
            "to":   [ 10, 6.126, 14.224 ], 
            "rotation": { "angle": 0, "axis": "x", "origin": [8, 7.175, 8.049] }, 
            "faces": {
                "north": { "uv": [ 0, 0, 1, 3 ], "rotation":180, "texture": "#main" }, 
                "east":  { "uv": [ 0, 0, 0, 3 ], "rotation":180, "texture": "#main" }, 
                "south": { "uv": [ 2.75, 0.75, 3.25, 1.5 ], "rotation":180, "texture": "#main" }, 
                "west":  { "uv": [ 0, 0, 0, 3 ], "rotation":180, "texture": "#main" }, 
                "up":    { "uv": [ 0, 0, 1, 0 ], "texture": "#main" }, 
                "down":  { "uv": [ 0, 0, 1, 0 ], "texture": "#main" }
            }
        }, 
        {
            "from": [ 10, 0.126, 2.224 ], 
            "to":   [ 12, 0.126, 14.224 ], 
            "rotation": { "angle": 0, "axis": "x", "origin": [8, 7.175, 8.049] }, 
            "faces": {
                "north": { "uv": [ 0, 0, 1, 0 ], "rotation":180, "texture": "#main" }, 
                "east":  { "uv": [ 0, 0, 0, 3 ], "rotation":90, "texture": "#main" }, 
                "south": { "uv": [ 0, 0, 1, 0 ], "texture": "#main" }, 
                "west":  { "uv": [ 0, 0, 0, 3 ], "rotation":270, "texture": "#main" }, 
                "up":    { "uv": [ 0, 0, 1, 3 ], "texture": "#main" }, 
                "down":  { "uv": [ 0.5, 0, 2, 0.25 ], "rotation":270, "texture": "#main" }
            }
        }, 
        {
            "from": [ 6, 0.126, 2.224 ], 
            "to":   [ 10, 0.126, 4.224 ], 
            "rotation": { "angle": 0, "axis": "x", "origin": [8, 7.175, 8.049] }, 
            "faces": {
                "north": { "uv": [ 0, 0, 1, 0 ], "rotation":180, "texture": "#main" }, 
                "east":  { "uv": [ 0, 0, 0, 3 ], "rotation":90, "texture": "#main" }, 
                "south": { "uv": [ 0, 0, 1, 0 ], "texture": "#main" }, 
                "west":  { "uv": [ 0, 0, 0, 3 ], "rotation":270, "texture": "#main" }, 
                "up":    { "uv": [ 0, 0, 1, 3 ], "texture": "#main" }, 
                "down":  { "uv": [ 0, 0.5, 0.25, 1 ], "rotation":270, "texture": "#main" }
            }
        }, 
        {
            "name": "tail", 
            "from": [ 6.5, 3.5, 12 ], 
            "to":   [ 9.5, 4.5, 16 ], 
            "rotation": { "angle": -22.5, "axis": "x", "origin": [8, 7.175, 8.049] }, 
            "faces": {
                "north": { "uv": [ 0, 0, 1.5, 0.25 ], "texture": "#main" }, 
                "east":  { "uv": [ 0.375, 0.875, 0.875, 1 ], "texture": "#main" }, 
                "south": { "uv": [ 1.375, 1.375, 1.75, 1.5 ], "texture": "#main" }, 
                "west":  { "uv": [ 0, 0.625, 0.5, 0.75 ], "texture": "#main" }, 
                "up":    { "uv": [ 0.875, 0.5, 1.25, 1 ], "texture": "#main" }, 
                "down":  { "uv": [ 2.75, 0.5, 3.125, 1 ], "texture": "#main" }
            }
        }, 
        {
            "from": [ 5.5, 0.246, -2.146 ], 
            "to":   [ 10.5, 4.246, 2.854 ], 
            "rotation": { "angle": 0, "axis": "x", "origin": [8, 0.871, 0.599] }, 
            "faces": {
                "north": { "uv": [ 1, 1.125, 1.625, 1.625 ], "texture": "#main" }, 
                "east":  { "uv": [ 1.125, 0.625, 0.5, 1.125 ], "texture": "#main" }, 
                "south": { "uv": [ 1, 0.375, 1.625, 0.875 ], "texture": "#main" }, 
                "west":  { "uv": [ 0.5, 0.625, 1.125, 1.125 ], "texture": "#main" }, 
                "up":    { "uv": [ 0, 0.25, 0.625, 0.875 ], "texture": "#main" }, 
                "down":  { "uv": [ 0.375, 0.75, 1, 1.375 ], "texture": "#main" }
            }
        }, 
        {
            "from": [ 4, 3.126, 15.224 ], 
            "to":   [ 7, 4.126, 20.224 ], 
            "rotation": { "angle": -22.5, "axis": "x", "origin": [5.5, 1.626, 14.724] }, 
            "faces": {
                "north": { "uv": [ 5.625, 2.125, 6, 2.25 ], "rotation":180, "texture": "#main" }, 
                "east":  { "uv": [ 5.625, 3, 5, 3.125 ], "rotation":180, "texture": "#main" }, 
                "south": { "uv": [ 5.5, 3.375, 5.875, 3.4375 ], "rotation":180, "texture": "#main" }, 
                "west":  { "uv": [ 4.625, 2, 5.25, 2.0625 ], "rotation":180, "texture": "#main" }, 
                "up":    { "uv": [ 5.375, 1.25, 5.75, 1.5625 ], "texture": "#main" }, 
                "down":  { "uv": [ 5.125, 0.375, 5.5, 1 ], "texture": "#main" }
            }
        }, 
        {
            "from": [ 9, 2.126, 13.224 ], 
            "to":   [ 12, 3.126, 18.224 ], 
            "rotation": { "angle": 22.5, "axis": "x", "origin": [10.5, 1.626, 14.724] }, 
            "faces": {
                "north": { "uv": [ 6, 2.125, 5.625, 2.25 ], "rotation":180, "texture": "#main" }, 
                "east":  { "uv": [ 5.25, 2, 4.625, 2.0625 ], "rotation":180, "texture": "#main" }, 
                "south": { "uv": [ 5.875, 3.375, 5.5, 3.4375 ], "rotation":180, "texture": "#main" }, 
                "west":  { "uv": [ 5, 3, 5.625, 3.125 ], "rotation":180, "texture": "#main" }, 
                "up":    { "uv": [ 5.75, 1.25, 5.375, 1.5625 ], "texture": "#main" }, 
                "down":  { "uv": [ 5.5, 0.375, 5.125, 1 ], "texture": "#main" }
            }
        }, 
        {
            "from": [ 6.5, 0.256, -4.146 ], 
            "to":   [ 9.5, 1.246, 0.854 ], 
            "rotation": { "angle": 0, "axis": "x", "origin": [8, 0.871, 0.599] }, 
            "faces": {
                "north": { "uv": [ 5.875, 1.375, 5.5, 1.5 ], "texture": "#main" }, 
                "east":  { "uv": [ 5.375, 2.75, 4.75, 2.8125 ], "texture": "#main" }, 
                "south": { "uv": [ 3.75, 1.5, 3.375, 1.5625 ], "texture": "#main" }, 
                "west":  { "uv": [ 5.125, 1.75, 4.5, 1.875 ], "texture": "#main" }, 
                "up":    { "uv": [ 5.875, 1.375, 5.5, 2 ], "texture": "#main" }, 
                "down":  { "uv": [ 5.5, 2.625, 4.875, 3 ], "rotation":270, "texture": "#main" }
            }
        }, 
        {
            "from": [ 12, 1.126, 3.224 ], 
            "to":   [ 13, 4.126, 13.224 ], 
            "rotation": { "angle": 0, "axis": "x", "origin": [8, 7.175, 8.049] }, 
            "faces": {
                "north": { "uv": [ 1.375, 0.375, 1.25, 0.75 ], "rotation":180, "texture": "#main" }, 
                "east":  { "uv": [ 0, 0.625, 1.25, 0.25 ], "rotation":180, "texture": "#main" }, 
                "south": { "uv": [ 0.75, 0.375, 0.625, 0.75 ], "texture": "#main" }, 
                "west":  { "uv": [ 3.625, 0.75, 2.375, 0.375 ], "texture": "#main" }, 
                "up":    { "uv": [ 0.875, 0.125, 0.75, 1.375 ], "texture": "#main" }, 
                "down":  { "uv": [ 0.625, 0.125, 0.5, 1.375 ], "rotation":180, "texture": "#main" }
            }
        }, 
        {
            "from": [ 3, 1.126, 3.224 ], 
            "to":   [ 4, 4.126, 13.224 ], 
            "rotation": { "angle": 0, "axis": "x", "origin": [8, 7.175, 8.049] }, 
            "faces": {
                "north": { "uv": [ 1.25, 0.375, 1.375, 0.75 ], "rotation":180, "texture": "#main" }, 
                "east":  { "uv": [ 3.625, 0.375, 2.375, 0.75 ], "rotation":180, "texture": "#main" }, 
                "south": { "uv": [ 0.625, 0.375, 0.75, 0.75 ], "texture": "#main" }, 
                "west":  { "uv": [ 0, 0.25, 1.25, 0.625 ], "texture": "#main" }, 
                "up":    { "uv": [ 0.75, 0.125, 0.875, 1.375 ], "texture": "#main" }, 
                "down":  { "uv": [ 0.5, 0.125, 0.625, 1.375 ], "rotation":180, "texture": "#main" }
            }
        }, 
        {
            "from": [ 5.5, 1.246, -2.156 ], 
            "to":   [ 7.5, 3.246, -2.156 ], 
            "rotation": { "angle": 0, "axis": "x", "origin": [8, 0.871, 0.599] }, 
            "faces": {
                "north": { "uv": [ 6.25, 1, 6, 1.25 ], "texture": "#main" }, 
                "east":  { "uv": [ 0, 0, 0, 0.25 ], "texture": "#main" }, 
                "south": { "uv": [ 0, 0, 1, 0.25 ], "texture": "#main" }, 
                "west":  { "uv": [ 0, 0, 0, 0.25 ], "texture": "#main" }, 
                "up":    { "uv": [ 0, 0, 1, 0 ], "texture": "#main" }, 
                "down":  { "uv": [ 0, 0, 1, 0 ], "texture": "#main" }
            }
        }, 
        {
            "from": [ 8.5, 1.246, -2.156 ], 
            "to":   [ 10.5, 3.246, -2.156 ], 
            "rotation": { "angle": 0, "axis": "x", "origin": [8, 0.871, 0.599] }, 
            "faces": {
                "north": { "uv": [ 6, 1, 6.25, 1.25 ], "texture": "#main" }, 
                "east":  { "uv": [ 0, 0, 0, 0.25 ], "texture": "#main" }, 
                "south": { "uv": [ 0, 0, 1, 0.25 ], "texture": "#main" }, 
                "west":  { "uv": [ 0, 0, 0, 0.25 ], "texture": "#main" }, 
                "up":    { "uv": [ 0, 0, 1, 0 ], "texture": "#main" }, 
                "down":  { "uv": [ 0, 0, 1, 0 ], "texture": "#main" }
            }
        }, 
        {
            "from": [ 4, 0.126, 2.224 ], 
            "to":   [ 6, 0.126, 14.224 ], 
            "rotation": { "angle": 0, "axis": "x", "origin": [8, 7.175, 8.049] }, 
            "faces": {
                "north": { "uv": [ 8, 0, 9, 0 ], "rotation":180, "texture": "#main" }, 
                "east":  { "uv": [ 8, 0, 8, 3 ], "rotation":90, "texture": "#main" }, 
                "south": { "uv": [ 8, 0, 9, 0 ], "texture": "#main" }, 
                "west":  { "uv": [ 8, 0, 8, 3 ], "rotation":270, "texture": "#main" }, 
                "up":    { "uv": [ 8, 0, 9, 3 ], "texture": "#main" }, 
                "down":  { "uv": [ 8, 1, 9.5, 1.25 ], "rotation":270, "texture": "#main" }
            }
        }, 
        {
            "from": [ 4, 0.126, 2.224 ], 
            "to":   [ 4, 6.126, 14.224 ], 
            "rotation": { "angle": 0, "axis": "x", "origin": [8, 7.175, 8.049] }, 
            "faces": {
                "north": { "uv": [ 8, 0, 9, 0 ], "rotation":90, "texture": "#main" }, 
                "east":  { "uv": [ 8, 0, 9, 3 ], "rotation":90, "texture": "#main" }, 
                "south": { "uv": [ 8, 0, 9, 0 ], "rotation":90, "texture": "#main" }, 
                "west":  { "uv": [ 8, 0, 9.5, 0.75 ], "texture": "#main" }, 
                "up":    { "uv": [ 8, 0, 8, 3 ], "texture": "#main" }, 
                "down":  { "uv": [ 8, 0, 8, 3 ], "rotation":180, "texture": "#main" }
            }
        }, 
        {
            "from": [ 12, 0.126, 2.224 ], 
            "to":   [ 12, 6.126, 14.224 ], 
            "rotation": { "angle": 0, "axis": "x", "origin": [8, 7.175, 8.049] }, 
            "faces": {
                "north": { "uv": [ 8, 0, 9, 0 ], "rotation":270, "texture": "#main" }, 
                "east":  { "uv": [ 8.25, 1.25, 9.75, 0.5 ], "rotation":180, "texture": "#main" }, 
                "south": { "uv": [ 8, 0, 9, 0 ], "rotation":270, "texture": "#main" }, 
                "west":  { "uv": [ 8, 0, 9, 3 ], "rotation":270, "texture": "#main" }, 
                "up":    { "uv": [ 8, 0, 8, 3 ], "texture": "#main" }, 
                "down":  { "uv": [ 8, 0, 8, 3 ], "rotation":180, "texture": "#main" }
            }
        }, 
        {
            "from": [ 4, 6.126, 2.224 ], 
            "to":   [ 12, 6.126, 14.224 ], 
            "rotation": { "angle": 0, "axis": "x", "origin": [8, 7.175, 8.049] }, 
            "faces": {
                "north": { "uv": [ 8, 0, 9, 0 ], "texture": "#main" }, 
                "east":  { "uv": [ 8, 0, 8, 3 ], "rotation":90, "texture": "#main" }, 
                "south": { "uv": [ 8, 0, 9, 0 ], "rotation":180, "texture": "#main" }, 
                "west":  { "uv": [ 8, 0, 8, 3 ], "rotation":270, "texture": "#main" }, 
                "up":    { "uv": [ 9, 0, 8, 1.5 ], "texture": "#main" }, 
                "down":  { "uv": [ 8, 0, 9, 3 ], "rotation":180, "texture": "#main" }
            }
        }, 
        {
            "from": [ 4, 0.126, 2.224 ], 
            "to":   [ 12, 6.126, 2.224 ], 
            "rotation": { "angle": 0, "axis": "x", "origin": [8, 7.175, 8.049] }, 
            "faces": {
                "north": { "uv": [ 8.875, 0.5, 9.875, 1.25 ], "texture": "#main" }, 
                "east":  { "uv": [ 8, 0, 8, 3 ], "rotation":90, "texture": "#main" }, 
                "south": { "uv": [ 8, 0, 9, 0 ], "rotation":180, "texture": "#main" }, 
                "west":  { "uv": [ 8, 0, 8, 3 ], "rotation":270, "texture": "#main" }, 
                "up":    { "uv": [ 8, 0, 8, 0 ], "texture": "#main" }, 
                "down":  { "uv": [ 8, 0, 9, 3 ], "rotation":180, "texture": "#main" }
            }
        }, 
        {
            "from": [ 10, 0.126, 14.224 ], 
            "to":   [ 12, 6.126, 14.224 ], 
            "rotation": { "angle": 0, "axis": "x", "origin": [8, 7.175, 8.049] }, 
            "faces": {
                "north": { "uv": [ 10.5, 0.75, 14.5, 2.25 ], "texture": "#main" }, 
                "east":  { "uv": [ 8, 0, 8, 3 ], "rotation":90, "texture": "#main" }, 
                "south": { "uv": [ 8.5, 0.375, 8.75, 1.125 ], "rotation":180, "texture": "#main" }, 
                "west":  { "uv": [ 8, 0, 8, 3 ], "rotation":270, "texture": "#main" }, 
                "up":    { "uv": [ 8, 0, 8, 0 ], "texture": "#main" }, 
                "down":  { "uv": [ 8, 0, 9, 3 ], "rotation":180, "texture": "#main" }
            }
        }, 
        {
            "from": [ 4, 0.126, 14.224 ], 
            "to":   [ 6, 6.126, 14.224 ], 
            "rotation": { "angle": 0, "axis": "x", "origin": [8, 7.175, 8.049] }, 
            "faces": {
                "north": { "uv": [ 10.5, 0.75, 14.5, 2.25 ], "texture": "#main" }, 
                "east":  { "uv": [ 8, 0, 8, 3 ], "rotation":90, "texture": "#main" }, 
                "south": { "uv": [ 8.75, 0.25, 9, 1 ], "rotation":180, "texture": "#main" }, 
                "west":  { "uv": [ 8, 0, 8, 3 ], "rotation":270, "texture": "#main" }, 
                "up":    { "uv": [ 8, 0, 8, 0 ], "texture": "#main" }, 
                "down":  { "uv": [ 8, 0, 9, 3 ], "rotation":180, "texture": "#main" }
            }
        }, 
        {
            "from": [ 6, 0.126, 4.224 ], 
            "to":   [ 10, 0.126, 14.224 ], 
            "rotation": { "angle": 0, "axis": "x", "origin": [8, 7.175, 8.049] }, 
            "faces": {
                "north": { "uv": [ 8, 0, 9, 0 ], "rotation":180, "texture": "#main" }, 
                "east":  { "uv": [ 8, 0, 8, 3 ], "rotation":90, "texture": "#main" }, 
                "south": { "uv": [ 8, 0, 9, 0 ], "texture": "#main" }, 
                "west":  { "uv": [ 8, 0, 8, 3 ], "rotation":270, "texture": "#main" }, 
                "up":    { "uv": [ 8, 0, 9, 3 ], "texture": "#main" }, 
                "down":  { "uv": [ 10.75, 0.125, 11.25, 1.375 ], "rotation":180, "texture": "#main" }
            }
        }, 
        {
            "from": [ 6, 0.126, 14.224 ], 
            "to":   [ 10, 6.126, 14.224 ], 
            "rotation": { "angle": 0, "axis": "x", "origin": [8, 7.175, 8.049] }, 
            "faces": {
                "north": { "uv": [ 8, 0, 9, 3 ], "rotation":180, "texture": "#main" }, 
                "east":  { "uv": [ 8, 0, 8, 3 ], "rotation":180, "texture": "#main" }, 
                "south": { "uv": [ 10.75, 0.75, 11.25, 1.5 ], "rotation":180, "texture": "#main" }, 
                "west":  { "uv": [ 8, 0, 8, 3 ], "rotation":180, "texture": "#main" }, 
                "up":    { "uv": [ 8, 0, 9, 0 ], "texture": "#main" }, 
                "down":  { "uv": [ 8, 0, 9, 0 ], "texture": "#main" }
            }
        }, 
        {
            "from": [ 10, 0.126, 2.224 ], 
            "to":   [ 12, 0.126, 14.224 ], 
            "rotation": { "angle": 0, "axis": "x", "origin": [8, 7.175, 8.049] }, 
            "faces": {
                "north": { "uv": [ 8, 0, 9, 0 ], "rotation":180, "texture": "#main" }, 
                "east":  { "uv": [ 8, 0, 8, 3 ], "rotation":90, "texture": "#main" }, 
                "south": { "uv": [ 8, 0, 9, 0 ], "texture": "#main" }, 
                "west":  { "uv": [ 8, 0, 8, 3 ], "rotation":270, "texture": "#main" }, 
                "up":    { "uv": [ 8, 0, 9, 3 ], "texture": "#main" }, 
                "down":  { "uv": [ 8.5, 0, 10, 0.25 ], "rotation":270, "texture": "#main" }
            }
        }, 
        {
            "from": [ 6, 0.126, 2.224 ], 
            "to":   [ 10, 0.126, 4.224 ], 
            "rotation": { "angle": 0, "axis": "x", "origin": [8, 7.175, 8.049] }, 
            "faces": {
                "north": { "uv": [ 8, 0, 9, 0 ], "rotation":180, "texture": "#main" }, 
                "east":  { "uv": [ 8, 0, 8, 3 ], "rotation":90, "texture": "#main" }, 
                "south": { "uv": [ 8, 0, 9, 0 ], "texture": "#main" }, 
                "west":  { "uv": [ 8, 0, 8, 3 ], "rotation":270, "texture": "#main" }, 
                "up":    { "uv": [ 8, 0, 9, 3 ], "texture": "#main" }, 
                "down":  { "uv": [ 8, 0.5, 8.25, 1 ], "rotation":270, "texture": "#main" }
            }
        }, 
        {
            "name": "tail", 
            "from": [ 6.5, 3.5, 12 ], 
            "to":   [ 9.5, 4.5, 16 ], 
            "rotation": { "angle": -22.5, "axis": "x", "origin": [8, 7.175, 8.049] }, 
            "faces": {
                "north": { "uv": [ 8, 0, 9.5, 0.25 ], "texture": "#main" }, 
                "east":  { "uv": [ 8.375, 0.875, 8.875, 1 ], "texture": "#main" }, 
                "south": { "uv": [ 9.375, 1.375, 9.75, 1.5 ], "texture": "#main" }, 
                "west":  { "uv": [ 8, 0.625, 8.5, 0.75 ], "texture": "#main" }, 
                "up":    { "uv": [ 8.875, 0.5, 9.25, 1 ], "texture": "#main" }, 
                "down":  { "uv": [ 10.75, 0.5, 11.125, 1 ], "texture": "#main" }
            }
        }, 
        {
            "from": [ 5.5, 0.246, -2.146 ], 
            "to":   [ 10.5, 4.246, 2.854 ], 
            "rotation": { "angle": 0, "axis": "x", "origin": [8, 0.871, 0.599] }, 
            "faces": {
                "north": { "uv": [ 9, 1.125, 9.625, 1.625 ], "texture": "#main" }, 
                "east":  { "uv": [ 9.125, 0.625, 8.5, 1.125 ], "texture": "#main" }, 
                "south": { "uv": [ 9, 0.375, 9.625, 0.875 ], "texture": "#main" }, 
                "west":  { "uv": [ 8.5, 0.625, 9.125, 1.125 ], "texture": "#main" }, 
                "up":    { "uv": [ 8, 0.25, 8.625, 0.875 ], "texture": "#main" }, 
                "down":  { "uv": [ 8.375, 0.75, 9, 1.375 ], "texture": "#main" }
            }
        }, 
        {
            "from": [ 4.01, 2.126, 13.224 ], 
            "to":   [ 7.01, 3.126, 18.224 ], 
            "rotation": { "angle": 22.5, "axis": "x", "origin": [5.5, 1.626, 14.724] }, 
            "faces": {
                "north": { "uv": [ 13.625, 2.125, 14, 2.25 ], "rotation":180, "texture": "#main" }, 
                "east":  { "uv": [ 13.625, 3, 13, 3.125 ], "rotation":180, "texture": "#main" }, 
                "south": { "uv": [ 13.5, 3.375, 13.875, 3.4375 ], "rotation":180, "texture": "#main" }, 
                "west":  { "uv": [ 12.625, 2, 13.25, 2.0625 ], "rotation":180, "texture": "#main" }, 
                "up":    { "uv": [ 13.375, 1.25, 13.75, 1.5625 ], "texture": "#main" }, 
                "down":  { "uv": [ 13.125, 0.375, 13.5, 1 ], "texture": "#main" }
            }
        }, 
        {
            "from": [ 9, 3.126, 15.224 ], 
            "to":   [ 12, 4.126, 20.224 ], 
            "rotation": { "angle": -22.5, "axis": "x", "origin": [10.5, 1.626, 14.724] }, 
            "faces": {
                "north": { "uv": [ 14, 2.125, 13.625, 2.25 ], "rotation":180, "texture": "#main" }, 
                "east":  { "uv": [ 13.25, 2, 12.625, 2.0625 ], "rotation":180, "texture": "#main" }, 
                "south": { "uv": [ 13.875, 3.375, 13.5, 3.4375 ], "rotation":180, "texture": "#main" }, 
                "west":  { "uv": [ 13, 3, 13.625, 3.125 ], "rotation":180, "texture": "#main" }, 
                "up":    { "uv": [ 13.75, 1.25, 13.375, 1.5625 ], "texture": "#main" }, 
                "down":  { "uv": [ 13.5, 0.375, 13.125, 1 ], "texture": "#main" }
            }
        }, 
        {
            "from": [ 6.5, 0.256, -4.146 ], 
            "to":   [ 9.5, 1.256, 0.854 ], 
            "rotation": { "angle": 0, "axis": "x", "origin": [8, 0.871, 0.599] }, 
            "faces": {
                "north": { "uv": [ 13.875, 1.375, 13.5, 1.5 ], "texture": "#main" }, 
                "east":  { "uv": [ 13.375, 2.75, 12.75, 2.8125 ], "texture": "#main" }, 
                "south": { "uv": [ 11.75, 1.5, 11.375, 1.5625 ], "texture": "#main" }, 
                "west":  { "uv": [ 13.125, 1.75, 12.5, 1.875 ], "texture": "#main" }, 
                "up":    { "uv": [ 13.875, 1.375, 13.5, 2 ], "texture": "#main" }, 
                "down":  { "uv": [ 13.5, 2.625, 12.875, 3 ], "rotation":270, "texture": "#main" }
            }
        }, 
        {
            "from": [ 12, 1.126, 3.224 ], 
            "to":   [ 13, 4.126, 13.224 ], 
            "rotation": { "angle": 0, "axis": "x", "origin": [8, 7.175, 8.049] }, 
            "faces": {
                "north": { "uv": [ 9.375, 0.375, 9.25, 0.75 ], "rotation":180, "texture": "#main" }, 
                "east":  { "uv": [ 8, 0.625, 9.25, 0.25 ], "rotation":180, "texture": "#main" }, 
                "south": { "uv": [ 8.75, 0.375, 8.625, 0.75 ], "texture": "#main" }, 
                "west":  { "uv": [ 11.625, 0.75, 10.375, 0.375 ], "texture": "#main" }, 
                "up":    { "uv": [ 8.875, 0.125, 8.75, 1.375 ], "texture": "#main" }, 
                "down":  { "uv": [ 8.625, 0.125, 8.5, 1.375 ], "rotation":180, "texture": "#main" }
            }
        }, 
        {
            "from": [ 3, 1.126, 3.224 ], 
            "to":   [ 4, 4.126, 13.224 ], 
            "rotation": { "angle": 0, "axis": "x", "origin": [8, 7.175, 8.049] }, 
            "faces": {
                "north": { "uv": [ 9.25, 0.375, 9.375, 0.75 ], "rotation":180, "texture": "#main" }, 
                "east":  { "uv": [ 11.625, 0.375, 10.375, 0.75 ], "rotation":180, "texture": "#main" }, 
                "south": { "uv": [ 8.625, 0.375, 8.75, 0.75 ], "texture": "#main" }, 
                "west":  { "uv": [ 8, 0.25, 9.25, 0.625 ], "texture": "#main" }, 
                "up":    { "uv": [ 8.75, 0.125, 8.875, 1.375 ], "texture": "#main" }, 
                "down":  { "uv": [ 8.5, 0.125, 8.625, 1.375 ], "rotation":180, "texture": "#main" }
            }
        }, 
        {
            "from": [ 5.5, 1.246, -2.156 ], 
            "to":   [ 7.5, 3.246, -2.156 ], 
            "rotation": { "angle": 0, "axis": "x", "origin": [8, 0.871, 0.599] }, 
            "faces": {
                "north": { "uv": [ 14.25, 1, 14, 1.25 ], "texture": "#main" }, 
                "east":  { "uv": [ 8, 0, 8, 0.25 ], "texture": "#main" }, 
                "south": { "uv": [ 8, 0, 9, 0.25 ], "texture": "#main" }, 
                "west":  { "uv": [ 8, 0, 8, 0.25 ], "texture": "#main" }, 
                "up":    { "uv": [ 8, 0, 9, 0 ], "texture": "#main" }, 
                "down":  { "uv": [ 8, 0, 9, 0 ], "texture": "#main" }
            }
        }, 
        {
            "from": [ 8.5, 1.246, -2.156 ], 
            "to":   [ 10.5, 3.246, -2.156 ], 
            "rotation": { "angle": 0, "axis": "x", "origin": [8, 0.871, 0.599] }, 
            "faces": {
                "north": { "uv": [ 14, 1, 14.25, 1.25 ], "texture": "#main" }, 
                "east":  { "uv": [ 8, 0, 8, 0.25 ], "texture": "#main" }, 
                "south": { "uv": [ 8, 0, 9, 0.25 ], "texture": "#main" }, 
                "west":  { "uv": [ 8, 0, 8, 0.25 ], "texture": "#main" }, 
                "up":    { "uv": [ 8, 0, 9, 0 ], "texture": "#main" }, 
                "down":  { "uv": [ 8, 0, 9, 0 ], "texture": "#main" }
            }
        }
    ], 
    "display": {
        "head": {
            "translation": [ 0, -30.45, 0 ], 
            "scale": [ 1.6, 1.6, 1.6 ]
        }
    }, 
    "groups": [
        {
            "name": "body", 
            "origin": [
                0, 
                0, 
                0
            ], 
            "color": 0, 
            "children": [
                0, 
                1, 
                2, 
                3, 
                4, 
                5, 
                6, 
                7, 
                8, 
                9, 
                10
            ]
        }, 
        11, 
        12, 
        13, 
        14, 
        15, 
        16, 
        17, 
        18, 
        19
    ], 
    "__comment": "Model animated using Fizzy's model animator - http://fizzy81.github.io/animated-models/"
}