{
    "credit": "Made with Blockbench", 
    "texture_size": [
        64, 
        32
    ], 
    "textures": {
        "main": "entity/penguin/walk"
    }, 
    "elements": [
        {
            "from": [ 4, 1, 6 ], 
            "to":   [ 6, 13, 6 ], 
            "faces": {
                "north": { "uv": [ 0, 0.5, 0.75, 0.625 ], "rotation":90, "texture": "#main" }, 
                "east":  { "uv": [ 0, 0, 0, 1.5 ], "texture": "#main" }, 
                "south": { "uv": [ 0, 0, 0.5, 1.5 ], "texture": "#main" }, 
                "west":  { "uv": [ 0, 0, 0, 1.5 ], "texture": "#main" }, 
                "up":    { "uv": [ 0, 0, 0.5, 0 ], "texture": "#main" }, 
                "down":  { "uv": [ 0, 0, 0.5, 0 ], "texture": "#main" }
            }
        }, 
        {
            "from": [ 4, 1, 6 ], 
            "to":   [ 4, 13, 12 ], 
            "rotation": { "angle": 0, "axis": "y", "origin": [5, 7, 7] }, 
            "faces": {
                "north": { "uv": [ 0, 0, 0, 1.5 ], "texture": "#main" }, 
                "east":  { "uv": [ 0, 0, 0.5, 1.5 ], "texture": "#main" }, 
                "south": { "uv": [ 0, 0, 0, 1.5 ], "texture": "#main" }, 
                "west":  { "uv": [ 0, 0, 0.75, 0.375 ], "rotation":90, "texture": "#main" }, 
                "up":    { "uv": [ 0, 0, 0.5, 0 ], "rotation":270, "texture": "#main" }, 
                "down":  { "uv": [ 0, 0, 0.5, 0 ], "rotation":90, "texture": "#main" }
            }
        }, 
        {
            "from": [ 12, 1, 6 ], 
            "to":   [ 12, 13, 12 ], 
            "rotation": { "angle": 0, "axis": "y", "origin": [5, 7, 7] }, 
            "faces": {
                "north": { "uv": [ 0, 0, 0, 1.5 ], "texture": "#main" }, 
                "east":  { "uv": [ 0.125, 0.625, 0.875, 0.25 ], "rotation":90, "texture": "#main" }, 
                "south": { "uv": [ 0, 0, 0, 1.5 ], "texture": "#main" }, 
                "west":  { "uv": [ 0, 0, 0.5, 1.5 ], "texture": "#main" }, 
                "up":    { "uv": [ 0, 0, 0.5, 0 ], "rotation":90, "texture": "#main" }, 
                "down":  { "uv": [ 0, 0, 0.5, 0 ], "rotation":270, "texture": "#main" }
            }
        }, 
        {
            "from": [ 4, 1, 12 ], 
            "to":   [ 12, 13, 12 ], 
            "rotation": { "angle": 0, "axis": "y", "origin": [5, 7, 7] }, 
            "faces": {
                "north": { "uv": [ 0, 0, 0.5, 1.5 ], "texture": "#main" }, 
                "east":  { "uv": [ 0, 0, 0, 1.5 ], "texture": "#main" }, 
                "south": { "uv": [ 0.5, 0, 0, 0.75 ], "texture": "#main" }, 
                "west":  { "uv": [ 0, 0, 0, 1.5 ], "texture": "#main" }, 
                "up":    { "uv": [ 0, 0, 0.5, 0 ], "rotation":180, "texture": "#main" }, 
                "down":  { "uv": [ 0, 0, 0.5, 0 ], "rotation":180, "texture": "#main" }
            }
        }, 
        {
            "from": [ 4, 13, 6 ], 
            "to":   [ 12, 13, 12 ], 
            "rotation": { "angle": 0, "axis": "y", "origin": [5, 7, 7] }, 
            "faces": {
                "north": { "uv": [ 0, 0, 0.5, 1.5 ], "texture": "#main" }, 
                "east":  { "uv": [ 0, 0, 0, 1.5 ], "texture": "#main" }, 
                "south": { "uv": [ 0, 0, 0, 0 ], "texture": "#main" }, 
                "west":  { "uv": [ 0, 0, 0, 1.5 ], "texture": "#main" }, 
                "up":    { "uv": [ 0.4375, 0.25, 0.9375, 0.625 ], "rotation":180, "texture": "#main" }, 
                "down":  { "uv": [ 0, 0, 0.5, 0 ], "rotation":180, "texture": "#main" }
            }
        }, 
        {
            "from": [ 10, 1, 6 ], 
            "to":   [ 12, 1, 12 ], 
            "rotation": { "angle": 0, "axis": "y", "origin": [5, 7, 7] }, 
            "faces": {
                "north": { "uv": [ 0, 0, 0.5, 1.5 ], "texture": "#main" }, 
                "east":  { "uv": [ 0, 0, 0, 1.5 ], "texture": "#main" }, 
                "south": { "uv": [ 0, 0, 0, 0 ], "texture": "#main" }, 
                "west":  { "uv": [ 0, 0, 0, 1.5 ], "texture": "#main" }, 
                "up":    { "uv": [ 1.25, 0.375, 3.25, 1.125 ], "rotation":180, "texture": "#main" }, 
                "down":  { "uv": [ 0.25, 0.1875, 0.375, 0.5625 ], "rotation":180, "texture": "#main" }
            }
        }, 
        {
            "from": [ 4, 1, 6 ], 
            "to":   [ 6, 1, 12 ], 
            "rotation": { "angle": 0, "axis": "y", "origin": [5, 7, 7] }, 
            "faces": {
                "north": { "uv": [ 0, 0, 0.5, 1.5 ], "texture": "#main" }, 
                "east":  { "uv": [ 0, 0, 0, 1.5 ], "texture": "#main" }, 
                "south": { "uv": [ 0, 0, 0, 0 ], "texture": "#main" }, 
                "west":  { "uv": [ 0, 0, 0, 1.5 ], "texture": "#main" }, 
                "up":    { "uv": [ 1.25, 0.375, 3.25, 1.125 ], "rotation":180, "texture": "#main" }, 
                "down":  { "uv": [ 0.375, 0.125, 0.5, 0.5 ], "rotation":180, "texture": "#main" }
            }
        }, 
        {
            "from": [ 6, 1, 6 ], 
            "to":   [ 10, 11, 6 ], 
            "faces": {
                "north": { "uv": [ 1.375, 0.0625, 1.625, 0.6875 ], "texture": "#main" }, 
                "east":  { "uv": [ 0, 0, 0, 1.5 ], "texture": "#main" }, 
                "south": { "uv": [ 0, 0, 0.5, 1.5 ], "texture": "#main" }, 
                "west":  { "uv": [ 0, 0, 0, 1.5 ], "texture": "#main" }, 
                "up":    { "uv": [ 0, 0, 0.5, 0 ], "texture": "#main" }, 
                "down":  { "uv": [ 0, 0, 0.5, 0 ], "texture": "#main" }
            }
        }, 
        {
            "from": [ 6, 1, 6 ], 
            "to":   [ 10, 1, 12 ], 
            "faces": {
                "north": { "uv": [ 0, 0, 0.5, 0 ], "rotation":180, "texture": "#main" }, 
                "east":  { "uv": [ 0, 0, 0, 1.5 ], "rotation":90, "texture": "#main" }, 
                "south": { "uv": [ 0, 0, 0.5, 0 ], "texture": "#main" }, 
                "west":  { "uv": [ 0, 0, 0, 1.5 ], "rotation":270, "texture": "#main" }, 
                "up":    { "uv": [ 0, 0, 0.5, 1.5 ], "texture": "#main" }, 
                "down":  { "uv": [ 1.375, 0.375, 1.625, 0.75 ], "rotation":180, "texture": "#main" }
            }
        }, 
        {
            "from": [ 10, 1, 6 ], 
            "to":   [ 12, 13, 6 ], 
            "faces": {
                "north": { "uv": [ 0.25, 0, 1, 0.125 ], "rotation":90, "texture": "#main" }, 
                "east":  { "uv": [ 0, 0, 0, 1.5 ], "texture": "#main" }, 
                "south": { "uv": [ 0, 0, 0.5, 1.5 ], "texture": "#main" }, 
                "west":  { "uv": [ 0, 0, 0, 1.5 ], "texture": "#main" }, 
                "up":    { "uv": [ 0, 0, 0.5, 0 ], "texture": "#main" }, 
                "down":  { "uv": [ 0, 0, 0.5, 0 ], "texture": "#main" }
            }
        }, 
        {
            "from": [ 6, 11, 6 ], 
            "to":   [ 10, 13, 6 ], 
            "faces": {
                "north": { "uv": [ 0, 0.25, 0.125, 0.5 ], "rotation":90, "texture": "#main" }, 
                "east":  { "uv": [ 0, 0, 0, 1.5 ], "texture": "#main" }, 
                "south": { "uv": [ 0, 0, 0.5, 1.5 ], "texture": "#main" }, 
                "west":  { "uv": [ 0, 0, 0, 1.5 ], "texture": "#main" }, 
                "up":    { "uv": [ 0, 0, 0.5, 0 ], "texture": "#main" }, 
                "down":  { "uv": [ 0, 0, 0.5, 0 ], "texture": "#main" }
            }
        }, 
        {
            "name": "tail", 
            "from": [ 6.5, 0.5, 10 ], 
            "to":   [ 9.5, 1.5, 14 ], 
            "faces": {
                "north": { "uv": [ 0, 0, 0.75, 0.125 ], "texture": "#main" }, 
                "east":  { "uv": [ 0.1875, 0.4375, 0.4375, 0.5 ], "texture": "#main" }, 
                "south": { "uv": [ 0.6875, 0.6875, 0.875, 0.75 ], "texture": "#main" }, 
                "west":  { "uv": [ 0, 0.3125, 0.25, 0.375 ], "texture": "#main" }, 
                "up":    { "uv": [ 0.4375, 0.25, 0.625, 0.5 ], "texture": "#main" }, 
                "down":  { "uv": [ 1.375, 0.25, 1.5625, 0.5 ], "texture": "#main" }
            }
        }, 
        {
            "from": [ 5.5, 13, 6 ], 
            "to":   [ 10.5, 17, 11 ], 
            "faces": {
                "north": { "uv": [ 0.5, 0.5625, 0.8125, 0.8125 ], "texture": "#main" }, 
                "east":  { "uv": [ 0.5625, 0.3125, 0.25, 0.5625 ], "texture": "#main" }, 
                "south": { "uv": [ 0.5, 0.1875, 0.8125, 0.4375 ], "texture": "#main" }, 
                "west":  { "uv": [ 0.25, 0.3125, 0.5625, 0.5625 ], "texture": "#main" }, 
                "up":    { "uv": [ 0, 0.125, 0.3125, 0.4375 ], "texture": "#main" }, 
                "down":  { "uv": [ 1.5, 0.75, 2.75, 1.375 ], "texture": "#main" }
            }
        }, 
        {
            "from": [ 9, 0, 5 ], 
            "to":   [ 12, 1, 10 ], 
            "rotation": { "angle": 0, "axis": "y", "origin": [16, 0, 0] }, 
            "faces": {
                "north": { "uv": [ 2.9375, 1.6875, 2.75, 1.71875 ], "texture": "#main" }, 
                "east":  { "uv": [ 2.625, 1, 2.3125, 1.03125 ], "texture": "#main" }, 
                "south": { "uv": [ 3, 1.0625, 2.8125, 1.125 ], "texture": "#main" }, 
                "west":  { "uv": [ 2.5, 1.5, 2.8125, 1.5625 ], "texture": "#main" }, 
                "up":    { "uv": [ 2.75, 0.1875, 2.5625, 0.5 ], "texture": "#main" }, 
                "down":  { "uv": [ 2.875, 0.625, 2.6875, 0.78125 ], "texture": "#main" }
            }
        }, 
        {
            "from": [ 4, 0, 5 ], 
            "to":   [ 7, 1, 10 ], 
            "faces": {
                "north": { "uv": [ 2.75, 1.6875, 2.9375, 1.71875 ], "texture": "#main" }, 
                "east":  { "uv": [ 2.8125, 1.5, 2.5, 1.5625 ], "texture": "#main" }, 
                "south": { "uv": [ 2.8125, 1.0625, 3, 1.125 ], "texture": "#main" }, 
                "west":  { "uv": [ 2.3125, 1, 2.625, 1.03125 ], "texture": "#main" }, 
                "up":    { "uv": [ 2.5625, 0.1875, 2.75, 0.5 ], "texture": "#main" }, 
                "down":  { "uv": [ 2.6875, 0.625, 2.875, 0.78125 ], "texture": "#main" }
            }
        }, 
        {
            "from": [ 6.5, 13, 4 ], 
            "to":   [ 9.5, 14, 9 ], 
            "rotation": { "angle": 0, "axis": "y", "origin": [16, 0, 0] }, 
            "faces": {
                "north": { "uv": [ 2.9375, 0.6875, 2.75, 0.75 ], "texture": "#main" }, 
                "east":  { "uv": [ 2.6875, 1.375, 2.375, 1.40625 ], "texture": "#main" }, 
                "south": { "uv": [ 1.875, 0.75, 1.6875, 0.78125 ], "texture": "#main" }, 
                "west":  { "uv": [ 2.5625, 0.875, 2.25, 0.9375 ], "texture": "#main" }, 
                "up":    { "uv": [ 2.9375, 0.6875, 2.75, 1 ], "texture": "#main" }, 
                "down":  { "uv": [ 2.75, 1.3125, 2.4375, 1.5 ], "rotation":270, "texture": "#main" }
            }
        }, 
        {
            "from": [ 12, 2, 7 ], 
            "to":   [ 13, 12, 10 ], 
            "rotation": { "angle": 0, "axis": "x", "origin": [12.5, 11, 8.5] }, 
            "faces": {
                "north": { "uv": [ 0.3125, 0.0625, 0.25, 0.6875 ], "texture": "#main" }, 
                "east":  { "uv": [ 0, 0.3125, 0.625, 0.125 ], "rotation":90, "texture": "#main" }, 
                "south": { "uv": [ 0.4375, 0.0625, 0.375, 0.6875 ], "texture": "#main" }, 
                "west":  { "uv": [ 1.8125, 0.375, 1.1875, 0.1875 ], "rotation":90, "texture": "#main" }, 
                "up":    { "uv": [ 0.6875, 0.1875, 0.625, 0.375 ], "texture": "#main" }, 
                "down":  { "uv": [ 0.375, 0.1875, 0.3125, 0.375 ], "texture": "#main" }
            }
        }, 
        {
            "from": [ 3, 2, 7 ], 
            "to":   [ 4, 12, 10 ], 
            "rotation": { "angle": 0, "axis": "x", "origin": [3.5, 11, 8.5] }, 
            "faces": {
                "north": { "uv": [ 0.25, 0.0625, 0.3125, 0.6875 ], "texture": "#main" }, 
                "east":  { "uv": [ 1.8125, 0.1875, 1.1875, 0.375 ], "rotation":90, "texture": "#main" }, 
                "south": { "uv": [ 0.375, 0.0625, 0.4375, 0.6875 ], "texture": "#main" }, 
                "west":  { "uv": [ 0, 0.125, 0.625, 0.3125 ], "rotation":90, "texture": "#main" }, 
                "up":    { "uv": [ 0.625, 0.1875, 0.6875, 0.375 ], "texture": "#main" }, 
                "down":  { "uv": [ 0.3125, 0.1875, 0.375, 0.375 ], "texture": "#main" }
            }
        }, 
        {
            "from": [ 5.5, 14, 5.99 ], 
            "to":   [ 7.5, 16, 5.99 ], 
            "faces": {
                "north": { "uv": [ 3.125, 0.5, 3, 0.625 ], "texture": "#main" }, 
                "east":  { "uv": [ 0, 0, 0, 0.125 ], "texture": "#main" }, 
                "south": { "uv": [ 0, 0, 0.5, 0.125 ], "texture": "#main" }, 
                "west":  { "uv": [ 0, 0, 0, 0.125 ], "texture": "#main" }, 
                "up":    { "uv": [ 0, 0, 0.5, 0 ], "texture": "#main" }, 
                "down":  { "uv": [ 0, 0, 0.5, 0 ], "texture": "#main" }
            }
        }, 
        {
            "from": [ 8.5, 14, 5.99 ], 
            "to":   [ 10.5, 16, 5.99 ], 
            "faces": {
                "north": { "uv": [ 3, 0.5, 3.125, 0.625 ], "texture": "#main" }, 
                "east":  { "uv": [ 0, 0, 0, 0.125 ], "texture": "#main" }, 
                "south": { "uv": [ 0, 0, 0.5, 0.125 ], "texture": "#main" }, 
                "west":  { "uv": [ 0, 0, 0, 0.125 ], "texture": "#main" }, 
                "up":    { "uv": [ 0, 0, 0.5, 0 ], "texture": "#main" }, 
                "down":  { "uv": [ 0, 0, 0.5, 0 ], "texture": "#main" }
            }
        }, 
        {
            "from": [ 4, 1, 6 ], 
            "to":   [ 6, 13, 6 ], 
            "faces": {
                "north": { "uv": [ 4, 0.5, 4.75, 0.625 ], "rotation":90, "texture": "#main" }, 
                "east":  { "uv": [ 4, 0, 4, 1.5 ], "texture": "#main" }, 
                "south": { "uv": [ 4, 0, 4.5, 1.5 ], "texture": "#main" }, 
                "west":  { "uv": [ 4, 0, 4, 1.5 ], "texture": "#main" }, 
                "up":    { "uv": [ 4, 0, 4.5, 0 ], "texture": "#main" }, 
                "down":  { "uv": [ 4, 0, 4.5, 0 ], "texture": "#main" }
            }
        }, 
        {
            "from": [ 4, 1, 6 ], 
            "to":   [ 4, 13, 12 ], 
            "rotation": { "angle": 0, "axis": "y", "origin": [5, 7, 7] }, 
            "faces": {
                "north": { "uv": [ 4, 0, 4, 1.5 ], "texture": "#main" }, 
                "east":  { "uv": [ 4, 0, 4.5, 1.5 ], "texture": "#main" }, 
                "south": { "uv": [ 4, 0, 4, 1.5 ], "texture": "#main" }, 
                "west":  { "uv": [ 4, 0, 4.75, 0.375 ], "rotation":90, "texture": "#main" }, 
                "up":    { "uv": [ 4, 0, 4.5, 0 ], "rotation":270, "texture": "#main" }, 
                "down":  { "uv": [ 4, 0, 4.5, 0 ], "rotation":90, "texture": "#main" }
            }
        }, 
        {
            "from": [ 12, 1, 6 ], 
            "to":   [ 12, 13, 12 ], 
            "rotation": { "angle": 0, "axis": "y", "origin": [5, 7, 7] }, 
            "faces": {
                "north": { "uv": [ 4, 0, 4, 1.5 ], "texture": "#main" }, 
                "east":  { "uv": [ 4.125, 0.625, 4.875, 0.25 ], "rotation":90, "texture": "#main" }, 
                "south": { "uv": [ 4, 0, 4, 1.5 ], "texture": "#main" }, 
                "west":  { "uv": [ 4, 0, 4.5, 1.5 ], "texture": "#main" }, 
                "up":    { "uv": [ 4, 0, 4.5, 0 ], "rotation":90, "texture": "#main" }, 
                "down":  { "uv": [ 4, 0, 4.5, 0 ], "rotation":270, "texture": "#main" }
            }
        }, 
        {
            "from": [ 4, 1, 12 ], 
            "to":   [ 12, 13, 12 ], 
            "rotation": { "angle": 0, "axis": "y", "origin": [5, 7, 7] }, 
            "faces": {
                "north": { "uv": [ 4, 0, 4.5, 1.5 ], "texture": "#main" }, 
                "east":  { "uv": [ 4, 0, 4, 1.5 ], "texture": "#main" }, 
                "south": { "uv": [ 4.5, 0, 4, 0.75 ], "texture": "#main" }, 
                "west":  { "uv": [ 4, 0, 4, 1.5 ], "texture": "#main" }, 
                "up":    { "uv": [ 4, 0, 4.5, 0 ], "rotation":180, "texture": "#main" }, 
                "down":  { "uv": [ 4, 0, 4.5, 0 ], "rotation":180, "texture": "#main" }
            }
        }, 
        {
            "from": [ 4, 13, 6 ], 
            "to":   [ 12, 13, 12 ], 
            "rotation": { "angle": 0, "axis": "y", "origin": [5, 7, 7] }, 
            "faces": {
                "north": { "uv": [ 4, 0, 4.5, 1.5 ], "texture": "#main" }, 
                "east":  { "uv": [ 4, 0, 4, 1.5 ], "texture": "#main" }, 
                "south": { "uv": [ 4, 0, 4, 0 ], "texture": "#main" }, 
                "west":  { "uv": [ 4, 0, 4, 1.5 ], "texture": "#main" }, 
                "up":    { "uv": [ 4.4375, 0.25, 4.9375, 0.625 ], "rotation":180, "texture": "#main" }, 
                "down":  { "uv": [ 4, 0, 4.5, 0 ], "rotation":180, "texture": "#main" }
            }
        }, 
        {
            "from": [ 10, 1, 6 ], 
            "to":   [ 12, 1, 12 ], 
            "rotation": { "angle": 0, "axis": "y", "origin": [5, 7, 7] }, 
            "faces": {
                "north": { "uv": [ 4, 0, 4.5, 1.5 ], "texture": "#main" }, 
                "east":  { "uv": [ 4, 0, 4, 1.5 ], "texture": "#main" }, 
                "south": { "uv": [ 4, 0, 4, 0 ], "texture": "#main" }, 
                "west":  { "uv": [ 4, 0, 4, 1.5 ], "texture": "#main" }, 
                "up":    { "uv": [ 5.25, 0.375, 7.25, 1.125 ], "rotation":180, "texture": "#main" }, 
                "down":  { "uv": [ 4.25, 0.1875, 4.375, 0.5625 ], "rotation":180, "texture": "#main" }
            }
        }, 
        {
            "from": [ 4, 1, 6 ], 
            "to":   [ 6, 1, 12 ], 
            "rotation": { "angle": 0, "axis": "y", "origin": [5, 7, 7] }, 
            "faces": {
                "north": { "uv": [ 4, 0, 4.5, 1.5 ], "texture": "#main" }, 
                "east":  { "uv": [ 4, 0, 4, 1.5 ], "texture": "#main" }, 
                "south": { "uv": [ 4, 0, 4, 0 ], "texture": "#main" }, 
                "west":  { "uv": [ 4, 0, 4, 1.5 ], "texture": "#main" }, 
                "up":    { "uv": [ 5.25, 0.375, 7.25, 1.125 ], "rotation":180, "texture": "#main" }, 
                "down":  { "uv": [ 4.375, 0.125, 4.5, 0.5 ], "rotation":180, "texture": "#main" }
            }
        }, 
        {
            "from": [ 6, 1, 6 ], 
            "to":   [ 10, 11, 6 ], 
            "faces": {
                "north": { "uv": [ 5.375, 0.0625, 5.625, 0.6875 ], "texture": "#main" }, 
                "east":  { "uv": [ 4, 0, 4, 1.5 ], "texture": "#main" }, 
                "south": { "uv": [ 4, 0, 4.5, 1.5 ], "texture": "#main" }, 
                "west":  { "uv": [ 4, 0, 4, 1.5 ], "texture": "#main" }, 
                "up":    { "uv": [ 4, 0, 4.5, 0 ], "texture": "#main" }, 
                "down":  { "uv": [ 4, 0, 4.5, 0 ], "texture": "#main" }
            }
        }, 
        {
            "from": [ 6, 1, 6 ], 
            "to":   [ 10, 1, 12 ], 
            "faces": {
                "north": { "uv": [ 4, 0, 4.5, 0 ], "rotation":180, "texture": "#main" }, 
                "east":  { "uv": [ 4, 0, 4, 1.5 ], "rotation":90, "texture": "#main" }, 
                "south": { "uv": [ 4, 0, 4.5, 0 ], "texture": "#main" }, 
                "west":  { "uv": [ 4, 0, 4, 1.5 ], "rotation":270, "texture": "#main" }, 
                "up":    { "uv": [ 4, 0, 4.5, 1.5 ], "texture": "#main" }, 
                "down":  { "uv": [ 5.375, 0.375, 5.625, 0.75 ], "rotation":180, "texture": "#main" }
            }
        }, 
        {
            "from": [ 10, 1, 6 ], 
            "to":   [ 12, 13, 6 ], 
            "faces": {
                "north": { "uv": [ 4.25, 0, 5, 0.125 ], "rotation":90, "texture": "#main" }, 
                "east":  { "uv": [ 4, 0, 4, 1.5 ], "texture": "#main" }, 
                "south": { "uv": [ 4, 0, 4.5, 1.5 ], "texture": "#main" }, 
                "west":  { "uv": [ 4, 0, 4, 1.5 ], "texture": "#main" }, 
                "up":    { "uv": [ 4, 0, 4.5, 0 ], "texture": "#main" }, 
                "down":  { "uv": [ 4, 0, 4.5, 0 ], "texture": "#main" }
            }
        }, 
        {
            "from": [ 6, 11, 6 ], 
            "to":   [ 10, 13, 6 ], 
            "faces": {
                "north": { "uv": [ 4, 0.25, 4.125, 0.5 ], "rotation":90, "texture": "#main" }, 
                "east":  { "uv": [ 4, 0, 4, 1.5 ], "texture": "#main" }, 
                "south": { "uv": [ 4, 0, 4.5, 1.5 ], "texture": "#main" }, 
                "west":  { "uv": [ 4, 0, 4, 1.5 ], "texture": "#main" }, 
                "up":    { "uv": [ 4, 0, 4.5, 0 ], "texture": "#main" }, 
                "down":  { "uv": [ 4, 0, 4.5, 0 ], "texture": "#main" }
            }
        }, 
        {
            "name": "tail", 
            "from": [ 6.5, 0.5, 10 ], 
            "to":   [ 9.5, 1.5, 14 ], 
            "faces": {
                "north": { "uv": [ 4, 0, 4.75, 0.125 ], "texture": "#main" }, 
                "east":  { "uv": [ 4.1875, 0.4375, 4.4375, 0.5 ], "texture": "#main" }, 
                "south": { "uv": [ 4.6875, 0.6875, 4.875, 0.75 ], "texture": "#main" }, 
                "west":  { "uv": [ 4, 0.3125, 4.25, 0.375 ], "texture": "#main" }, 
                "up":    { "uv": [ 4.4375, 0.25, 4.625, 0.5 ], "texture": "#main" }, 
                "down":  { "uv": [ 5.375, 0.25, 5.5625, 0.5 ], "texture": "#main" }
            }
        }, 
        {
            "from": [ 5.5, 13, 6 ], 
            "to":   [ 10.5, 17, 11 ], 
            "faces": {
                "north": { "uv": [ 4.5, 0.5625, 4.8125, 0.8125 ], "texture": "#main" }, 
                "east":  { "uv": [ 4.5625, 0.3125, 4.25, 0.5625 ], "texture": "#main" }, 
                "south": { "uv": [ 4.5, 0.1875, 4.8125, 0.4375 ], "texture": "#main" }, 
                "west":  { "uv": [ 4.25, 0.3125, 4.5625, 0.5625 ], "texture": "#main" }, 
                "up":    { "uv": [ 4, 0.125, 4.3125, 0.4375 ], "texture": "#main" }, 
                "down":  { "uv": [ 5.5, 0.75, 6.75, 1.375 ], "texture": "#main" }
            }
        }, 
        {
            "from": [ 9, 0, 4 ], 
            "to":   [ 12, 1, 9 ], 
            "rotation": { "angle": 0, "axis": "y", "origin": [16, 0, 0] }, 
            "faces": {
                "north": { "uv": [ 6.9375, 1.6875, 6.75, 1.71875 ], "texture": "#main" }, 
                "east":  { "uv": [ 6.625, 1, 6.3125, 1.03125 ], "texture": "#main" }, 
                "south": { "uv": [ 7, 1.0625, 6.8125, 1.125 ], "texture": "#main" }, 
                "west":  { "uv": [ 6.5, 1.5, 6.8125, 1.5625 ], "texture": "#main" }, 
                "up":    { "uv": [ 6.75, 0.1875, 6.5625, 0.5 ], "texture": "#main" }, 
                "down":  { "uv": [ 6.875, 0.625, 6.6875, 0.78125 ], "texture": "#main" }
            }
        }, 
        {
            "from": [ 4, 0, 7 ], 
            "to":   [ 7, 1, 12 ], 
            "faces": {
                "north": { "uv": [ 6.75, 1.6875, 6.9375, 1.71875 ], "texture": "#main" }, 
                "east":  { "uv": [ 6.8125, 1.5, 6.5, 1.5625 ], "texture": "#main" }, 
                "south": { "uv": [ 6.8125, 1.0625, 7, 1.125 ], "texture": "#main" }, 
                "west":  { "uv": [ 6.3125, 1, 6.625, 1.03125 ], "texture": "#main" }, 
                "up":    { "uv": [ 6.5625, 0.1875, 6.75, 0.5 ], "texture": "#main" }, 
                "down":  { "uv": [ 6.6875, 0.625, 6.875, 0.78125 ], "texture": "#main" }
            }
        }, 
        {
            "from": [ 6.5, 13, 4 ], 
            "to":   [ 9.5, 14, 9 ], 
            "rotation": { "angle": 0, "axis": "y", "origin": [16, 0, 0] }, 
            "faces": {
                "north": { "uv": [ 6.9375, 0.6875, 6.75, 0.75 ], "texture": "#main" }, 
                "east":  { "uv": [ 6.6875, 1.375, 6.375, 1.40625 ], "texture": "#main" }, 
                "south": { "uv": [ 5.875, 0.75, 5.6875, 0.78125 ], "texture": "#main" }, 
                "west":  { "uv": [ 6.5625, 0.875, 6.25, 0.9375 ], "texture": "#main" }, 
                "up":    { "uv": [ 6.9375, 0.6875, 6.75, 1 ], "texture": "#main" }, 
                "down":  { "uv": [ 6.75, 1.3125, 6.4375, 1.5 ], "rotation":270, "texture": "#main" }
            }
        }, 
        {
            "from": [ 12, 2, 7 ], 
            "to":   [ 13, 12, 10 ], 
            "rotation": { "angle": 0, "axis": "x", "origin": [12.5, 11, 8.5] }, 
            "faces": {
                "north": { "uv": [ 4.3125, 0.0625, 4.25, 0.6875 ], "texture": "#main" }, 
                "east":  { "uv": [ 4, 0.3125, 4.625, 0.125 ], "rotation":90, "texture": "#main" }, 
                "south": { "uv": [ 4.4375, 0.0625, 4.375, 0.6875 ], "texture": "#main" }, 
                "west":  { "uv": [ 5.8125, 0.375, 5.1875, 0.1875 ], "rotation":90, "texture": "#main" }, 
                "up":    { "uv": [ 4.6875, 0.1875, 4.625, 0.375 ], "texture": "#main" }, 
                "down":  { "uv": [ 4.375, 0.1875, 4.3125, 0.375 ], "texture": "#main" }
            }
        }, 
        {
            "from": [ 3, 2, 7 ], 
            "to":   [ 4, 12, 10 ], 
            "rotation": { "angle": 0, "axis": "x", "origin": [3.5, 11, 8.5] }, 
            "faces": {
                "north": { "uv": [ 4.25, 0.0625, 4.3125, 0.6875 ], "texture": "#main" }, 
                "east":  { "uv": [ 5.8125, 0.1875, 5.1875, 0.375 ], "rotation":90, "texture": "#main" }, 
                "south": { "uv": [ 4.375, 0.0625, 4.4375, 0.6875 ], "texture": "#main" }, 
                "west":  { "uv": [ 4, 0.125, 4.625, 0.3125 ], "rotation":90, "texture": "#main" }, 
                "up":    { "uv": [ 4.625, 0.1875, 4.6875, 0.375 ], "texture": "#main" }, 
                "down":  { "uv": [ 4.3125, 0.1875, 4.375, 0.375 ], "texture": "#main" }
            }
        }, 
        {
            "from": [ 5.5, 14, 5.99 ], 
            "to":   [ 7.5, 16, 5.99 ], 
            "faces": {
                "north": { "uv": [ 7.125, 0.5, 7, 0.625 ], "texture": "#main" }, 
                "east":  { "uv": [ 4, 0, 4, 0.125 ], "texture": "#main" }, 
                "south": { "uv": [ 4, 0, 4.5, 0.125 ], "texture": "#main" }, 
                "west":  { "uv": [ 4, 0, 4, 0.125 ], "texture": "#main" }, 
                "up":    { "uv": [ 4, 0, 4.5, 0 ], "texture": "#main" }, 
                "down":  { "uv": [ 4, 0, 4.5, 0 ], "texture": "#main" }
            }
        }, 
        {
            "from": [ 8.5, 14, 5.99 ], 
            "to":   [ 10.5, 16, 5.99 ], 
            "faces": {
                "north": { "uv": [ 7, 0.5, 7.125, 0.625 ], "texture": "#main" }, 
                "east":  { "uv": [ 4, 0, 4, 0.125 ], "texture": "#main" }, 
                "south": { "uv": [ 4, 0, 4.5, 0.125 ], "texture": "#main" }, 
                "west":  { "uv": [ 4, 0, 4, 0.125 ], "texture": "#main" }, 
                "up":    { "uv": [ 4, 0, 4.5, 0 ], "texture": "#main" }, 
                "down":  { "uv": [ 4, 0, 4.5, 0 ], "texture": "#main" }
            }
        }, 
        {
            "from": [ 4, 1, 6 ], 
            "to":   [ 6, 13, 6 ], 
            "faces": {
                "north": { "uv": [ 8, 0.5, 8.75, 0.625 ], "rotation":90, "texture": "#main" }, 
                "east":  { "uv": [ 8, 0, 8, 1.5 ], "texture": "#main" }, 
                "south": { "uv": [ 8, 0, 8.5, 1.5 ], "texture": "#main" }, 
                "west":  { "uv": [ 8, 0, 8, 1.5 ], "texture": "#main" }, 
                "up":    { "uv": [ 8, 0, 8.5, 0 ], "texture": "#main" }, 
                "down":  { "uv": [ 8, 0, 8.5, 0 ], "texture": "#main" }
            }
        }, 
        {
            "from": [ 4, 1, 6 ], 
            "to":   [ 4, 13, 12 ], 
            "rotation": { "angle": 0, "axis": "y", "origin": [5, 7, 7] }, 
            "faces": {
                "north": { "uv": [ 8, 0, 8, 1.5 ], "texture": "#main" }, 
                "east":  { "uv": [ 8, 0, 8.5, 1.5 ], "texture": "#main" }, 
                "south": { "uv": [ 8, 0, 8, 1.5 ], "texture": "#main" }, 
                "west":  { "uv": [ 8, 0, 8.75, 0.375 ], "rotation":90, "texture": "#main" }, 
                "up":    { "uv": [ 8, 0, 8.5, 0 ], "rotation":270, "texture": "#main" }, 
                "down":  { "uv": [ 8, 0, 8.5, 0 ], "rotation":90, "texture": "#main" }
            }
        }, 
        {
            "from": [ 12, 1, 6 ], 
            "to":   [ 12, 13, 12 ], 
            "rotation": { "angle": 0, "axis": "y", "origin": [5, 7, 7] }, 
            "faces": {
                "north": { "uv": [ 8, 0, 8, 1.5 ], "texture": "#main" }, 
                "east":  { "uv": [ 8.125, 0.625, 8.875, 0.25 ], "rotation":90, "texture": "#main" }, 
                "south": { "uv": [ 8, 0, 8, 1.5 ], "texture": "#main" }, 
                "west":  { "uv": [ 8, 0, 8.5, 1.5 ], "texture": "#main" }, 
                "up":    { "uv": [ 8, 0, 8.5, 0 ], "rotation":90, "texture": "#main" }, 
                "down":  { "uv": [ 8, 0, 8.5, 0 ], "rotation":270, "texture": "#main" }
            }
        }, 
        {
            "from": [ 4, 1, 12 ], 
            "to":   [ 12, 13, 12 ], 
            "rotation": { "angle": 0, "axis": "y", "origin": [5, 7, 7] }, 
            "faces": {
                "north": { "uv": [ 8, 0, 8.5, 1.5 ], "texture": "#main" }, 
                "east":  { "uv": [ 8, 0, 8, 1.5 ], "texture": "#main" }, 
                "south": { "uv": [ 8.5, 0, 8, 0.75 ], "texture": "#main" }, 
                "west":  { "uv": [ 8, 0, 8, 1.5 ], "texture": "#main" }, 
                "up":    { "uv": [ 8, 0, 8.5, 0 ], "rotation":180, "texture": "#main" }, 
                "down":  { "uv": [ 8, 0, 8.5, 0 ], "rotation":180, "texture": "#main" }
            }
        }, 
        {
            "from": [ 4, 13, 6 ], 
            "to":   [ 12, 13, 12 ], 
            "rotation": { "angle": 0, "axis": "y", "origin": [5, 7, 7] }, 
            "faces": {
                "north": { "uv": [ 8, 0, 8.5, 1.5 ], "texture": "#main" }, 
                "east":  { "uv": [ 8, 0, 8, 1.5 ], "texture": "#main" }, 
                "south": { "uv": [ 8, 0, 8, 0 ], "texture": "#main" }, 
                "west":  { "uv": [ 8, 0, 8, 1.5 ], "texture": "#main" }, 
                "up":    { "uv": [ 8.4375, 0.25, 8.9375, 0.625 ], "rotation":180, "texture": "#main" }, 
                "down":  { "uv": [ 8, 0, 8.5, 0 ], "rotation":180, "texture": "#main" }
            }
        }, 
        {
            "from": [ 10, 1, 6 ], 
            "to":   [ 12, 1, 12 ], 
            "rotation": { "angle": 0, "axis": "y", "origin": [5, 7, 7] }, 
            "faces": {
                "north": { "uv": [ 8, 0, 8.5, 1.5 ], "texture": "#main" }, 
                "east":  { "uv": [ 8, 0, 8, 1.5 ], "texture": "#main" }, 
                "south": { "uv": [ 8, 0, 8, 0 ], "texture": "#main" }, 
                "west":  { "uv": [ 8, 0, 8, 1.5 ], "texture": "#main" }, 
                "up":    { "uv": [ 9.25, 0.375, 11.25, 1.125 ], "rotation":180, "texture": "#main" }, 
                "down":  { "uv": [ 8.25, 0.1875, 8.375, 0.5625 ], "rotation":180, "texture": "#main" }
            }
        }, 
        {
            "from": [ 4, 1, 6 ], 
            "to":   [ 6, 1, 12 ], 
            "rotation": { "angle": 0, "axis": "y", "origin": [5, 7, 7] }, 
            "faces": {
                "north": { "uv": [ 8, 0, 8.5, 1.5 ], "texture": "#main" }, 
                "east":  { "uv": [ 8, 0, 8, 1.5 ], "texture": "#main" }, 
                "south": { "uv": [ 8, 0, 8, 0 ], "texture": "#main" }, 
                "west":  { "uv": [ 8, 0, 8, 1.5 ], "texture": "#main" }, 
                "up":    { "uv": [ 9.25, 0.375, 11.25, 1.125 ], "rotation":180, "texture": "#main" }, 
                "down":  { "uv": [ 8.375, 0.125, 8.5, 0.5 ], "rotation":180, "texture": "#main" }
            }
        }, 
        {
            "from": [ 6, 1, 6 ], 
            "to":   [ 10, 11, 6 ], 
            "faces": {
                "north": { "uv": [ 9.375, 0.0625, 9.625, 0.6875 ], "texture": "#main" }, 
                "east":  { "uv": [ 8, 0, 8, 1.5 ], "texture": "#main" }, 
                "south": { "uv": [ 8, 0, 8.5, 1.5 ], "texture": "#main" }, 
                "west":  { "uv": [ 8, 0, 8, 1.5 ], "texture": "#main" }, 
                "up":    { "uv": [ 8, 0, 8.5, 0 ], "texture": "#main" }, 
                "down":  { "uv": [ 8, 0, 8.5, 0 ], "texture": "#main" }
            }
        }, 
        {
            "from": [ 6, 1, 6 ], 
            "to":   [ 10, 1, 12 ], 
            "faces": {
                "north": { "uv": [ 8, 0, 8.5, 0 ], "rotation":180, "texture": "#main" }, 
                "east":  { "uv": [ 8, 0, 8, 1.5 ], "rotation":90, "texture": "#main" }, 
                "south": { "uv": [ 8, 0, 8.5, 0 ], "texture": "#main" }, 
                "west":  { "uv": [ 8, 0, 8, 1.5 ], "rotation":270, "texture": "#main" }, 
                "up":    { "uv": [ 8, 0, 8.5, 1.5 ], "texture": "#main" }, 
                "down":  { "uv": [ 9.375, 0.375, 9.625, 0.75 ], "rotation":180, "texture": "#main" }
            }
        }, 
        {
            "from": [ 10, 1, 6 ], 
            "to":   [ 12, 13, 6 ], 
            "faces": {
                "north": { "uv": [ 8.25, 0, 9, 0.125 ], "rotation":90, "texture": "#main" }, 
                "east":  { "uv": [ 8, 0, 8, 1.5 ], "texture": "#main" }, 
                "south": { "uv": [ 8, 0, 8.5, 1.5 ], "texture": "#main" }, 
                "west":  { "uv": [ 8, 0, 8, 1.5 ], "texture": "#main" }, 
                "up":    { "uv": [ 8, 0, 8.5, 0 ], "texture": "#main" }, 
                "down":  { "uv": [ 8, 0, 8.5, 0 ], "texture": "#main" }
            }
        }, 
        {
            "from": [ 6, 11, 6 ], 
            "to":   [ 10, 13, 6 ], 
            "faces": {
                "north": { "uv": [ 8, 0.25, 8.125, 0.5 ], "rotation":90, "texture": "#main" }, 
                "east":  { "uv": [ 8, 0, 8, 1.5 ], "texture": "#main" }, 
                "south": { "uv": [ 8, 0, 8.5, 1.5 ], "texture": "#main" }, 
                "west":  { "uv": [ 8, 0, 8, 1.5 ], "texture": "#main" }, 
                "up":    { "uv": [ 8, 0, 8.5, 0 ], "texture": "#main" }, 
                "down":  { "uv": [ 8, 0, 8.5, 0 ], "texture": "#main" }
            }
        }, 
        {
            "name": "tail", 
            "from": [ 6.5, 0.5, 10 ], 
            "to":   [ 9.5, 1.5, 14 ], 
            "faces": {
                "north": { "uv": [ 8, 0, 8.75, 0.125 ], "texture": "#main" }, 
                "east":  { "uv": [ 8.1875, 0.4375, 8.4375, 0.5 ], "texture": "#main" }, 
                "south": { "uv": [ 8.6875, 0.6875, 8.875, 0.75 ], "texture": "#main" }, 
                "west":  { "uv": [ 8, 0.3125, 8.25, 0.375 ], "texture": "#main" }, 
                "up":    { "uv": [ 8.4375, 0.25, 8.625, 0.5 ], "texture": "#main" }, 
                "down":  { "uv": [ 9.375, 0.25, 9.5625, 0.5 ], "texture": "#main" }
            }
        }, 
        {
            "from": [ 5.5, 13, 6 ], 
            "to":   [ 10.5, 17, 11 ], 
            "faces": {
                "north": { "uv": [ 8.5, 0.5625, 8.8125, 0.8125 ], "texture": "#main" }, 
                "east":  { "uv": [ 8.5625, 0.3125, 8.25, 0.5625 ], "texture": "#main" }, 
                "south": { "uv": [ 8.5, 0.1875, 8.8125, 0.4375 ], "texture": "#main" }, 
                "west":  { "uv": [ 8.25, 0.3125, 8.5625, 0.5625 ], "texture": "#main" }, 
                "up":    { "uv": [ 8, 0.125, 8.3125, 0.4375 ], "texture": "#main" }, 
                "down":  { "uv": [ 9.5, 0.75, 10.75, 1.375 ], "texture": "#main" }
            }
        }, 
        {
            "from": [ 9, 0, 3 ], 
            "to":   [ 12, 1, 8 ], 
            "rotation": { "angle": 0, "axis": "y", "origin": [16, 0, 0] }, 
            "faces": {
                "north": { "uv": [ 10.9375, 1.6875, 10.75, 1.71875 ], "texture": "#main" }, 
                "east":  { "uv": [ 10.625, 1, 10.3125, 1.03125 ], "texture": "#main" }, 
                "south": { "uv": [ 11, 1.0625, 10.8125, 1.125 ], "texture": "#main" }, 
                "west":  { "uv": [ 10.5, 1.5, 10.8125, 1.5625 ], "texture": "#main" }, 
                "up":    { "uv": [ 10.75, 0.1875, 10.5625, 0.5 ], "texture": "#main" }, 
                "down":  { "uv": [ 10.875, 0.625, 10.6875, 0.78125 ], "texture": "#main" }
            }
        }, 
        {
            "from": [ 4, 0, 8 ], 
            "to":   [ 7, 1, 13 ], 
            "faces": {
                "north": { "uv": [ 10.75, 1.6875, 10.9375, 1.71875 ], "texture": "#main" }, 
                "east":  { "uv": [ 10.8125, 1.5, 10.5, 1.5625 ], "texture": "#main" }, 
                "south": { "uv": [ 10.8125, 1.0625, 11, 1.125 ], "texture": "#main" }, 
                "west":  { "uv": [ 10.3125, 1, 10.625, 1.03125 ], "texture": "#main" }, 
                "up":    { "uv": [ 10.5625, 0.1875, 10.75, 0.5 ], "texture": "#main" }, 
                "down":  { "uv": [ 10.6875, 0.625, 10.875, 0.78125 ], "texture": "#main" }
            }
        }, 
        {
            "from": [ 6.5, 13, 4 ], 
            "to":   [ 9.5, 14, 9 ], 
            "rotation": { "angle": 0, "axis": "y", "origin": [16, 0, 0] }, 
            "faces": {
                "north": { "uv": [ 10.9375, 0.6875, 10.75, 0.75 ], "texture": "#main" }, 
                "east":  { "uv": [ 10.6875, 1.375, 10.375, 1.40625 ], "texture": "#main" }, 
                "south": { "uv": [ 9.875, 0.75, 9.6875, 0.78125 ], "texture": "#main" }, 
                "west":  { "uv": [ 10.5625, 0.875, 10.25, 0.9375 ], "texture": "#main" }, 
                "up":    { "uv": [ 10.9375, 0.6875, 10.75, 1 ], "texture": "#main" }, 
                "down":  { "uv": [ 10.75, 1.3125, 10.4375, 1.5 ], "rotation":270, "texture": "#main" }
            }
        }, 
        {
            "from": [ 12, 2, 7 ], 
            "to":   [ 13, 12, 10 ], 
            "rotation": { "angle": -22.5, "axis": "x", "origin": [12.5, 11, 8.5] }, 
            "faces": {
                "north": { "uv": [ 8.3125, 0.0625, 8.25, 0.6875 ], "texture": "#main" }, 
                "east":  { "uv": [ 8, 0.3125, 8.625, 0.125 ], "rotation":90, "texture": "#main" }, 
                "south": { "uv": [ 8.4375, 0.0625, 8.375, 0.6875 ], "texture": "#main" }, 
                "west":  { "uv": [ 9.8125, 0.375, 9.1875, 0.1875 ], "rotation":90, "texture": "#main" }, 
                "up":    { "uv": [ 8.6875, 0.1875, 8.625, 0.375 ], "texture": "#main" }, 
                "down":  { "uv": [ 8.375, 0.1875, 8.3125, 0.375 ], "texture": "#main" }
            }
        }, 
        {
            "from": [ 3, 2, 7 ], 
            "to":   [ 4, 12, 10 ], 
            "rotation": { "angle": 22.5, "axis": "x", "origin": [3.5, 11, 8.5] }, 
            "faces": {
                "north": { "uv": [ 8.25, 0.0625, 8.3125, 0.6875 ], "texture": "#main" }, 
                "east":  { "uv": [ 9.8125, 0.1875, 9.1875, 0.375 ], "rotation":90, "texture": "#main" }, 
                "south": { "uv": [ 8.375, 0.0625, 8.4375, 0.6875 ], "texture": "#main" }, 
                "west":  { "uv": [ 8, 0.125, 8.625, 0.3125 ], "rotation":90, "texture": "#main" }, 
                "up":    { "uv": [ 8.625, 0.1875, 8.6875, 0.375 ], "texture": "#main" }, 
                "down":  { "uv": [ 8.3125, 0.1875, 8.375, 0.375 ], "texture": "#main" }
            }
        }, 
        {
            "from": [ 5.5, 14, 5.99 ], 
            "to":   [ 7.5, 16, 5.99 ], 
            "faces": {
                "north": { "uv": [ 11.125, 0.5, 11, 0.625 ], "texture": "#main" }, 
                "east":  { "uv": [ 8, 0, 8, 0.125 ], "texture": "#main" }, 
                "south": { "uv": [ 8, 0, 8.5, 0.125 ], "texture": "#main" }, 
                "west":  { "uv": [ 8, 0, 8, 0.125 ], "texture": "#main" }, 
                "up":    { "uv": [ 8, 0, 8.5, 0 ], "texture": "#main" }, 
                "down":  { "uv": [ 8, 0, 8.5, 0 ], "texture": "#main" }
            }
        }, 
        {
            "from": [ 8.5, 14, 5.99 ], 
            "to":   [ 10.5, 16, 5.99 ], 
            "faces": {
                "north": { "uv": [ 11, 0.5, 11.125, 0.625 ], "texture": "#main" }, 
                "east":  { "uv": [ 8, 0, 8, 0.125 ], "texture": "#main" }, 
                "south": { "uv": [ 8, 0, 8.5, 0.125 ], "texture": "#main" }, 
                "west":  { "uv": [ 8, 0, 8, 0.125 ], "texture": "#main" }, 
                "up":    { "uv": [ 8, 0, 8.5, 0 ], "texture": "#main" }, 
                "down":  { "uv": [ 8, 0, 8.5, 0 ], "texture": "#main" }
            }
        }, 
        {
            "from": [ 4, 1, 6 ], 
            "to":   [ 6, 13, 6 ], 
            "faces": {
                "north": { "uv": [ 12, 0.5, 12.75, 0.625 ], "rotation":90, "texture": "#main" }, 
                "east":  { "uv": [ 12, 0, 12, 1.5 ], "texture": "#main" }, 
                "south": { "uv": [ 12, 0, 12.5, 1.5 ], "texture": "#main" }, 
                "west":  { "uv": [ 12, 0, 12, 1.5 ], "texture": "#main" }, 
                "up":    { "uv": [ 12, 0, 12.5, 0 ], "texture": "#main" }, 
                "down":  { "uv": [ 12, 0, 12.5, 0 ], "texture": "#main" }
            }
        }, 
        {
            "from": [ 4, 1, 6 ], 
            "to":   [ 4, 13, 12 ], 
            "rotation": { "angle": 0, "axis": "y", "origin": [5, 7, 7] }, 
            "faces": {
                "north": { "uv": [ 12, 0, 12, 1.5 ], "texture": "#main" }, 
                "east":  { "uv": [ 12, 0, 12.5, 1.5 ], "texture": "#main" }, 
                "south": { "uv": [ 12, 0, 12, 1.5 ], "texture": "#main" }, 
                "west":  { "uv": [ 12, 0, 12.75, 0.375 ], "rotation":90, "texture": "#main" }, 
                "up":    { "uv": [ 12, 0, 12.5, 0 ], "rotation":270, "texture": "#main" }, 
                "down":  { "uv": [ 12, 0, 12.5, 0 ], "rotation":90, "texture": "#main" }
            }
        }, 
        {
            "from": [ 12, 1, 6 ], 
            "to":   [ 12, 13, 12 ], 
            "rotation": { "angle": 0, "axis": "y", "origin": [5, 7, 7] }, 
            "faces": {
                "north": { "uv": [ 12, 0, 12, 1.5 ], "texture": "#main" }, 
                "east":  { "uv": [ 12.125, 0.625, 12.875, 0.25 ], "rotation":90, "texture": "#main" }, 
                "south": { "uv": [ 12, 0, 12, 1.5 ], "texture": "#main" }, 
                "west":  { "uv": [ 12, 0, 12.5, 1.5 ], "texture": "#main" }, 
                "up":    { "uv": [ 12, 0, 12.5, 0 ], "rotation":90, "texture": "#main" }, 
                "down":  { "uv": [ 12, 0, 12.5, 0 ], "rotation":270, "texture": "#main" }
            }
        }, 
        {
            "from": [ 4, 1, 12 ], 
            "to":   [ 12, 13, 12 ], 
            "rotation": { "angle": 0, "axis": "y", "origin": [5, 7, 7] }, 
            "faces": {
                "north": { "uv": [ 12, 0, 12.5, 1.5 ], "texture": "#main" }, 
                "east":  { "uv": [ 12, 0, 12, 1.5 ], "texture": "#main" }, 
                "south": { "uv": [ 12.5, 0, 12, 0.75 ], "texture": "#main" }, 
                "west":  { "uv": [ 12, 0, 12, 1.5 ], "texture": "#main" }, 
                "up":    { "uv": [ 12, 0, 12.5, 0 ], "rotation":180, "texture": "#main" }, 
                "down":  { "uv": [ 12, 0, 12.5, 0 ], "rotation":180, "texture": "#main" }
            }
        }, 
        {
            "from": [ 4, 13, 6 ], 
            "to":   [ 12, 13, 12 ], 
            "rotation": { "angle": 0, "axis": "y", "origin": [5, 7, 7] }, 
            "faces": {
                "north": { "uv": [ 12, 0, 12.5, 1.5 ], "texture": "#main" }, 
                "east":  { "uv": [ 12, 0, 12, 1.5 ], "texture": "#main" }, 
                "south": { "uv": [ 12, 0, 12, 0 ], "texture": "#main" }, 
                "west":  { "uv": [ 12, 0, 12, 1.5 ], "texture": "#main" }, 
                "up":    { "uv": [ 12.4375, 0.25, 12.9375, 0.625 ], "rotation":180, "texture": "#main" }, 
                "down":  { "uv": [ 12, 0, 12.5, 0 ], "rotation":180, "texture": "#main" }
            }
        }, 
        {
            "from": [ 10, 1, 6 ], 
            "to":   [ 12, 1, 12 ], 
            "rotation": { "angle": 0, "axis": "y", "origin": [5, 7, 7] }, 
            "faces": {
                "north": { "uv": [ 12, 0, 12.5, 1.5 ], "texture": "#main" }, 
                "east":  { "uv": [ 12, 0, 12, 1.5 ], "texture": "#main" }, 
                "south": { "uv": [ 12, 0, 12, 0 ], "texture": "#main" }, 
                "west":  { "uv": [ 12, 0, 12, 1.5 ], "texture": "#main" }, 
                "up":    { "uv": [ 13.25, 0.375, 15.25, 1.125 ], "rotation":180, "texture": "#main" }, 
                "down":  { "uv": [ 12.25, 0.1875, 12.375, 0.5625 ], "rotation":180, "texture": "#main" }
            }
        }, 
        {
            "from": [ 4, 1, 6 ], 
            "to":   [ 6, 1, 12 ], 
            "rotation": { "angle": 0, "axis": "y", "origin": [5, 7, 7] }, 
            "faces": {
                "north": { "uv": [ 12, 0, 12.5, 1.5 ], "texture": "#main" }, 
                "east":  { "uv": [ 12, 0, 12, 1.5 ], "texture": "#main" }, 
                "south": { "uv": [ 12, 0, 12, 0 ], "texture": "#main" }, 
                "west":  { "uv": [ 12, 0, 12, 1.5 ], "texture": "#main" }, 
                "up":    { "uv": [ 13.25, 0.375, 15.25, 1.125 ], "rotation":180, "texture": "#main" }, 
                "down":  { "uv": [ 12.375, 0.125, 12.5, 0.5 ], "rotation":180, "texture": "#main" }
            }
        }, 
        {
            "from": [ 6, 1, 6 ], 
            "to":   [ 10, 11, 6 ], 
            "faces": {
                "north": { "uv": [ 13.375, 0.0625, 13.625, 0.6875 ], "texture": "#main" }, 
                "east":  { "uv": [ 12, 0, 12, 1.5 ], "texture": "#main" }, 
                "south": { "uv": [ 12, 0, 12.5, 1.5 ], "texture": "#main" }, 
                "west":  { "uv": [ 12, 0, 12, 1.5 ], "texture": "#main" }, 
                "up":    { "uv": [ 12, 0, 12.5, 0 ], "texture": "#main" }, 
                "down":  { "uv": [ 12, 0, 12.5, 0 ], "texture": "#main" }
            }
        }, 
        {
            "from": [ 6, 1, 6 ], 
            "to":   [ 10, 1, 12 ], 
            "faces": {
                "north": { "uv": [ 12, 0, 12.5, 0 ], "rotation":180, "texture": "#main" }, 
                "east":  { "uv": [ 12, 0, 12, 1.5 ], "rotation":90, "texture": "#main" }, 
                "south": { "uv": [ 12, 0, 12.5, 0 ], "texture": "#main" }, 
                "west":  { "uv": [ 12, 0, 12, 1.5 ], "rotation":270, "texture": "#main" }, 
                "up":    { "uv": [ 12, 0, 12.5, 1.5 ], "texture": "#main" }, 
                "down":  { "uv": [ 13.375, 0.375, 13.625, 0.75 ], "rotation":180, "texture": "#main" }
            }
        }, 
        {
            "from": [ 10, 1, 6 ], 
            "to":   [ 12, 13, 6 ], 
            "faces": {
                "north": { "uv": [ 12.25, 0, 13, 0.125 ], "rotation":90, "texture": "#main" }, 
                "east":  { "uv": [ 12, 0, 12, 1.5 ], "texture": "#main" }, 
                "south": { "uv": [ 12, 0, 12.5, 1.5 ], "texture": "#main" }, 
                "west":  { "uv": [ 12, 0, 12, 1.5 ], "texture": "#main" }, 
                "up":    { "uv": [ 12, 0, 12.5, 0 ], "texture": "#main" }, 
                "down":  { "uv": [ 12, 0, 12.5, 0 ], "texture": "#main" }
            }
        }, 
        {
            "from": [ 6, 11, 6 ], 
            "to":   [ 10, 13, 6 ], 
            "faces": {
                "north": { "uv": [ 12, 0.25, 12.125, 0.5 ], "rotation":90, "texture": "#main" }, 
                "east":  { "uv": [ 12, 0, 12, 1.5 ], "texture": "#main" }, 
                "south": { "uv": [ 12, 0, 12.5, 1.5 ], "texture": "#main" }, 
                "west":  { "uv": [ 12, 0, 12, 1.5 ], "texture": "#main" }, 
                "up":    { "uv": [ 12, 0, 12.5, 0 ], "texture": "#main" }, 
                "down":  { "uv": [ 12, 0, 12.5, 0 ], "texture": "#main" }
            }
        }, 
        {
            "name": "tail", 
            "from": [ 6.5, 0.5, 10 ], 
            "to":   [ 9.5, 1.5, 14 ], 
            "faces": {
                "north": { "uv": [ 12, 0, 12.75, 0.125 ], "texture": "#main" }, 
                "east":  { "uv": [ 12.1875, 0.4375, 12.4375, 0.5 ], "texture": "#main" }, 
                "south": { "uv": [ 12.6875, 0.6875, 12.875, 0.75 ], "texture": "#main" }, 
                "west":  { "uv": [ 12, 0.3125, 12.25, 0.375 ], "texture": "#main" }, 
                "up":    { "uv": [ 12.4375, 0.25, 12.625, 0.5 ], "texture": "#main" }, 
                "down":  { "uv": [ 13.375, 0.25, 13.5625, 0.5 ], "texture": "#main" }
            }
        }, 
        {
            "from": [ 5.5, 13, 6 ], 
            "to":   [ 10.5, 17, 11 ], 
            "faces": {
                "north": { "uv": [ 12.5, 0.5625, 12.8125, 0.8125 ], "texture": "#main" }, 
                "east":  { "uv": [ 12.5625, 0.3125, 12.25, 0.5625 ], "texture": "#main" }, 
                "south": { "uv": [ 12.5, 0.1875, 12.8125, 0.4375 ], "texture": "#main" }, 
                "west":  { "uv": [ 12.25, 0.3125, 12.5625, 0.5625 ], "texture": "#main" }, 
                "up":    { "uv": [ 12, 0.125, 12.3125, 0.4375 ], "texture": "#main" }, 
                "down":  { "uv": [ 13.5, 0.75, 14.75, 1.375 ], "texture": "#main" }
            }
        }, 
        {
            "from": [ 9, 0, 2 ], 
            "to":   [ 12, 1, 7 ], 
            "rotation": { "angle": 0, "axis": "y", "origin": [16, 0, 0] }, 
            "faces": {
                "north": { "uv": [ 14.9375, 1.6875, 14.75, 1.71875 ], "texture": "#main" }, 
                "east":  { "uv": [ 14.625, 1, 14.3125, 1.03125 ], "texture": "#main" }, 
                "south": { "uv": [ 15, 1.0625, 14.8125, 1.125 ], "texture": "#main" }, 
                "west":  { "uv": [ 14.5, 1.5, 14.8125, 1.5625 ], "texture": "#main" }, 
                "up":    { "uv": [ 14.75, 0.1875, 14.5625, 0.5 ], "texture": "#main" }, 
                "down":  { "uv": [ 14.875, 0.625, 14.6875, 0.78125 ], "texture": "#main" }
            }
        }, 
        {
            "from": [ 4, 0, 9 ], 
            "to":   [ 7, 1, 14 ], 
            "faces": {
                "north": { "uv": [ 14.75, 1.6875, 14.9375, 1.71875 ], "texture": "#main" }, 
                "east":  { "uv": [ 14.8125, 1.5, 14.5, 1.5625 ], "texture": "#main" }, 
                "south": { "uv": [ 14.8125, 1.0625, 15, 1.125 ], "texture": "#main" }, 
                "west":  { "uv": [ 14.3125, 1, 14.625, 1.03125 ], "texture": "#main" }, 
                "up":    { "uv": [ 14.5625, 0.1875, 14.75, 0.5 ], "texture": "#main" }, 
                "down":  { "uv": [ 14.6875, 0.625, 14.875, 0.78125 ], "texture": "#main" }
            }
        }, 
        {
            "from": [ 6.5, 13, 4 ], 
            "to":   [ 9.5, 14, 9 ], 
            "rotation": { "angle": 0, "axis": "y", "origin": [16, 0, 0] }, 
            "faces": {
                "north": { "uv": [ 14.9375, 0.6875, 14.75, 0.75 ], "texture": "#main" }, 
                "east":  { "uv": [ 14.6875, 1.375, 14.375, 1.40625 ], "texture": "#main" }, 
                "south": { "uv": [ 13.875, 0.75, 13.6875, 0.78125 ], "texture": "#main" }, 
                "west":  { "uv": [ 14.5625, 0.875, 14.25, 0.9375 ], "texture": "#main" }, 
                "up":    { "uv": [ 14.9375, 0.6875, 14.75, 1 ], "texture": "#main" }, 
                "down":  { "uv": [ 14.75, 1.3125, 14.4375, 1.5 ], "rotation":270, "texture": "#main" }
            }
        }, 
        {
            "from": [ 12, 2, 7 ], 
            "to":   [ 13, 12, 10 ], 
            "rotation": { "angle": -22.5, "axis": "x", "origin": [12.5, 11, 8.5] }, 
            "faces": {
                "north": { "uv": [ 12.3125, 0.0625, 12.25, 0.6875 ], "texture": "#main" }, 
                "east":  { "uv": [ 12, 0.3125, 12.625, 0.125 ], "rotation":90, "texture": "#main" }, 
                "south": { "uv": [ 12.4375, 0.0625, 12.375, 0.6875 ], "texture": "#main" }, 
                "west":  { "uv": [ 13.8125, 0.375, 13.1875, 0.1875 ], "rotation":90, "texture": "#main" }, 
                "up":    { "uv": [ 12.6875, 0.1875, 12.625, 0.375 ], "texture": "#main" }, 
                "down":  { "uv": [ 12.375, 0.1875, 12.3125, 0.375 ], "texture": "#main" }
            }
        }, 
        {
            "from": [ 3, 2, 7 ], 
            "to":   [ 4, 12, 10 ], 
            "rotation": { "angle": 22.5, "axis": "x", "origin": [3.5, 11, 8.5] }, 
            "faces": {
                "north": { "uv": [ 12.25, 0.0625, 12.3125, 0.6875 ], "texture": "#main" }, 
                "east":  { "uv": [ 13.8125, 0.1875, 13.1875, 0.375 ], "rotation":90, "texture": "#main" }, 
                "south": { "uv": [ 12.375, 0.0625, 12.4375, 0.6875 ], "texture": "#main" }, 
                "west":  { "uv": [ 12, 0.125, 12.625, 0.3125 ], "rotation":90, "texture": "#main" }, 
                "up":    { "uv": [ 12.625, 0.1875, 12.6875, 0.375 ], "texture": "#main" }, 
                "down":  { "uv": [ 12.3125, 0.1875, 12.375, 0.375 ], "texture": "#main" }
            }
        }, 
        {
            "from": [ 5.5, 14, 5.99 ], 
            "to":   [ 7.5, 16, 5.99 ], 
            "faces": {
                "north": { "uv": [ 15.125, 0.5, 15, 0.625 ], "texture": "#main" }, 
                "east":  { "uv": [ 12, 0, 12, 0.125 ], "texture": "#main" }, 
                "south": { "uv": [ 12, 0, 12.5, 0.125 ], "texture": "#main" }, 
                "west":  { "uv": [ 12, 0, 12, 0.125 ], "texture": "#main" }, 
                "up":    { "uv": [ 12, 0, 12.5, 0 ], "texture": "#main" }, 
                "down":  { "uv": [ 12, 0, 12.5, 0 ], "texture": "#main" }
            }
        }, 
        {
            "from": [ 8.5, 14, 5.99 ], 
            "to":   [ 10.5, 16, 5.99 ], 
            "faces": {
                "north": { "uv": [ 15, 0.5, 15.125, 0.625 ], "texture": "#main" }, 
                "east":  { "uv": [ 12, 0, 12, 0.125 ], "texture": "#main" }, 
                "south": { "uv": [ 12, 0, 12.5, 0.125 ], "texture": "#main" }, 
                "west":  { "uv": [ 12, 0, 12, 0.125 ], "texture": "#main" }, 
                "up":    { "uv": [ 12, 0, 12.5, 0 ], "texture": "#main" }, 
                "down":  { "uv": [ 12, 0, 12.5, 0 ], "texture": "#main" }
            }
        }, 
        {
            "from": [ 4, 1, 6 ], 
            "to":   [ 6, 13, 6 ], 
            "faces": {
                "north": { "uv": [ 0, 4.5, 0.75, 4.625 ], "rotation":90, "texture": "#main" }, 
                "east":  { "uv": [ 0, 4, 0, 5.5 ], "texture": "#main" }, 
                "south": { "uv": [ 0, 4, 0.5, 5.5 ], "texture": "#main" }, 
                "west":  { "uv": [ 0, 4, 0, 5.5 ], "texture": "#main" }, 
                "up":    { "uv": [ 0, 4, 0.5, 4 ], "texture": "#main" }, 
                "down":  { "uv": [ 0, 4, 0.5, 4 ], "texture": "#main" }
            }
        }, 
        {
            "from": [ 4, 1, 6 ], 
            "to":   [ 4, 13, 12 ], 
            "rotation": { "angle": 0, "axis": "y", "origin": [5, 7, 7] }, 
            "faces": {
                "north": { "uv": [ 0, 4, 0, 5.5 ], "texture": "#main" }, 
                "east":  { "uv": [ 0, 4, 0.5, 5.5 ], "texture": "#main" }, 
                "south": { "uv": [ 0, 4, 0, 5.5 ], "texture": "#main" }, 
                "west":  { "uv": [ 0, 4, 0.75, 4.375 ], "rotation":90, "texture": "#main" }, 
                "up":    { "uv": [ 0, 4, 0.5, 4 ], "rotation":270, "texture": "#main" }, 
                "down":  { "uv": [ 0, 4, 0.5, 4 ], "rotation":90, "texture": "#main" }
            }
        }, 
        {
            "from": [ 12, 1, 6 ], 
            "to":   [ 12, 13, 12 ], 
            "rotation": { "angle": 0, "axis": "y", "origin": [5, 7, 7] }, 
            "faces": {
                "north": { "uv": [ 0, 4, 0, 5.5 ], "texture": "#main" }, 
                "east":  { "uv": [ 0.125, 4.625, 0.875, 4.25 ], "rotation":90, "texture": "#main" }, 
                "south": { "uv": [ 0, 4, 0, 5.5 ], "texture": "#main" }, 
                "west":  { "uv": [ 0, 4, 0.5, 5.5 ], "texture": "#main" }, 
                "up":    { "uv": [ 0, 4, 0.5, 4 ], "rotation":90, "texture": "#main" }, 
                "down":  { "uv": [ 0, 4, 0.5, 4 ], "rotation":270, "texture": "#main" }
            }
        }, 
        {
            "from": [ 4, 1, 12 ], 
            "to":   [ 12, 13, 12 ], 
            "rotation": { "angle": 0, "axis": "y", "origin": [5, 7, 7] }, 
            "faces": {
                "north": { "uv": [ 0, 4, 0.5, 5.5 ], "texture": "#main" }, 
                "east":  { "uv": [ 0, 4, 0, 5.5 ], "texture": "#main" }, 
                "south": { "uv": [ 0.5, 4, 0, 4.75 ], "texture": "#main" }, 
                "west":  { "uv": [ 0, 4, 0, 5.5 ], "texture": "#main" }, 
                "up":    { "uv": [ 0, 4, 0.5, 4 ], "rotation":180, "texture": "#main" }, 
                "down":  { "uv": [ 0, 4, 0.5, 4 ], "rotation":180, "texture": "#main" }
            }
        }, 
        {
            "from": [ 4, 13, 6 ], 
            "to":   [ 12, 13, 12 ], 
            "rotation": { "angle": 0, "axis": "y", "origin": [5, 7, 7] }, 
            "faces": {
                "north": { "uv": [ 0, 4, 0.5, 5.5 ], "texture": "#main" }, 
                "east":  { "uv": [ 0, 4, 0, 5.5 ], "texture": "#main" }, 
                "south": { "uv": [ 0, 4, 0, 4 ], "texture": "#main" }, 
                "west":  { "uv": [ 0, 4, 0, 5.5 ], "texture": "#main" }, 
                "up":    { "uv": [ 0.4375, 4.25, 0.9375, 4.625 ], "rotation":180, "texture": "#main" }, 
                "down":  { "uv": [ 0, 4, 0.5, 4 ], "rotation":180, "texture": "#main" }
            }
        }, 
        {
            "from": [ 10, 1, 6 ], 
            "to":   [ 12, 1, 12 ], 
            "rotation": { "angle": 0, "axis": "y", "origin": [5, 7, 7] }, 
            "faces": {
                "north": { "uv": [ 0, 4, 0.5, 5.5 ], "texture": "#main" }, 
                "east":  { "uv": [ 0, 4, 0, 5.5 ], "texture": "#main" }, 
                "south": { "uv": [ 0, 4, 0, 4 ], "texture": "#main" }, 
                "west":  { "uv": [ 0, 4, 0, 5.5 ], "texture": "#main" }, 
                "up":    { "uv": [ 1.25, 4.375, 3.25, 5.125 ], "rotation":180, "texture": "#main" }, 
                "down":  { "uv": [ 0.25, 4.1875, 0.375, 4.5625 ], "rotation":180, "texture": "#main" }
            }
        }, 
        {
            "from": [ 4, 1, 6 ], 
            "to":   [ 6, 1, 12 ], 
            "rotation": { "angle": 0, "axis": "y", "origin": [5, 7, 7] }, 
            "faces": {
                "north": { "uv": [ 0, 4, 0.5, 5.5 ], "texture": "#main" }, 
                "east":  { "uv": [ 0, 4, 0, 5.5 ], "texture": "#main" }, 
                "south": { "uv": [ 0, 4, 0, 4 ], "texture": "#main" }, 
                "west":  { "uv": [ 0, 4, 0, 5.5 ], "texture": "#main" }, 
                "up":    { "uv": [ 1.25, 4.375, 3.25, 5.125 ], "rotation":180, "texture": "#main" }, 
                "down":  { "uv": [ 0.375, 4.125, 0.5, 4.5 ], "rotation":180, "texture": "#main" }
            }
        }, 
        {
            "from": [ 6, 1, 6 ], 
            "to":   [ 10, 11, 6 ], 
            "faces": {
                "north": { "uv": [ 1.375, 4.0625, 1.625, 4.6875 ], "texture": "#main" }, 
                "east":  { "uv": [ 0, 4, 0, 5.5 ], "texture": "#main" }, 
                "south": { "uv": [ 0, 4, 0.5, 5.5 ], "texture": "#main" }, 
                "west":  { "uv": [ 0, 4, 0, 5.5 ], "texture": "#main" }, 
                "up":    { "uv": [ 0, 4, 0.5, 4 ], "texture": "#main" }, 
                "down":  { "uv": [ 0, 4, 0.5, 4 ], "texture": "#main" }
            }
        }, 
        {
            "from": [ 6, 1, 6 ], 
            "to":   [ 10, 1, 12 ], 
            "faces": {
                "north": { "uv": [ 0, 4, 0.5, 4 ], "rotation":180, "texture": "#main" }, 
                "east":  { "uv": [ 0, 4, 0, 5.5 ], "rotation":90, "texture": "#main" }, 
                "south": { "uv": [ 0, 4, 0.5, 4 ], "texture": "#main" }, 
                "west":  { "uv": [ 0, 4, 0, 5.5 ], "rotation":270, "texture": "#main" }, 
                "up":    { "uv": [ 0, 4, 0.5, 5.5 ], "texture": "#main" }, 
                "down":  { "uv": [ 1.375, 4.375, 1.625, 4.75 ], "rotation":180, "texture": "#main" }
            }
        }, 
        {
            "from": [ 10, 1, 6 ], 
            "to":   [ 12, 13, 6 ], 
            "faces": {
                "north": { "uv": [ 0.25, 4, 1, 4.125 ], "rotation":90, "texture": "#main" }, 
                "east":  { "uv": [ 0, 4, 0, 5.5 ], "texture": "#main" }, 
                "south": { "uv": [ 0, 4, 0.5, 5.5 ], "texture": "#main" }, 
                "west":  { "uv": [ 0, 4, 0, 5.5 ], "texture": "#main" }, 
                "up":    { "uv": [ 0, 4, 0.5, 4 ], "texture": "#main" }, 
                "down":  { "uv": [ 0, 4, 0.5, 4 ], "texture": "#main" }
            }
        }, 
        {
            "from": [ 6, 11, 6 ], 
            "to":   [ 10, 13, 6 ], 
            "faces": {
                "north": { "uv": [ 0, 4.25, 0.125, 4.5 ], "rotation":90, "texture": "#main" }, 
                "east":  { "uv": [ 0, 4, 0, 5.5 ], "texture": "#main" }, 
                "south": { "uv": [ 0, 4, 0.5, 5.5 ], "texture": "#main" }, 
                "west":  { "uv": [ 0, 4, 0, 5.5 ], "texture": "#main" }, 
                "up":    { "uv": [ 0, 4, 0.5, 4 ], "texture": "#main" }, 
                "down":  { "uv": [ 0, 4, 0.5, 4 ], "texture": "#main" }
            }
        }, 
        {
            "name": "tail", 
            "from": [ 6.5, 0.5, 10 ], 
            "to":   [ 9.5, 1.5, 14 ], 
            "faces": {
                "north": { "uv": [ 0, 4, 0.75, 4.125 ], "texture": "#main" }, 
                "east":  { "uv": [ 0.1875, 4.4375, 0.4375, 4.5 ], "texture": "#main" }, 
                "south": { "uv": [ 0.6875, 4.6875, 0.875, 4.75 ], "texture": "#main" }, 
                "west":  { "uv": [ 0, 4.3125, 0.25, 4.375 ], "texture": "#main" }, 
                "up":    { "uv": [ 0.4375, 4.25, 0.625, 4.5 ], "texture": "#main" }, 
                "down":  { "uv": [ 1.375, 4.25, 1.5625, 4.5 ], "texture": "#main" }
            }
        }, 
        {
            "from": [ 5.5, 13, 6 ], 
            "to":   [ 10.5, 17, 11 ], 
            "faces": {
                "north": { "uv": [ 0.5, 4.5625, 0.8125, 4.8125 ], "texture": "#main" }, 
                "east":  { "uv": [ 0.5625, 4.3125, 0.25, 4.5625 ], "texture": "#main" }, 
                "south": { "uv": [ 0.5, 4.1875, 0.8125, 4.4375 ], "texture": "#main" }, 
                "west":  { "uv": [ 0.25, 4.3125, 0.5625, 4.5625 ], "texture": "#main" }, 
                "up":    { "uv": [ 0, 4.125, 0.3125, 4.4375 ], "texture": "#main" }, 
                "down":  { "uv": [ 1.5, 4.75, 2.75, 5.375 ], "texture": "#main" }
            }
        }, 
        {
            "from": [ 9, 0, 7 ], 
            "to":   [ 12, 1, 12 ], 
            "rotation": { "angle": 0, "axis": "y", "origin": [16, 0, 0] }, 
            "faces": {
                "north": { "uv": [ 2.9375, 5.6875, 2.75, 5.71875 ], "texture": "#main" }, 
                "east":  { "uv": [ 2.625, 5, 2.3125, 5.03125 ], "texture": "#main" }, 
                "south": { "uv": [ 3, 5.0625, 2.8125, 5.125 ], "texture": "#main" }, 
                "west":  { "uv": [ 2.5, 5.5, 2.8125, 5.5625 ], "texture": "#main" }, 
                "up":    { "uv": [ 2.75, 4.1875, 2.5625, 4.5 ], "texture": "#main" }, 
                "down":  { "uv": [ 2.875, 4.625, 2.6875, 4.78125 ], "texture": "#main" }
            }
        }, 
        {
            "from": [ 4, 0, 4 ], 
            "to":   [ 7, 1, 9 ], 
            "faces": {
                "north": { "uv": [ 2.75, 5.6875, 2.9375, 5.71875 ], "texture": "#main" }, 
                "east":  { "uv": [ 2.8125, 5.5, 2.5, 5.5625 ], "texture": "#main" }, 
                "south": { "uv": [ 2.8125, 5.0625, 3, 5.125 ], "texture": "#main" }, 
                "west":  { "uv": [ 2.3125, 5, 2.625, 5.03125 ], "texture": "#main" }, 
                "up":    { "uv": [ 2.5625, 4.1875, 2.75, 4.5 ], "texture": "#main" }, 
                "down":  { "uv": [ 2.6875, 4.625, 2.875, 4.78125 ], "texture": "#main" }
            }
        }, 
        {
            "from": [ 6.5, 13, 4 ], 
            "to":   [ 9.5, 14, 9 ], 
            "rotation": { "angle": 0, "axis": "y", "origin": [16, 0, 0] }, 
            "faces": {
                "north": { "uv": [ 2.9375, 4.6875, 2.75, 4.75 ], "texture": "#main" }, 
                "east":  { "uv": [ 2.6875, 5.375, 2.375, 5.40625 ], "texture": "#main" }, 
                "south": { "uv": [ 1.875, 4.75, 1.6875, 4.78125 ], "texture": "#main" }, 
                "west":  { "uv": [ 2.5625, 4.875, 2.25, 4.9375 ], "texture": "#main" }, 
                "up":    { "uv": [ 2.9375, 4.6875, 2.75, 5 ], "texture": "#main" }, 
                "down":  { "uv": [ 2.75, 5.3125, 2.4375, 5.5 ], "rotation":270, "texture": "#main" }
            }
        }, 
        {
            "from": [ 12, 2, 7 ], 
            "to":   [ 13, 12, 10 ], 
            "rotation": { "angle": 0, "axis": "x", "origin": [12.5, 11, 8.5] }, 
            "faces": {
                "north": { "uv": [ 0.3125, 4.0625, 0.25, 4.6875 ], "texture": "#main" }, 
                "east":  { "uv": [ 0, 4.3125, 0.625, 4.125 ], "rotation":90, "texture": "#main" }, 
                "south": { "uv": [ 0.4375, 4.0625, 0.375, 4.6875 ], "texture": "#main" }, 
                "west":  { "uv": [ 1.8125, 4.375, 1.1875, 4.1875 ], "rotation":90, "texture": "#main" }, 
                "up":    { "uv": [ 0.6875, 4.1875, 0.625, 4.375 ], "texture": "#main" }, 
                "down":  { "uv": [ 0.375, 4.1875, 0.3125, 4.375 ], "texture": "#main" }
            }
        }, 
        {
            "from": [ 3, 2, 7 ], 
            "to":   [ 4, 12, 10 ], 
            "rotation": { "angle": 0, "axis": "x", "origin": [3.5, 11, 8.5] }, 
            "faces": {
                "north": { "uv": [ 0.25, 4.0625, 0.3125, 4.6875 ], "texture": "#main" }, 
                "east":  { "uv": [ 1.8125, 4.1875, 1.1875, 4.375 ], "rotation":90, "texture": "#main" }, 
                "south": { "uv": [ 0.375, 4.0625, 0.4375, 4.6875 ], "texture": "#main" }, 
                "west":  { "uv": [ 0, 4.125, 0.625, 4.3125 ], "rotation":90, "texture": "#main" }, 
                "up":    { "uv": [ 0.625, 4.1875, 0.6875, 4.375 ], "texture": "#main" }, 
                "down":  { "uv": [ 0.3125, 4.1875, 0.375, 4.375 ], "texture": "#main" }
            }
        }, 
        {
            "from": [ 5.5, 14, 5.99 ], 
            "to":   [ 7.5, 16, 5.99 ], 
            "faces": {
                "north": { "uv": [ 3.125, 4.5, 3, 4.625 ], "texture": "#main" }, 
                "east":  { "uv": [ 0, 4, 0, 4.125 ], "texture": "#main" }, 
                "south": { "uv": [ 0, 4, 0.5, 4.125 ], "texture": "#main" }, 
                "west":  { "uv": [ 0, 4, 0, 4.125 ], "texture": "#main" }, 
                "up":    { "uv": [ 0, 4, 0.5, 4 ], "texture": "#main" }, 
                "down":  { "uv": [ 0, 4, 0.5, 4 ], "texture": "#main" }
            }
        }, 
        {
            "from": [ 8.5, 14, 5.99 ], 
            "to":   [ 10.5, 16, 5.99 ], 
            "faces": {
                "north": { "uv": [ 3, 4.5, 3.125, 4.625 ], "texture": "#main" }, 
                "east":  { "uv": [ 0, 4, 0, 4.125 ], "texture": "#main" }, 
                "south": { "uv": [ 0, 4, 0.5, 4.125 ], "texture": "#main" }, 
                "west":  { "uv": [ 0, 4, 0, 4.125 ], "texture": "#main" }, 
                "up":    { "uv": [ 0, 4, 0.5, 4 ], "texture": "#main" }, 
                "down":  { "uv": [ 0, 4, 0.5, 4 ], "texture": "#main" }
            }
        }, 
        {
            "from": [ 4, 1, 6 ], 
            "to":   [ 6, 13, 6 ], 
            "faces": {
                "north": { "uv": [ 4, 4.5, 4.75, 4.625 ], "rotation":90, "texture": "#main" }, 
                "east":  { "uv": [ 4, 4, 4, 5.5 ], "texture": "#main" }, 
                "south": { "uv": [ 4, 4, 4.5, 5.5 ], "texture": "#main" }, 
                "west":  { "uv": [ 4, 4, 4, 5.5 ], "texture": "#main" }, 
                "up":    { "uv": [ 4, 4, 4.5, 4 ], "texture": "#main" }, 
                "down":  { "uv": [ 4, 4, 4.5, 4 ], "texture": "#main" }
            }
        }, 
        {
            "from": [ 4, 1, 6 ], 
            "to":   [ 4, 13, 12 ], 
            "rotation": { "angle": 0, "axis": "y", "origin": [5, 7, 7] }, 
            "faces": {
                "north": { "uv": [ 4, 4, 4, 5.5 ], "texture": "#main" }, 
                "east":  { "uv": [ 4, 4, 4.5, 5.5 ], "texture": "#main" }, 
                "south": { "uv": [ 4, 4, 4, 5.5 ], "texture": "#main" }, 
                "west":  { "uv": [ 4, 4, 4.75, 4.375 ], "rotation":90, "texture": "#main" }, 
                "up":    { "uv": [ 4, 4, 4.5, 4 ], "rotation":270, "texture": "#main" }, 
                "down":  { "uv": [ 4, 4, 4.5, 4 ], "rotation":90, "texture": "#main" }
            }
        }, 
        {
            "from": [ 12, 1, 6 ], 
            "to":   [ 12, 13, 12 ], 
            "rotation": { "angle": 0, "axis": "y", "origin": [5, 7, 7] }, 
            "faces": {
                "north": { "uv": [ 4, 4, 4, 5.5 ], "texture": "#main" }, 
                "east":  { "uv": [ 4.125, 4.625, 4.875, 4.25 ], "rotation":90, "texture": "#main" }, 
                "south": { "uv": [ 4, 4, 4, 5.5 ], "texture": "#main" }, 
                "west":  { "uv": [ 4, 4, 4.5, 5.5 ], "texture": "#main" }, 
                "up":    { "uv": [ 4, 4, 4.5, 4 ], "rotation":90, "texture": "#main" }, 
                "down":  { "uv": [ 4, 4, 4.5, 4 ], "rotation":270, "texture": "#main" }
            }
        }, 
        {
            "from": [ 4, 1, 12 ], 
            "to":   [ 12, 13, 12 ], 
            "rotation": { "angle": 0, "axis": "y", "origin": [5, 7, 7] }, 
            "faces": {
                "north": { "uv": [ 4, 4, 4.5, 5.5 ], "texture": "#main" }, 
                "east":  { "uv": [ 4, 4, 4, 5.5 ], "texture": "#main" }, 
                "south": { "uv": [ 4.5, 4, 4, 4.75 ], "texture": "#main" }, 
                "west":  { "uv": [ 4, 4, 4, 5.5 ], "texture": "#main" }, 
                "up":    { "uv": [ 4, 4, 4.5, 4 ], "rotation":180, "texture": "#main" }, 
                "down":  { "uv": [ 4, 4, 4.5, 4 ], "rotation":180, "texture": "#main" }
            }
        }, 
        {
            "from": [ 4, 13, 6 ], 
            "to":   [ 12, 13, 12 ], 
            "rotation": { "angle": 0, "axis": "y", "origin": [5, 7, 7] }, 
            "faces": {
                "north": { "uv": [ 4, 4, 4.5, 5.5 ], "texture": "#main" }, 
                "east":  { "uv": [ 4, 4, 4, 5.5 ], "texture": "#main" }, 
                "south": { "uv": [ 4, 4, 4, 4 ], "texture": "#main" }, 
                "west":  { "uv": [ 4, 4, 4, 5.5 ], "texture": "#main" }, 
                "up":    { "uv": [ 4.4375, 4.25, 4.9375, 4.625 ], "rotation":180, "texture": "#main" }, 
                "down":  { "uv": [ 4, 4, 4.5, 4 ], "rotation":180, "texture": "#main" }
            }
        }, 
        {
            "from": [ 10, 1, 6 ], 
            "to":   [ 12, 1, 12 ], 
            "rotation": { "angle": 0, "axis": "y", "origin": [5, 7, 7] }, 
            "faces": {
                "north": { "uv": [ 4, 4, 4.5, 5.5 ], "texture": "#main" }, 
                "east":  { "uv": [ 4, 4, 4, 5.5 ], "texture": "#main" }, 
                "south": { "uv": [ 4, 4, 4, 4 ], "texture": "#main" }, 
                "west":  { "uv": [ 4, 4, 4, 5.5 ], "texture": "#main" }, 
                "up":    { "uv": [ 5.25, 4.375, 7.25, 5.125 ], "rotation":180, "texture": "#main" }, 
                "down":  { "uv": [ 4.25, 4.1875, 4.375, 4.5625 ], "rotation":180, "texture": "#main" }
            }
        }, 
        {
            "from": [ 4, 1, 6 ], 
            "to":   [ 6, 1, 12 ], 
            "rotation": { "angle": 0, "axis": "y", "origin": [5, 7, 7] }, 
            "faces": {
                "north": { "uv": [ 4, 4, 4.5, 5.5 ], "texture": "#main" }, 
                "east":  { "uv": [ 4, 4, 4, 5.5 ], "texture": "#main" }, 
                "south": { "uv": [ 4, 4, 4, 4 ], "texture": "#main" }, 
                "west":  { "uv": [ 4, 4, 4, 5.5 ], "texture": "#main" }, 
                "up":    { "uv": [ 5.25, 4.375, 7.25, 5.125 ], "rotation":180, "texture": "#main" }, 
                "down":  { "uv": [ 4.375, 4.125, 4.5, 4.5 ], "rotation":180, "texture": "#main" }
            }
        }, 
        {
            "from": [ 6, 1, 6 ], 
            "to":   [ 10, 11, 6 ], 
            "faces": {
                "north": { "uv": [ 5.375, 4.0625, 5.625, 4.6875 ], "texture": "#main" }, 
                "east":  { "uv": [ 4, 4, 4, 5.5 ], "texture": "#main" }, 
                "south": { "uv": [ 4, 4, 4.5, 5.5 ], "texture": "#main" }, 
                "west":  { "uv": [ 4, 4, 4, 5.5 ], "texture": "#main" }, 
                "up":    { "uv": [ 4, 4, 4.5, 4 ], "texture": "#main" }, 
                "down":  { "uv": [ 4, 4, 4.5, 4 ], "texture": "#main" }
            }
        }, 
        {
            "from": [ 6, 1, 6 ], 
            "to":   [ 10, 1, 12 ], 
            "faces": {
                "north": { "uv": [ 4, 4, 4.5, 4 ], "rotation":180, "texture": "#main" }, 
                "east":  { "uv": [ 4, 4, 4, 5.5 ], "rotation":90, "texture": "#main" }, 
                "south": { "uv": [ 4, 4, 4.5, 4 ], "texture": "#main" }, 
                "west":  { "uv": [ 4, 4, 4, 5.5 ], "rotation":270, "texture": "#main" }, 
                "up":    { "uv": [ 4, 4, 4.5, 5.5 ], "texture": "#main" }, 
                "down":  { "uv": [ 5.375, 4.375, 5.625, 4.75 ], "rotation":180, "texture": "#main" }
            }
        }, 
        {
            "from": [ 10, 1, 6 ], 
            "to":   [ 12, 13, 6 ], 
            "faces": {
                "north": { "uv": [ 4.25, 4, 5, 4.125 ], "rotation":90, "texture": "#main" }, 
                "east":  { "uv": [ 4, 4, 4, 5.5 ], "texture": "#main" }, 
                "south": { "uv": [ 4, 4, 4.5, 5.5 ], "texture": "#main" }, 
                "west":  { "uv": [ 4, 4, 4, 5.5 ], "texture": "#main" }, 
                "up":    { "uv": [ 4, 4, 4.5, 4 ], "texture": "#main" }, 
                "down":  { "uv": [ 4, 4, 4.5, 4 ], "texture": "#main" }
            }
        }, 
        {
            "from": [ 6, 11, 6 ], 
            "to":   [ 10, 13, 6 ], 
            "faces": {
                "north": { "uv": [ 4, 4.25, 4.125, 4.5 ], "rotation":90, "texture": "#main" }, 
                "east":  { "uv": [ 4, 4, 4, 5.5 ], "texture": "#main" }, 
                "south": { "uv": [ 4, 4, 4.5, 5.5 ], "texture": "#main" }, 
                "west":  { "uv": [ 4, 4, 4, 5.5 ], "texture": "#main" }, 
                "up":    { "uv": [ 4, 4, 4.5, 4 ], "texture": "#main" }, 
                "down":  { "uv": [ 4, 4, 4.5, 4 ], "texture": "#main" }
            }
        }, 
        {
            "name": "tail", 
            "from": [ 6.5, 0.5, 10 ], 
            "to":   [ 9.5, 1.5, 14 ], 
            "faces": {
                "north": { "uv": [ 4, 4, 4.75, 4.125 ], "texture": "#main" }, 
                "east":  { "uv": [ 4.1875, 4.4375, 4.4375, 4.5 ], "texture": "#main" }, 
                "south": { "uv": [ 4.6875, 4.6875, 4.875, 4.75 ], "texture": "#main" }, 
                "west":  { "uv": [ 4, 4.3125, 4.25, 4.375 ], "texture": "#main" }, 
                "up":    { "uv": [ 4.4375, 4.25, 4.625, 4.5 ], "texture": "#main" }, 
                "down":  { "uv": [ 5.375, 4.25, 5.5625, 4.5 ], "texture": "#main" }
            }
        }, 
        {
            "from": [ 5.5, 13, 6 ], 
            "to":   [ 10.5, 17, 11 ], 
            "faces": {
                "north": { "uv": [ 4.5, 4.5625, 4.8125, 4.8125 ], "texture": "#main" }, 
                "east":  { "uv": [ 4.5625, 4.3125, 4.25, 4.5625 ], "texture": "#main" }, 
                "south": { "uv": [ 4.5, 4.1875, 4.8125, 4.4375 ], "texture": "#main" }, 
                "west":  { "uv": [ 4.25, 4.3125, 4.5625, 4.5625 ], "texture": "#main" }, 
                "up":    { "uv": [ 4, 4.125, 4.3125, 4.4375 ], "texture": "#main" }, 
                "down":  { "uv": [ 5.5, 4.75, 6.75, 5.375 ], "texture": "#main" }
            }
        }, 
        {
            "from": [ 9, 0, 8 ], 
            "to":   [ 12, 1, 13 ], 
            "rotation": { "angle": 0, "axis": "y", "origin": [16, 0, 0] }, 
            "faces": {
                "north": { "uv": [ 6.9375, 5.6875, 6.75, 5.71875 ], "texture": "#main" }, 
                "east":  { "uv": [ 6.625, 5, 6.3125, 5.03125 ], "texture": "#main" }, 
                "south": { "uv": [ 7, 5.0625, 6.8125, 5.125 ], "texture": "#main" }, 
                "west":  { "uv": [ 6.5, 5.5, 6.8125, 5.5625 ], "texture": "#main" }, 
                "up":    { "uv": [ 6.75, 4.1875, 6.5625, 4.5 ], "texture": "#main" }, 
                "down":  { "uv": [ 6.875, 4.625, 6.6875, 4.78125 ], "texture": "#main" }
            }
        }, 
        {
            "from": [ 4, 0, 3 ], 
            "to":   [ 7, 1, 8 ], 
            "faces": {
                "north": { "uv": [ 6.75, 5.6875, 6.9375, 5.71875 ], "texture": "#main" }, 
                "east":  { "uv": [ 6.8125, 5.5, 6.5, 5.5625 ], "texture": "#main" }, 
                "south": { "uv": [ 6.8125, 5.0625, 7, 5.125 ], "texture": "#main" }, 
                "west":  { "uv": [ 6.3125, 5, 6.625, 5.03125 ], "texture": "#main" }, 
                "up":    { "uv": [ 6.5625, 4.1875, 6.75, 4.5 ], "texture": "#main" }, 
                "down":  { "uv": [ 6.6875, 4.625, 6.875, 4.78125 ], "texture": "#main" }
            }
        }, 
        {
            "from": [ 6.5, 13, 4 ], 
            "to":   [ 9.5, 14, 9 ], 
            "rotation": { "angle": 0, "axis": "y", "origin": [16, 0, 0] }, 
            "faces": {
                "north": { "uv": [ 6.9375, 4.6875, 6.75, 4.75 ], "texture": "#main" }, 
                "east":  { "uv": [ 6.6875, 5.375, 6.375, 5.40625 ], "texture": "#main" }, 
                "south": { "uv": [ 5.875, 4.75, 5.6875, 4.78125 ], "texture": "#main" }, 
                "west":  { "uv": [ 6.5625, 4.875, 6.25, 4.9375 ], "texture": "#main" }, 
                "up":    { "uv": [ 6.9375, 4.6875, 6.75, 5 ], "texture": "#main" }, 
                "down":  { "uv": [ 6.75, 5.3125, 6.4375, 5.5 ], "rotation":270, "texture": "#main" }
            }
        }, 
        {
            "from": [ 12, 2, 7 ], 
            "to":   [ 13, 12, 10 ], 
            "rotation": { "angle": 22.5, "axis": "x", "origin": [12.5, 11, 8.5] }, 
            "faces": {
                "north": { "uv": [ 4.3125, 4.0625, 4.25, 4.6875 ], "texture": "#main" }, 
                "east":  { "uv": [ 4, 4.3125, 4.625, 4.125 ], "rotation":90, "texture": "#main" }, 
                "south": { "uv": [ 4.4375, 4.0625, 4.375, 4.6875 ], "texture": "#main" }, 
                "west":  { "uv": [ 5.8125, 4.375, 5.1875, 4.1875 ], "rotation":90, "texture": "#main" }, 
                "up":    { "uv": [ 4.6875, 4.1875, 4.625, 4.375 ], "texture": "#main" }, 
                "down":  { "uv": [ 4.375, 4.1875, 4.3125, 4.375 ], "texture": "#main" }
            }
        }, 
        {
            "from": [ 3, 2, 7 ], 
            "to":   [ 4, 12, 10 ], 
            "rotation": { "angle": -22.5, "axis": "x", "origin": [3.5, 11, 8.5] }, 
            "faces": {
                "north": { "uv": [ 4.25, 4.0625, 4.3125, 4.6875 ], "texture": "#main" }, 
                "east":  { "uv": [ 5.8125, 4.1875, 5.1875, 4.375 ], "rotation":90, "texture": "#main" }, 
                "south": { "uv": [ 4.375, 4.0625, 4.4375, 4.6875 ], "texture": "#main" }, 
                "west":  { "uv": [ 4, 4.125, 4.625, 4.3125 ], "rotation":90, "texture": "#main" }, 
                "up":    { "uv": [ 4.625, 4.1875, 4.6875, 4.375 ], "texture": "#main" }, 
                "down":  { "uv": [ 4.3125, 4.1875, 4.375, 4.375 ], "texture": "#main" }
            }
        }, 
        {
            "from": [ 5.5, 14, 5.99 ], 
            "to":   [ 7.5, 16, 5.99 ], 
            "faces": {
                "north": { "uv": [ 7.125, 4.5, 7, 4.625 ], "texture": "#main" }, 
                "east":  { "uv": [ 4, 4, 4, 4.125 ], "texture": "#main" }, 
                "south": { "uv": [ 4, 4, 4.5, 4.125 ], "texture": "#main" }, 
                "west":  { "uv": [ 4, 4, 4, 4.125 ], "texture": "#main" }, 
                "up":    { "uv": [ 4, 4, 4.5, 4 ], "texture": "#main" }, 
                "down":  { "uv": [ 4, 4, 4.5, 4 ], "texture": "#main" }
            }
        }, 
        {
            "from": [ 8.5, 14, 5.99 ], 
            "to":   [ 10.5, 16, 5.99 ], 
            "faces": {
                "north": { "uv": [ 7, 4.5, 7.125, 4.625 ], "texture": "#main" }, 
                "east":  { "uv": [ 4, 4, 4, 4.125 ], "texture": "#main" }, 
                "south": { "uv": [ 4, 4, 4.5, 4.125 ], "texture": "#main" }, 
                "west":  { "uv": [ 4, 4, 4, 4.125 ], "texture": "#main" }, 
                "up":    { "uv": [ 4, 4, 4.5, 4 ], "texture": "#main" }, 
                "down":  { "uv": [ 4, 4, 4.5, 4 ], "texture": "#main" }
            }
        }, 
        {
            "from": [ 4, 1, 6 ], 
            "to":   [ 6, 13, 6 ], 
            "faces": {
                "north": { "uv": [ 8, 4.5, 8.75, 4.625 ], "rotation":90, "texture": "#main" }, 
                "east":  { "uv": [ 8, 4, 8, 5.5 ], "texture": "#main" }, 
                "south": { "uv": [ 8, 4, 8.5, 5.5 ], "texture": "#main" }, 
                "west":  { "uv": [ 8, 4, 8, 5.5 ], "texture": "#main" }, 
                "up":    { "uv": [ 8, 4, 8.5, 4 ], "texture": "#main" }, 
                "down":  { "uv": [ 8, 4, 8.5, 4 ], "texture": "#main" }
            }
        }, 
        {
            "from": [ 4, 1, 6 ], 
            "to":   [ 4, 13, 12 ], 
            "rotation": { "angle": 0, "axis": "y", "origin": [5, 7, 7] }, 
            "faces": {
                "north": { "uv": [ 8, 4, 8, 5.5 ], "texture": "#main" }, 
                "east":  { "uv": [ 8, 4, 8.5, 5.5 ], "texture": "#main" }, 
                "south": { "uv": [ 8, 4, 8, 5.5 ], "texture": "#main" }, 
                "west":  { "uv": [ 8, 4, 8.75, 4.375 ], "rotation":90, "texture": "#main" }, 
                "up":    { "uv": [ 8, 4, 8.5, 4 ], "rotation":270, "texture": "#main" }, 
                "down":  { "uv": [ 8, 4, 8.5, 4 ], "rotation":90, "texture": "#main" }
            }
        }, 
        {
            "from": [ 12, 1, 6 ], 
            "to":   [ 12, 13, 12 ], 
            "rotation": { "angle": 0, "axis": "y", "origin": [5, 7, 7] }, 
            "faces": {
                "north": { "uv": [ 8, 4, 8, 5.5 ], "texture": "#main" }, 
                "east":  { "uv": [ 8.125, 4.625, 8.875, 4.25 ], "rotation":90, "texture": "#main" }, 
                "south": { "uv": [ 8, 4, 8, 5.5 ], "texture": "#main" }, 
                "west":  { "uv": [ 8, 4, 8.5, 5.5 ], "texture": "#main" }, 
                "up":    { "uv": [ 8, 4, 8.5, 4 ], "rotation":90, "texture": "#main" }, 
                "down":  { "uv": [ 8, 4, 8.5, 4 ], "rotation":270, "texture": "#main" }
            }
        }, 
        {
            "from": [ 4, 1, 12 ], 
            "to":   [ 12, 13, 12 ], 
            "rotation": { "angle": 0, "axis": "y", "origin": [5, 7, 7] }, 
            "faces": {
                "north": { "uv": [ 8, 4, 8.5, 5.5 ], "texture": "#main" }, 
                "east":  { "uv": [ 8, 4, 8, 5.5 ], "texture": "#main" }, 
                "south": { "uv": [ 8.5, 4, 8, 4.75 ], "texture": "#main" }, 
                "west":  { "uv": [ 8, 4, 8, 5.5 ], "texture": "#main" }, 
                "up":    { "uv": [ 8, 4, 8.5, 4 ], "rotation":180, "texture": "#main" }, 
                "down":  { "uv": [ 8, 4, 8.5, 4 ], "rotation":180, "texture": "#main" }
            }
        }, 
        {
            "from": [ 4, 13, 6 ], 
            "to":   [ 12, 13, 12 ], 
            "rotation": { "angle": 0, "axis": "y", "origin": [5, 7, 7] }, 
            "faces": {
                "north": { "uv": [ 8, 4, 8.5, 5.5 ], "texture": "#main" }, 
                "east":  { "uv": [ 8, 4, 8, 5.5 ], "texture": "#main" }, 
                "south": { "uv": [ 8, 4, 8, 4 ], "texture": "#main" }, 
                "west":  { "uv": [ 8, 4, 8, 5.5 ], "texture": "#main" }, 
                "up":    { "uv": [ 8.4375, 4.25, 8.9375, 4.625 ], "rotation":180, "texture": "#main" }, 
                "down":  { "uv": [ 8, 4, 8.5, 4 ], "rotation":180, "texture": "#main" }
            }
        }, 
        {
            "from": [ 10, 1, 6 ], 
            "to":   [ 12, 1, 12 ], 
            "rotation": { "angle": 0, "axis": "y", "origin": [5, 7, 7] }, 
            "faces": {
                "north": { "uv": [ 8, 4, 8.5, 5.5 ], "texture": "#main" }, 
                "east":  { "uv": [ 8, 4, 8, 5.5 ], "texture": "#main" }, 
                "south": { "uv": [ 8, 4, 8, 4 ], "texture": "#main" }, 
                "west":  { "uv": [ 8, 4, 8, 5.5 ], "texture": "#main" }, 
                "up":    { "uv": [ 9.25, 4.375, 11.25, 5.125 ], "rotation":180, "texture": "#main" }, 
                "down":  { "uv": [ 8.25, 4.1875, 8.375, 4.5625 ], "rotation":180, "texture": "#main" }
            }
        }, 
        {
            "from": [ 4, 1, 6 ], 
            "to":   [ 6, 1, 12 ], 
            "rotation": { "angle": 0, "axis": "y", "origin": [5, 7, 7] }, 
            "faces": {
                "north": { "uv": [ 8, 4, 8.5, 5.5 ], "texture": "#main" }, 
                "east":  { "uv": [ 8, 4, 8, 5.5 ], "texture": "#main" }, 
                "south": { "uv": [ 8, 4, 8, 4 ], "texture": "#main" }, 
                "west":  { "uv": [ 8, 4, 8, 5.5 ], "texture": "#main" }, 
                "up":    { "uv": [ 9.25, 4.375, 11.25, 5.125 ], "rotation":180, "texture": "#main" }, 
                "down":  { "uv": [ 8.375, 4.125, 8.5, 4.5 ], "rotation":180, "texture": "#main" }
            }
        }, 
        {
            "from": [ 6, 1, 6 ], 
            "to":   [ 10, 11, 6 ], 
            "faces": {
                "north": { "uv": [ 9.375, 4.0625, 9.625, 4.6875 ], "texture": "#main" }, 
                "east":  { "uv": [ 8, 4, 8, 5.5 ], "texture": "#main" }, 
                "south": { "uv": [ 8, 4, 8.5, 5.5 ], "texture": "#main" }, 
                "west":  { "uv": [ 8, 4, 8, 5.5 ], "texture": "#main" }, 
                "up":    { "uv": [ 8, 4, 8.5, 4 ], "texture": "#main" }, 
                "down":  { "uv": [ 8, 4, 8.5, 4 ], "texture": "#main" }
            }
        }, 
        {
            "from": [ 6, 1, 6 ], 
            "to":   [ 10, 1, 12 ], 
            "faces": {
                "north": { "uv": [ 8, 4, 8.5, 4 ], "rotation":180, "texture": "#main" }, 
                "east":  { "uv": [ 8, 4, 8, 5.5 ], "rotation":90, "texture": "#main" }, 
                "south": { "uv": [ 8, 4, 8.5, 4 ], "texture": "#main" }, 
                "west":  { "uv": [ 8, 4, 8, 5.5 ], "rotation":270, "texture": "#main" }, 
                "up":    { "uv": [ 8, 4, 8.5, 5.5 ], "texture": "#main" }, 
                "down":  { "uv": [ 9.375, 4.375, 9.625, 4.75 ], "rotation":180, "texture": "#main" }
            }
        }, 
        {
            "from": [ 10, 1, 6 ], 
            "to":   [ 12, 13, 6 ], 
            "faces": {
                "north": { "uv": [ 8.25, 4, 9, 4.125 ], "rotation":90, "texture": "#main" }, 
                "east":  { "uv": [ 8, 4, 8, 5.5 ], "texture": "#main" }, 
                "south": { "uv": [ 8, 4, 8.5, 5.5 ], "texture": "#main" }, 
                "west":  { "uv": [ 8, 4, 8, 5.5 ], "texture": "#main" }, 
                "up":    { "uv": [ 8, 4, 8.5, 4 ], "texture": "#main" }, 
                "down":  { "uv": [ 8, 4, 8.5, 4 ], "texture": "#main" }
            }
        }, 
        {
            "from": [ 6, 11, 6 ], 
            "to":   [ 10, 13, 6 ], 
            "faces": {
                "north": { "uv": [ 8, 4.25, 8.125, 4.5 ], "rotation":90, "texture": "#main" }, 
                "east":  { "uv": [ 8, 4, 8, 5.5 ], "texture": "#main" }, 
                "south": { "uv": [ 8, 4, 8.5, 5.5 ], "texture": "#main" }, 
                "west":  { "uv": [ 8, 4, 8, 5.5 ], "texture": "#main" }, 
                "up":    { "uv": [ 8, 4, 8.5, 4 ], "texture": "#main" }, 
                "down":  { "uv": [ 8, 4, 8.5, 4 ], "texture": "#main" }
            }
        }, 
        {
            "name": "tail", 
            "from": [ 6.5, 0.5, 10 ], 
            "to":   [ 9.5, 1.5, 14 ], 
            "faces": {
                "north": { "uv": [ 8, 4, 8.75, 4.125 ], "texture": "#main" }, 
                "east":  { "uv": [ 8.1875, 4.4375, 8.4375, 4.5 ], "texture": "#main" }, 
                "south": { "uv": [ 8.6875, 4.6875, 8.875, 4.75 ], "texture": "#main" }, 
                "west":  { "uv": [ 8, 4.3125, 8.25, 4.375 ], "texture": "#main" }, 
                "up":    { "uv": [ 8.4375, 4.25, 8.625, 4.5 ], "texture": "#main" }, 
                "down":  { "uv": [ 9.375, 4.25, 9.5625, 4.5 ], "texture": "#main" }
            }
        }, 
        {
            "from": [ 5.5, 13, 6 ], 
            "to":   [ 10.5, 17, 11 ], 
            "faces": {
                "north": { "uv": [ 8.5, 4.5625, 8.8125, 4.8125 ], "texture": "#main" }, 
                "east":  { "uv": [ 8.5625, 4.3125, 8.25, 4.5625 ], "texture": "#main" }, 
                "south": { "uv": [ 8.5, 4.1875, 8.8125, 4.4375 ], "texture": "#main" }, 
                "west":  { "uv": [ 8.25, 4.3125, 8.5625, 4.5625 ], "texture": "#main" }, 
                "up":    { "uv": [ 8, 4.125, 8.3125, 4.4375 ], "texture": "#main" }, 
                "down":  { "uv": [ 9.5, 4.75, 10.75, 5.375 ], "texture": "#main" }
            }
        }, 
        {
            "from": [ 9, 0, 9 ], 
            "to":   [ 12, 1, 14 ], 
            "rotation": { "angle": 0, "axis": "y", "origin": [16, 0, 0] }, 
            "faces": {
                "north": { "uv": [ 10.9375, 5.6875, 10.75, 5.71875 ], "texture": "#main" }, 
                "east":  { "uv": [ 10.625, 5, 10.3125, 5.03125 ], "texture": "#main" }, 
                "south": { "uv": [ 11, 5.0625, 10.8125, 5.125 ], "texture": "#main" }, 
                "west":  { "uv": [ 10.5, 5.5, 10.8125, 5.5625 ], "texture": "#main" }, 
                "up":    { "uv": [ 10.75, 4.1875, 10.5625, 4.5 ], "texture": "#main" }, 
                "down":  { "uv": [ 10.875, 4.625, 10.6875, 4.78125 ], "texture": "#main" }
            }
        }, 
        {
            "from": [ 4, 0, 2 ], 
            "to":   [ 7, 1, 7 ], 
            "faces": {
                "north": { "uv": [ 10.75, 5.6875, 10.9375, 5.71875 ], "texture": "#main" }, 
                "east":  { "uv": [ 10.8125, 5.5, 10.5, 5.5625 ], "texture": "#main" }, 
                "south": { "uv": [ 10.8125, 5.0625, 11, 5.125 ], "texture": "#main" }, 
                "west":  { "uv": [ 10.3125, 5, 10.625, 5.03125 ], "texture": "#main" }, 
                "up":    { "uv": [ 10.5625, 4.1875, 10.75, 4.5 ], "texture": "#main" }, 
                "down":  { "uv": [ 10.6875, 4.625, 10.875, 4.78125 ], "texture": "#main" }
            }
        }, 
        {
            "from": [ 6.5, 13, 4 ], 
            "to":   [ 9.5, 14, 9 ], 
            "rotation": { "angle": 0, "axis": "y", "origin": [16, 0, 0] }, 
            "faces": {
                "north": { "uv": [ 10.9375, 4.6875, 10.75, 4.75 ], "texture": "#main" }, 
                "east":  { "uv": [ 10.6875, 5.375, 10.375, 5.40625 ], "texture": "#main" }, 
                "south": { "uv": [ 9.875, 4.75, 9.6875, 4.78125 ], "texture": "#main" }, 
                "west":  { "uv": [ 10.5625, 4.875, 10.25, 4.9375 ], "texture": "#main" }, 
                "up":    { "uv": [ 10.9375, 4.6875, 10.75, 5 ], "texture": "#main" }, 
                "down":  { "uv": [ 10.75, 5.3125, 10.4375, 5.5 ], "rotation":270, "texture": "#main" }
            }
        }, 
        {
            "from": [ 12, 2, 7 ], 
            "to":   [ 13, 12, 10 ], 
            "rotation": { "angle": 22.5, "axis": "x", "origin": [12.5, 11, 8.5] }, 
            "faces": {
                "north": { "uv": [ 8.3125, 4.0625, 8.25, 4.6875 ], "texture": "#main" }, 
                "east":  { "uv": [ 8, 4.3125, 8.625, 4.125 ], "rotation":90, "texture": "#main" }, 
                "south": { "uv": [ 8.4375, 4.0625, 8.375, 4.6875 ], "texture": "#main" }, 
                "west":  { "uv": [ 9.8125, 4.375, 9.1875, 4.1875 ], "rotation":90, "texture": "#main" }, 
                "up":    { "uv": [ 8.6875, 4.1875, 8.625, 4.375 ], "texture": "#main" }, 
                "down":  { "uv": [ 8.375, 4.1875, 8.3125, 4.375 ], "texture": "#main" }
            }
        }, 
        {
            "from": [ 3, 2, 7 ], 
            "to":   [ 4, 12, 10 ], 
            "rotation": { "angle": -22.5, "axis": "x", "origin": [3.5, 11, 8.5] }, 
            "faces": {
                "north": { "uv": [ 8.25, 4.0625, 8.3125, 4.6875 ], "texture": "#main" }, 
                "east":  { "uv": [ 9.8125, 4.1875, 9.1875, 4.375 ], "rotation":90, "texture": "#main" }, 
                "south": { "uv": [ 8.375, 4.0625, 8.4375, 4.6875 ], "texture": "#main" }, 
                "west":  { "uv": [ 8, 4.125, 8.625, 4.3125 ], "rotation":90, "texture": "#main" }, 
                "up":    { "uv": [ 8.625, 4.1875, 8.6875, 4.375 ], "texture": "#main" }, 
                "down":  { "uv": [ 8.3125, 4.1875, 8.375, 4.375 ], "texture": "#main" }
            }
        }, 
        {
            "from": [ 5.5, 14, 5.99 ], 
            "to":   [ 7.5, 16, 5.99 ], 
            "faces": {
                "north": { "uv": [ 11.125, 4.5, 11, 4.625 ], "texture": "#main" }, 
                "east":  { "uv": [ 8, 4, 8, 4.125 ], "texture": "#main" }, 
                "south": { "uv": [ 8, 4, 8.5, 4.125 ], "texture": "#main" }, 
                "west":  { "uv": [ 8, 4, 8, 4.125 ], "texture": "#main" }, 
                "up":    { "uv": [ 8, 4, 8.5, 4 ], "texture": "#main" }, 
                "down":  { "uv": [ 8, 4, 8.5, 4 ], "texture": "#main" }
            }
        }, 
        {
            "from": [ 8.5, 14, 5.99 ], 
            "to":   [ 10.5, 16, 5.99 ], 
            "faces": {
                "north": { "uv": [ 11, 4.5, 11.125, 4.625 ], "texture": "#main" }, 
                "east":  { "uv": [ 8, 4, 8, 4.125 ], "texture": "#main" }, 
                "south": { "uv": [ 8, 4, 8.5, 4.125 ], "texture": "#main" }, 
                "west":  { "uv": [ 8, 4, 8, 4.125 ], "texture": "#main" }, 
                "up":    { "uv": [ 8, 4, 8.5, 4 ], "texture": "#main" }, 
                "down":  { "uv": [ 8, 4, 8.5, 4 ], "texture": "#main" }
            }
        }
    ], 
    "display": {
        "head": {
            "translation": [ 0, -30.45, 0 ], 
            "scale": [ 1.6, 1.6, 1.6 ]
        }
    }, 
    "groups": [
        {
            "name": "body", 
            "origin": [
                0, 
                0, 
                0
            ], 
            "color": 0, 
            "children": [
                0, 
                1, 
                2, 
                3, 
                4, 
                5, 
                6, 
                7, 
                8, 
                9, 
                10
            ]
        }, 
        11, 
        12, 
        13, 
        14, 
        15, 
        16, 
        17, 
        18, 
        19
    ], 
    "__comment": "Model animated using Fizzy's model animator - http://fizzy81.github.io/animated-models/"
}