{
    "display": {
        "title": {
            "text": "Adventures",
            "color": "light_purple"
        },
        "description": {
            "text": "Discover the world of your imagination",
            "color": "yellow"
        },
        "icon": {
            "item": "minecraft:clock"
        },
        "frame": "goal",
        "show_toast": false,
        "announce_to_chat": false,
        "hidden": false
    },
    "criteria": {
        "Stage": {
            "trigger": "minecraft:impossible"
        }
    },
    "parent": "creativity-plus:wand"
}