{
    "display": {
        "title": {
            "text": "Can't Have Coffee Without It!",
            "color": "aqua"
        },
        "description": {
            "text": "Get some Coffee Cake and chill with your friends",
            "color": "yellow"
        },
        "icon": {
            "item": "minecraft:pumpkin_pie",
            "nbt": "{CustomModelData:3}"
        },
        "frame": "task",
        "show_toast": true,
        "announce_to_chat": true,
        "hidden": true
    },
    "criteria": {
        "getCoffeeCakeSlice": {
            "trigger": "minecraft:inventory_changed",
            "conditions": {
                "items": [
                    {
                        "item": "minecraft:pumpkin_pie",
                        "nbt": "{display:{Name:'{\"text\":\"Coffee Cake Slice\"}',Lore:['{\"text\":\"\",\"color\":\"yellow\"}']},CustomModelData:4}",
                        "count": {
                            "min": 1,
                            "max": 1
                        }
                    }
                ]
            }
        },
        "getCoffeeCake": {
            "trigger": "minecraft:inventory_changed",
            "conditions": {
                "items": [
                    {
                        "item": "minecraft:pumpkin_pie",
                        "nbt": "{display:{Name:'{\"text\":\"Coffee Cake\"}',Lore:['{\"text\":\"Cut it and share it with your friends!\",\"color\":\"yellow\"}']},CustomModelData:3}",
                        "count": {
                            "min": 1,
                            "max": 1
                        }
                    }
                ]
            }
        }
    },
    "rewards": {
        "experience": 10
    },
    "parent": "creativity-plus:food"
}