{
    "display": {
        "title": {
            "text": "Transformation",
            "color": "aqua"
        },
        "description": {
            "text": "Drink a bottle of mob essence",
            "color": "yellow"
        },
        "icon": {
            "item": "minecraft:feather"
        },
        "frame": "task",
        "show_toast": true,
        "announce_to_chat": true,
        "hidden": true
    },
    "criteria": {
        "function": {
            "trigger": "minecraft:impossible"
        }
    },
    "rewards": {
        "experience": 25
    },
    "parent": "creativity-plus:adventures"
}