{
    "texture_size": [
        64, 
        64
    ], 
    "textures": {
        "main": "entity/consumed/consumed-walk"
    }, 
    "elements": [
        {
            "name": "torso", 
            "from": [ 4, 11, 6 ], 
            "to":   [ 12, 23, 10 ], 
            "faces": {
                "north": { "uv": [ 1.25, 1.25, 1.75, 2 ], "texture": "#main" }, 
                "east":  { "uv": [ 1, 1.25, 1.25, 2 ], "texture": "#main" }, 
                "south": { "uv": [ 2, 1.25, 2.5, 2 ], "texture": "#main" }, 
                "west":  { "uv": [ 1.75, 1.25, 2, 2 ], "texture": "#main" }, 
                "up":    { "uv": [ 1.25, 1, 1.75, 1.25 ], "texture": "#main" }, 
                "down":  { "uv": [ 1.75, 1, 2.25, 1.25 ], "texture": "#main" }
            }
        }, 
        {
            "from": [ 4, -1, 6 ], 
            "to":   [ 8, 11, 10 ], 
            "rotation": { "angle": 22.5, "axis": "x", "origin": [6, 10, 8] }, 
            "faces": {
                "north": { "uv": [ 1.25, 3.25, 1.5, 4 ], "texture": "#main" }, 
                "east":  { "uv": [ 1, 3.25, 1.25, 4 ], "texture": "#main" }, 
                "south": { "uv": [ 1.75, 3.25, 2, 4 ], "texture": "#main" }, 
                "west":  { "uv": [ 1.5, 3.25, 1.75, 4 ], "texture": "#main" }, 
                "up":    { "uv": [ 1.25, 3, 1.5, 3.25 ], "texture": "#main" }, 
                "down":  { "uv": [ 1.5, 3, 1.75, 3.25 ], "texture": "#main" }
            }
        }, 
        {
            "from": [ 8, -1, 6 ], 
            "to":   [ 12, 11, 10 ], 
            "rotation": { "angle": -22.5, "axis": "x", "origin": [10, 10, 8] }, 
            "faces": {
                "north": { "uv": [ 0.25, 1.25, 0.5, 2 ], "texture": "#main" }, 
                "east":  { "uv": [ 0, 1.25, 0.25, 2 ], "texture": "#main" }, 
                "south": { "uv": [ 0.75, 1.25, 1, 2 ], "texture": "#main" }, 
                "west":  { "uv": [ 0.5, 1.25, 0.75, 2 ], "texture": "#main" }, 
                "up":    { "uv": [ 0.25, 1, 0.5, 1.25 ], "texture": "#main" }, 
                "down":  { "uv": [ 0.5, 1, 0.75, 1.25 ], "texture": "#main" }
            }
        }, 
        {
            "from": [ 3.75, 22.75, 3.75 ], 
            "to":   [ 12.25, 31.25, 12.25 ], 
            "faces": {
                "north": { "uv": [ 2.5, 0.5, 3, 1 ], "texture": "#main" }, 
                "east":  { "uv": [ 2, 0.5, 2.5, 1 ], "texture": "#main" }, 
                "south": { "uv": [ 3.5, 0.5, 4, 1 ], "texture": "#main" }, 
                "west":  { "uv": [ 3, 0.5, 3.5, 1 ], "texture": "#main" }, 
                "up":    { "uv": [ 2.5, 0, 3, 0.5 ], "texture": "#main" }, 
                "down":  { "uv": [ 3, 0, 3.5, 0.5 ], "rotation":270, "texture": "#main" }
            }
        }, 
        {
            "from": [ 4, 23, 4 ], 
            "to":   [ 12, 31, 12 ], 
            "faces": {
                "north": { "uv": [ 0.5, 0.5, 1, 1 ], "texture": "#main" }, 
                "east":  { "uv": [ 0, 0.5, 0.5, 1 ], "texture": "#main" }, 
                "south": { "uv": [ 1.5, 0.5, 2, 1 ], "texture": "#main" }, 
                "west":  { "uv": [ 1, 0.5, 1.5, 1 ], "texture": "#main" }, 
                "up":    { "uv": [ 0.5, 0, 1, 0.5 ], "texture": "#main" }, 
                "down":  { "uv": [ 1, 0, 1.5, 0.5 ], "rotation":270, "texture": "#main" }
            }
        }, 
        {
            "from": [ 12, 11, 6 ], 
            "to":   [ 16, 23, 10 ], 
            "rotation": { "angle": 22.5, "axis": "z", "origin": [14, 22, 8] }, 
            "faces": {
                "north": { "uv": [ 2.75, 1.25, 3, 2 ], "texture": "#main" }, 
                "east":  { "uv": [ 2.5, 1.25, 2.75, 2 ], "texture": "#main" }, 
                "south": { "uv": [ 3.25, 1.25, 3.5, 2 ], "texture": "#main" }, 
                "west":  { "uv": [ 3, 1.25, 3.25, 2 ], "texture": "#main" }, 
                "up":    { "uv": [ 2.75, 1, 3, 1.25 ], "texture": "#main" }, 
                "down":  { "uv": [ 3, 1, 3.25, 1.25 ], "texture": "#main" }
            }
        }, 
        {
            "from": [ 0, 20, -3 ], 
            "to":   [ 4, 24, 9 ], 
            "rotation": { "angle": -22.5, "axis": "x", "origin": [2, 22, 8] }, 
            "faces": {
                "north": { "uv": [ 2.5, 3, 2.75, 3.25 ], "rotation":180, "texture": "#main" }, 
                "east":  { "uv": [ 2, 3.25, 2.25, 4 ], "rotation":270, "texture": "#main" }, 
                "south": { "uv": [ 2.25, 3, 2.5, 3.25 ], "texture": "#main" }, 
                "west":  { "uv": [ 2.5, 3.25, 2.75, 4 ], "rotation":90, "texture": "#main" }, 
                "up":    { "uv": [ 2.25, 3.25, 2.5, 4 ], "rotation":180, "texture": "#main" }, 
                "down":  { "uv": [ 2.75, 3.25, 3, 4 ], "texture": "#main" }
            }
        }, 
        {
            "name": "torso", 
            "from": [ 4, 11, 6 ], 
            "to":   [ 12, 23, 10 ], 
            "faces": {
                "north": { "uv": [ 5.25, 1.25, 5.75, 2 ], "texture": "#main" }, 
                "east":  { "uv": [ 5, 1.25, 5.25, 2 ], "texture": "#main" }, 
                "south": { "uv": [ 6, 1.25, 6.5, 2 ], "texture": "#main" }, 
                "west":  { "uv": [ 5.75, 1.25, 6, 2 ], "texture": "#main" }, 
                "up":    { "uv": [ 5.25, 1, 5.75, 1.25 ], "texture": "#main" }, 
                "down":  { "uv": [ 5.75, 1, 6.25, 1.25 ], "texture": "#main" }
            }
        }, 
        {
            "from": [ 4, -1, 6 ], 
            "to":   [ 8, 11, 10 ], 
            "rotation": { "angle": 45, "axis": "x", "origin": [6, 10, 8] }, 
            "faces": {
                "north": { "uv": [ 5.25, 3.25, 5.5, 4 ], "texture": "#main" }, 
                "east":  { "uv": [ 5, 3.25, 5.25, 4 ], "texture": "#main" }, 
                "south": { "uv": [ 5.75, 3.25, 6, 4 ], "texture": "#main" }, 
                "west":  { "uv": [ 5.5, 3.25, 5.75, 4 ], "texture": "#main" }, 
                "up":    { "uv": [ 5.25, 3, 5.5, 3.25 ], "texture": "#main" }, 
                "down":  { "uv": [ 5.5, 3, 5.75, 3.25 ], "texture": "#main" }
            }
        }, 
        {
            "from": [ 8, -1, 6 ], 
            "to":   [ 12, 11, 10 ], 
            "rotation": { "angle": -45, "axis": "x", "origin": [10, 10, 8] }, 
            "faces": {
                "north": { "uv": [ 4.25, 1.25, 4.5, 2 ], "texture": "#main" }, 
                "east":  { "uv": [ 4, 1.25, 4.25, 2 ], "texture": "#main" }, 
                "south": { "uv": [ 4.75, 1.25, 5, 2 ], "texture": "#main" }, 
                "west":  { "uv": [ 4.5, 1.25, 4.75, 2 ], "texture": "#main" }, 
                "up":    { "uv": [ 4.25, 1, 4.5, 1.25 ], "texture": "#main" }, 
                "down":  { "uv": [ 4.5, 1, 4.75, 1.25 ], "texture": "#main" }
            }
        }, 
        {
            "from": [ 3.75, 22.75, 3.75 ], 
            "to":   [ 12.25, 31.25, 12.25 ], 
            "faces": {
                "north": { "uv": [ 6.5, 0.5, 7, 1 ], "texture": "#main" }, 
                "east":  { "uv": [ 6, 0.5, 6.5, 1 ], "texture": "#main" }, 
                "south": { "uv": [ 7.5, 0.5, 8, 1 ], "texture": "#main" }, 
                "west":  { "uv": [ 7, 0.5, 7.5, 1 ], "texture": "#main" }, 
                "up":    { "uv": [ 6.5, 0, 7, 0.5 ], "texture": "#main" }, 
                "down":  { "uv": [ 7, 0, 7.5, 0.5 ], "rotation":270, "texture": "#main" }
            }
        }, 
        {
            "from": [ 4, 23, 4 ], 
            "to":   [ 12, 31, 12 ], 
            "faces": {
                "north": { "uv": [ 4.5, 0.5, 5, 1 ], "texture": "#main" }, 
                "east":  { "uv": [ 4, 0.5, 4.5, 1 ], "texture": "#main" }, 
                "south": { "uv": [ 5.5, 0.5, 6, 1 ], "texture": "#main" }, 
                "west":  { "uv": [ 5, 0.5, 5.5, 1 ], "texture": "#main" }, 
                "up":    { "uv": [ 4.5, 0, 5, 0.5 ], "texture": "#main" }, 
                "down":  { "uv": [ 5, 0, 5.5, 0.5 ], "rotation":270, "texture": "#main" }
            }
        }, 
        {
            "from": [ 12, 11, 6 ], 
            "to":   [ 16, 23, 10 ], 
            "rotation": { "angle": 45, "axis": "z", "origin": [14, 22, 8] }, 
            "faces": {
                "north": { "uv": [ 6.75, 1.25, 7, 2 ], "texture": "#main" }, 
                "east":  { "uv": [ 6.5, 1.25, 6.75, 2 ], "texture": "#main" }, 
                "south": { "uv": [ 7.25, 1.25, 7.5, 2 ], "texture": "#main" }, 
                "west":  { "uv": [ 7, 1.25, 7.25, 2 ], "texture": "#main" }, 
                "up":    { "uv": [ 6.75, 1, 7, 1.25 ], "texture": "#main" }, 
                "down":  { "uv": [ 7, 1, 7.25, 1.25 ], "texture": "#main" }
            }
        }, 
        {
            "from": [ 0, 20, -3 ], 
            "to":   [ 4, 24, 9 ], 
            "rotation": { "angle": 0, "axis": "x", "origin": [2, 22, 8] }, 
            "faces": {
                "north": { "uv": [ 6.5, 3, 6.75, 3.25 ], "rotation":180, "texture": "#main" }, 
                "east":  { "uv": [ 6, 3.25, 6.25, 4 ], "rotation":270, "texture": "#main" }, 
                "south": { "uv": [ 6.25, 3, 6.5, 3.25 ], "texture": "#main" }, 
                "west":  { "uv": [ 6.5, 3.25, 6.75, 4 ], "rotation":90, "texture": "#main" }, 
                "up":    { "uv": [ 6.25, 3.25, 6.5, 4 ], "rotation":180, "texture": "#main" }, 
                "down":  { "uv": [ 6.75, 3.25, 7, 4 ], "texture": "#main" }
            }
        }, 
        {
            "name": "torso", 
            "from": [ 4, 11, 6 ], 
            "to":   [ 12, 23, 10 ], 
            "faces": {
                "north": { "uv": [ 9.25, 1.25, 9.75, 2 ], "texture": "#main" }, 
                "east":  { "uv": [ 9, 1.25, 9.25, 2 ], "texture": "#main" }, 
                "south": { "uv": [ 10, 1.25, 10.5, 2 ], "texture": "#main" }, 
                "west":  { "uv": [ 9.75, 1.25, 10, 2 ], "texture": "#main" }, 
                "up":    { "uv": [ 9.25, 1, 9.75, 1.25 ], "texture": "#main" }, 
                "down":  { "uv": [ 9.75, 1, 10.25, 1.25 ], "texture": "#main" }
            }
        }, 
        {
            "from": [ 4, 8, -3 ], 
            "to":   [ 8, 12, 9 ], 
            "rotation": { "angle": -22.5, "axis": "x", "origin": [6, 10, 8] }, 
            "faces": {
                "north": { "uv": [ 9.5, 3, 9.75, 3.25 ], "rotation":180, "texture": "#main" }, 
                "east":  { "uv": [ 9, 3.25, 9.25, 4 ], "rotation":270, "texture": "#main" }, 
                "south": { "uv": [ 9.25, 3, 9.5, 3.25 ], "texture": "#main" }, 
                "west":  { "uv": [ 9.5, 3.25, 9.75, 4 ], "rotation":90, "texture": "#main" }, 
                "up":    { "uv": [ 9.25, 3.25, 9.5, 4 ], "rotation":180, "texture": "#main" }, 
                "down":  { "uv": [ 9.75, 3.25, 10, 4 ], "texture": "#main" }
            }
        }, 
        {
            "from": [ 8, 8, 7 ], 
            "to":   [ 12, 12, 19 ], 
            "rotation": { "angle": 22.5, "axis": "x", "origin": [10, 10, 8] }, 
            "faces": {
                "north": { "uv": [ 8.25, 1, 8.5, 1.25 ], "rotation":180, "texture": "#main" }, 
                "east":  { "uv": [ 8, 1.25, 8.25, 2 ], "rotation":90, "texture": "#main" }, 
                "south": { "uv": [ 8.5, 1, 8.75, 1.25 ], "texture": "#main" }, 
                "west":  { "uv": [ 8.5, 1.25, 8.75, 2 ], "rotation":270, "texture": "#main" }, 
                "up":    { "uv": [ 8.75, 1.25, 9, 2 ], "texture": "#main" }, 
                "down":  { "uv": [ 8.25, 1.25, 8.5, 2 ], "rotation":180, "texture": "#main" }
            }
        }, 
        {
            "from": [ 3.75, 22.75, 3.75 ], 
            "to":   [ 12.25, 31.25, 12.25 ], 
            "faces": {
                "north": { "uv": [ 10.5, 0.5, 11, 1 ], "texture": "#main" }, 
                "east":  { "uv": [ 10, 0.5, 10.5, 1 ], "texture": "#main" }, 
                "south": { "uv": [ 11.5, 0.5, 12, 1 ], "texture": "#main" }, 
                "west":  { "uv": [ 11, 0.5, 11.5, 1 ], "texture": "#main" }, 
                "up":    { "uv": [ 10.5, 0, 11, 0.5 ], "texture": "#main" }, 
                "down":  { "uv": [ 11, 0, 11.5, 0.5 ], "rotation":270, "texture": "#main" }
            }
        }, 
        {
            "from": [ 4, 23, 4 ], 
            "to":   [ 12, 31, 12 ], 
            "faces": {
                "north": { "uv": [ 8.5, 0.5, 9, 1 ], "texture": "#main" }, 
                "east":  { "uv": [ 8, 0.5, 8.5, 1 ], "texture": "#main" }, 
                "south": { "uv": [ 9.5, 0.5, 10, 1 ], "texture": "#main" }, 
                "west":  { "uv": [ 9, 0.5, 9.5, 1 ], "texture": "#main" }, 
                "up":    { "uv": [ 8.5, 0, 9, 0.5 ], "texture": "#main" }, 
                "down":  { "uv": [ 9, 0, 9.5, 0.5 ], "rotation":270, "texture": "#main" }
            }
        }, 
        {
            "from": [ 13, 20, 6 ], 
            "to":   [ 25, 24, 10 ], 
            "rotation": { "angle": -22.5, "axis": "z", "origin": [14, 22, 8] }, 
            "faces": {
                "north": { "uv": [ 10.75, 1.25, 11, 2 ], "rotation":90, "texture": "#main" }, 
                "east":  { "uv": [ 11, 1, 11.25, 1.25 ], "rotation":270, "texture": "#main" }, 
                "south": { "uv": [ 11.25, 1.25, 11.5, 2 ], "rotation":270, "texture": "#main" }, 
                "west":  { "uv": [ 10.75, 1, 11, 1.25 ], "rotation":270, "texture": "#main" }, 
                "up":    { "uv": [ 10.5, 1.25, 10.75, 2 ], "rotation":270, "texture": "#main" }, 
                "down":  { "uv": [ 11, 1.25, 11.25, 2 ], "rotation":270, "texture": "#main" }
            }
        }, 
        {
            "from": [ 0, 20, -3 ], 
            "to":   [ 4, 24, 9 ], 
            "rotation": { "angle": 22.5, "axis": "y", "origin": [2, 22, 8] }, 
            "faces": {
                "north": { "uv": [ 10.5, 3, 10.75, 3.25 ], "rotation":180, "texture": "#main" }, 
                "east":  { "uv": [ 10, 3.25, 10.25, 4 ], "rotation":270, "texture": "#main" }, 
                "south": { "uv": [ 10.25, 3, 10.5, 3.25 ], "texture": "#main" }, 
                "west":  { "uv": [ 10.5, 3.25, 10.75, 4 ], "rotation":90, "texture": "#main" }, 
                "up":    { "uv": [ 10.25, 3.25, 10.5, 4 ], "rotation":180, "texture": "#main" }, 
                "down":  { "uv": [ 10.75, 3.25, 11, 4 ], "texture": "#main" }
            }
        }, 
        {
            "name": "torso", 
            "from": [ 4, 11, 6 ], 
            "to":   [ 12, 23, 10 ], 
            "faces": {
                "north": { "uv": [ 13.25, 1.25, 13.75, 2 ], "texture": "#main" }, 
                "east":  { "uv": [ 13, 1.25, 13.25, 2 ], "texture": "#main" }, 
                "south": { "uv": [ 14, 1.25, 14.5, 2 ], "texture": "#main" }, 
                "west":  { "uv": [ 13.75, 1.25, 14, 2 ], "texture": "#main" }, 
                "up":    { "uv": [ 13.25, 1, 13.75, 1.25 ], "texture": "#main" }, 
                "down":  { "uv": [ 13.75, 1, 14.25, 1.25 ], "texture": "#main" }
            }
        }, 
        {
            "from": [ 4, -1, 6 ], 
            "to":   [ 8, 11, 10 ], 
            "rotation": { "angle": 45, "axis": "x", "origin": [6, 10, 8] }, 
            "faces": {
                "north": { "uv": [ 13.25, 3.25, 13.5, 4 ], "texture": "#main" }, 
                "east":  { "uv": [ 13, 3.25, 13.25, 4 ], "texture": "#main" }, 
                "south": { "uv": [ 13.75, 3.25, 14, 4 ], "texture": "#main" }, 
                "west":  { "uv": [ 13.5, 3.25, 13.75, 4 ], "texture": "#main" }, 
                "up":    { "uv": [ 13.25, 3, 13.5, 3.25 ], "texture": "#main" }, 
                "down":  { "uv": [ 13.5, 3, 13.75, 3.25 ], "texture": "#main" }
            }
        }, 
        {
            "from": [ 8, -1, 6 ], 
            "to":   [ 12, 11, 10 ], 
            "rotation": { "angle": -45, "axis": "x", "origin": [10, 10, 8] }, 
            "faces": {
                "north": { "uv": [ 12.25, 1.25, 12.5, 2 ], "texture": "#main" }, 
                "east":  { "uv": [ 12, 1.25, 12.25, 2 ], "texture": "#main" }, 
                "south": { "uv": [ 12.75, 1.25, 13, 2 ], "texture": "#main" }, 
                "west":  { "uv": [ 12.5, 1.25, 12.75, 2 ], "texture": "#main" }, 
                "up":    { "uv": [ 12.25, 1, 12.5, 1.25 ], "texture": "#main" }, 
                "down":  { "uv": [ 12.5, 1, 12.75, 1.25 ], "texture": "#main" }
            }
        }, 
        {
            "from": [ 3.75, 22.75, 3.75 ], 
            "to":   [ 12.25, 31.25, 12.25 ], 
            "faces": {
                "north": { "uv": [ 14.5, 0.5, 15, 1 ], "texture": "#main" }, 
                "east":  { "uv": [ 14, 0.5, 14.5, 1 ], "texture": "#main" }, 
                "south": { "uv": [ 15.5, 0.5, 16, 1 ], "texture": "#main" }, 
                "west":  { "uv": [ 15, 0.5, 15.5, 1 ], "texture": "#main" }, 
                "up":    { "uv": [ 14.5, 0, 15, 0.5 ], "texture": "#main" }, 
                "down":  { "uv": [ 15, 0, 15.5, 0.5 ], "rotation":270, "texture": "#main" }
            }
        }, 
        {
            "from": [ 4, 23, 4 ], 
            "to":   [ 12, 31, 12 ], 
            "faces": {
                "north": { "uv": [ 12.5, 0.5, 13, 1 ], "texture": "#main" }, 
                "east":  { "uv": [ 12, 0.5, 12.5, 1 ], "texture": "#main" }, 
                "south": { "uv": [ 13.5, 0.5, 14, 1 ], "texture": "#main" }, 
                "west":  { "uv": [ 13, 0.5, 13.5, 1 ], "texture": "#main" }, 
                "up":    { "uv": [ 12.5, 0, 13, 0.5 ], "texture": "#main" }, 
                "down":  { "uv": [ 13, 0, 13.5, 0.5 ], "rotation":270, "texture": "#main" }
            }
        }, 
        {
            "from": [ 12, 20, 6 ], 
            "to":   [ 24, 24, 10 ], 
            "rotation": { "angle": 0, "axis": "z", "origin": [14, 22, 8] }, 
            "faces": {
                "north": { "uv": [ 14.75, 1.25, 15, 2 ], "rotation":90, "texture": "#main" }, 
                "east":  { "uv": [ 15, 1, 15.25, 1.25 ], "rotation":270, "texture": "#main" }, 
                "south": { "uv": [ 15.25, 1.25, 15.5, 2 ], "rotation":270, "texture": "#main" }, 
                "west":  { "uv": [ 14.75, 1, 15, 1.25 ], "rotation":270, "texture": "#main" }, 
                "up":    { "uv": [ 14.5, 1.25, 14.75, 2 ], "rotation":270, "texture": "#main" }, 
                "down":  { "uv": [ 15, 1.25, 15.25, 2 ], "rotation":270, "texture": "#main" }
            }
        }, 
        {
            "from": [ 0, 20, -3 ], 
            "to":   [ 4, 24, 9 ], 
            "rotation": { "angle": 45, "axis": "y", "origin": [2, 22, 8] }, 
            "faces": {
                "north": { "uv": [ 14.5, 3, 14.75, 3.25 ], "rotation":180, "texture": "#main" }, 
                "east":  { "uv": [ 14, 3.25, 14.25, 4 ], "rotation":270, "texture": "#main" }, 
                "south": { "uv": [ 14.25, 3, 14.5, 3.25 ], "texture": "#main" }, 
                "west":  { "uv": [ 14.5, 3.25, 14.75, 4 ], "rotation":90, "texture": "#main" }, 
                "up":    { "uv": [ 14.25, 3.25, 14.5, 4 ], "rotation":180, "texture": "#main" }, 
                "down":  { "uv": [ 14.75, 3.25, 15, 4 ], "texture": "#main" }
            }
        }, 
        {
            "name": "torso", 
            "from": [ 4, 11, 6 ], 
            "to":   [ 12, 23, 10 ], 
            "faces": {
                "north": { "uv": [ 1.25, 5.25, 1.75, 6 ], "texture": "#main" }, 
                "east":  { "uv": [ 1, 5.25, 1.25, 6 ], "texture": "#main" }, 
                "south": { "uv": [ 2, 5.25, 2.5, 6 ], "texture": "#main" }, 
                "west":  { "uv": [ 1.75, 5.25, 2, 6 ], "texture": "#main" }, 
                "up":    { "uv": [ 1.25, 5, 1.75, 5.25 ], "texture": "#main" }, 
                "down":  { "uv": [ 1.75, 5, 2.25, 5.25 ], "texture": "#main" }
            }
        }, 
        {
            "from": [ 4, -1, 6 ], 
            "to":   [ 8, 11, 10 ], 
            "rotation": { "angle": 22.5, "axis": "x", "origin": [6, 10, 8] }, 
            "faces": {
                "north": { "uv": [ 1.25, 7.25, 1.5, 8 ], "texture": "#main" }, 
                "east":  { "uv": [ 1, 7.25, 1.25, 8 ], "texture": "#main" }, 
                "south": { "uv": [ 1.75, 7.25, 2, 8 ], "texture": "#main" }, 
                "west":  { "uv": [ 1.5, 7.25, 1.75, 8 ], "texture": "#main" }, 
                "up":    { "uv": [ 1.25, 7, 1.5, 7.25 ], "texture": "#main" }, 
                "down":  { "uv": [ 1.5, 7, 1.75, 7.25 ], "texture": "#main" }
            }
        }, 
        {
            "from": [ 8, -1, 6 ], 
            "to":   [ 12, 11, 10 ], 
            "rotation": { "angle": -22.5, "axis": "x", "origin": [10, 10, 8] }, 
            "faces": {
                "north": { "uv": [ 0.25, 5.25, 0.5, 6 ], "texture": "#main" }, 
                "east":  { "uv": [ 0, 5.25, 0.25, 6 ], "texture": "#main" }, 
                "south": { "uv": [ 0.75, 5.25, 1, 6 ], "texture": "#main" }, 
                "west":  { "uv": [ 0.5, 5.25, 0.75, 6 ], "texture": "#main" }, 
                "up":    { "uv": [ 0.25, 5, 0.5, 5.25 ], "texture": "#main" }, 
                "down":  { "uv": [ 0.5, 5, 0.75, 5.25 ], "texture": "#main" }
            }
        }, 
        {
            "from": [ 3.75, 22.75, 3.75 ], 
            "to":   [ 12.25, 31.25, 12.25 ], 
            "faces": {
                "north": { "uv": [ 2.5, 4.5, 3, 5 ], "texture": "#main" }, 
                "east":  { "uv": [ 2, 4.5, 2.5, 5 ], "texture": "#main" }, 
                "south": { "uv": [ 3.5, 4.5, 4, 5 ], "texture": "#main" }, 
                "west":  { "uv": [ 3, 4.5, 3.5, 5 ], "texture": "#main" }, 
                "up":    { "uv": [ 2.5, 4, 3, 4.5 ], "texture": "#main" }, 
                "down":  { "uv": [ 3, 4, 3.5, 4.5 ], "rotation":270, "texture": "#main" }
            }
        }, 
        {
            "from": [ 4, 23, 4 ], 
            "to":   [ 12, 31, 12 ], 
            "faces": {
                "north": { "uv": [ 0.5, 4.5, 1, 5 ], "texture": "#main" }, 
                "east":  { "uv": [ 0, 4.5, 0.5, 5 ], "texture": "#main" }, 
                "south": { "uv": [ 1.5, 4.5, 2, 5 ], "texture": "#main" }, 
                "west":  { "uv": [ 1, 4.5, 1.5, 5 ], "texture": "#main" }, 
                "up":    { "uv": [ 0.5, 4, 1, 4.5 ], "texture": "#main" }, 
                "down":  { "uv": [ 1, 4, 1.5, 4.5 ], "rotation":270, "texture": "#main" }
            }
        }, 
        {
            "from": [ 12, 20, 6 ], 
            "to":   [ 24, 24, 10 ], 
            "rotation": { "angle": -22.5, "axis": "y", "origin": [14, 22, 8] }, 
            "faces": {
                "north": { "uv": [ 2.75, 5.25, 3, 6 ], "rotation":90, "texture": "#main" }, 
                "east":  { "uv": [ 3, 5, 3.25, 5.25 ], "rotation":270, "texture": "#main" }, 
                "south": { "uv": [ 3.25, 5.25, 3.5, 6 ], "rotation":270, "texture": "#main" }, 
                "west":  { "uv": [ 2.75, 5, 3, 5.25 ], "rotation":270, "texture": "#main" }, 
                "up":    { "uv": [ 2.5, 5.25, 2.75, 6 ], "rotation":270, "texture": "#main" }, 
                "down":  { "uv": [ 3, 5.25, 3.25, 6 ], "rotation":270, "texture": "#main" }
            }
        }, 
        {
            "from": [ -9, 20, 6 ], 
            "to":   [ 3, 24, 10 ], 
            "rotation": { "angle": -22.5, "axis": "z", "origin": [2, 22, 8] }, 
            "faces": {
                "north": { "uv": [ 2, 7.25, 2.25, 8 ], "rotation":270, "texture": "#main" }, 
                "east":  { "uv": [ 2.25, 7, 2.5, 7.25 ], "texture": "#main" }, 
                "south": { "uv": [ 2.5, 7.25, 2.75, 8 ], "rotation":90, "texture": "#main" }, 
                "west":  { "uv": [ 2.5, 7, 2.75, 7.25 ], "rotation":180, "texture": "#main" }, 
                "up":    { "uv": [ 2.25, 7.25, 2.5, 8 ], "rotation":90, "texture": "#main" }, 
                "down":  { "uv": [ 2.75, 7.25, 3, 8 ], "rotation":90, "texture": "#main" }
            }
        }, 
        {
            "name": "torso", 
            "from": [ 4, 11, 6 ], 
            "to":   [ 12, 23, 10 ], 
            "faces": {
                "north": { "uv": [ 5.25, 5.25, 5.75, 6 ], "texture": "#main" }, 
                "east":  { "uv": [ 5, 5.25, 5.25, 6 ], "texture": "#main" }, 
                "south": { "uv": [ 6, 5.25, 6.5, 6 ], "texture": "#main" }, 
                "west":  { "uv": [ 5.75, 5.25, 6, 6 ], "texture": "#main" }, 
                "up":    { "uv": [ 5.25, 5, 5.75, 5.25 ], "texture": "#main" }, 
                "down":  { "uv": [ 5.75, 5, 6.25, 5.25 ], "texture": "#main" }
            }
        }, 
        {
            "from": [ 4, -1, 6 ], 
            "to":   [ 8, 11, 10 ], 
            "rotation": { "angle": 0, "axis": "x", "origin": [6, 10, 8] }, 
            "faces": {
                "north": { "uv": [ 5.25, 7.25, 5.5, 8 ], "texture": "#main" }, 
                "east":  { "uv": [ 5, 7.25, 5.25, 8 ], "texture": "#main" }, 
                "south": { "uv": [ 5.75, 7.25, 6, 8 ], "texture": "#main" }, 
                "west":  { "uv": [ 5.5, 7.25, 5.75, 8 ], "texture": "#main" }, 
                "up":    { "uv": [ 5.25, 7, 5.5, 7.25 ], "texture": "#main" }, 
                "down":  { "uv": [ 5.5, 7, 5.75, 7.25 ], "texture": "#main" }
            }
        }, 
        {
            "from": [ 8, -1, 6 ], 
            "to":   [ 12, 11, 10 ], 
            "rotation": { "angle": 0, "axis": "x", "origin": [10, 10, 8] }, 
            "faces": {
                "north": { "uv": [ 4.25, 5.25, 4.5, 6 ], "texture": "#main" }, 
                "east":  { "uv": [ 4, 5.25, 4.25, 6 ], "texture": "#main" }, 
                "south": { "uv": [ 4.75, 5.25, 5, 6 ], "texture": "#main" }, 
                "west":  { "uv": [ 4.5, 5.25, 4.75, 6 ], "texture": "#main" }, 
                "up":    { "uv": [ 4.25, 5, 4.5, 5.25 ], "texture": "#main" }, 
                "down":  { "uv": [ 4.5, 5, 4.75, 5.25 ], "texture": "#main" }
            }
        }, 
        {
            "from": [ 3.75, 22.75, 3.75 ], 
            "to":   [ 12.25, 31.25, 12.25 ], 
            "faces": {
                "north": { "uv": [ 6.5, 4.5, 7, 5 ], "texture": "#main" }, 
                "east":  { "uv": [ 6, 4.5, 6.5, 5 ], "texture": "#main" }, 
                "south": { "uv": [ 7.5, 4.5, 8, 5 ], "texture": "#main" }, 
                "west":  { "uv": [ 7, 4.5, 7.5, 5 ], "texture": "#main" }, 
                "up":    { "uv": [ 6.5, 4, 7, 4.5 ], "texture": "#main" }, 
                "down":  { "uv": [ 7, 4, 7.5, 4.5 ], "rotation":270, "texture": "#main" }
            }
        }, 
        {
            "from": [ 4, 23, 4 ], 
            "to":   [ 12, 31, 12 ], 
            "faces": {
                "north": { "uv": [ 4.5, 4.5, 5, 5 ], "texture": "#main" }, 
                "east":  { "uv": [ 4, 4.5, 4.5, 5 ], "texture": "#main" }, 
                "south": { "uv": [ 5.5, 4.5, 6, 5 ], "texture": "#main" }, 
                "west":  { "uv": [ 5, 4.5, 5.5, 5 ], "texture": "#main" }, 
                "up":    { "uv": [ 4.5, 4, 5, 4.5 ], "texture": "#main" }, 
                "down":  { "uv": [ 5, 4, 5.5, 4.5 ], "rotation":270, "texture": "#main" }
            }
        }, 
        {
            "from": [ 12, 20, 6 ], 
            "to":   [ 16, 24, 18 ], 
            "rotation": { "angle": 45, "axis": "y", "origin": [14, 22, 8] }, 
            "faces": {
                "north": { "uv": [ 6.75, 5, 7, 5.25 ], "rotation":270, "texture": "#main" }, 
                "east":  { "uv": [ 6.75, 5.25, 7, 6 ], "rotation":90, "texture": "#main" }, 
                "south": { "uv": [ 7, 5, 7.25, 5.25 ], "rotation":270, "texture": "#main" }, 
                "west":  { "uv": [ 7.25, 5.25, 7.5, 6 ], "rotation":270, "texture": "#main" }, 
                "up":    { "uv": [ 6.5, 5.25, 6.75, 6 ], "texture": "#main" }, 
                "down":  { "uv": [ 7, 5.25, 7.25, 6 ], "rotation":180, "texture": "#main" }
            }
        }, 
        {
            "from": [ -9, 20, 6 ], 
            "to":   [ 3, 24, 10 ], 
            "rotation": { "angle": -45, "axis": "z", "origin": [2, 22, 8] }, 
            "faces": {
                "north": { "uv": [ 6, 7.25, 6.25, 8 ], "rotation":270, "texture": "#main" }, 
                "east":  { "uv": [ 6.25, 7, 6.5, 7.25 ], "texture": "#main" }, 
                "south": { "uv": [ 6.5, 7.25, 6.75, 8 ], "rotation":90, "texture": "#main" }, 
                "west":  { "uv": [ 6.5, 7, 6.75, 7.25 ], "rotation":180, "texture": "#main" }, 
                "up":    { "uv": [ 6.25, 7.25, 6.5, 8 ], "rotation":90, "texture": "#main" }, 
                "down":  { "uv": [ 6.75, 7.25, 7, 8 ], "rotation":90, "texture": "#main" }
            }
        }, 
        {
            "name": "torso", 
            "from": [ 4, 11, 6 ], 
            "to":   [ 12, 23, 10 ], 
            "faces": {
                "north": { "uv": [ 9.25, 5.25, 9.75, 6 ], "texture": "#main" }, 
                "east":  { "uv": [ 9, 5.25, 9.25, 6 ], "texture": "#main" }, 
                "south": { "uv": [ 10, 5.25, 10.5, 6 ], "texture": "#main" }, 
                "west":  { "uv": [ 9.75, 5.25, 10, 6 ], "texture": "#main" }, 
                "up":    { "uv": [ 9.25, 5, 9.75, 5.25 ], "texture": "#main" }, 
                "down":  { "uv": [ 9.75, 5, 10.25, 5.25 ], "texture": "#main" }
            }
        }, 
        {
            "from": [ 4, -1, 6 ], 
            "to":   [ 8, 11, 10 ], 
            "rotation": { "angle": -22.5, "axis": "x", "origin": [6, 10, 8] }, 
            "faces": {
                "north": { "uv": [ 9.25, 7.25, 9.5, 8 ], "texture": "#main" }, 
                "east":  { "uv": [ 9, 7.25, 9.25, 8 ], "texture": "#main" }, 
                "south": { "uv": [ 9.75, 7.25, 10, 8 ], "texture": "#main" }, 
                "west":  { "uv": [ 9.5, 7.25, 9.75, 8 ], "texture": "#main" }, 
                "up":    { "uv": [ 9.25, 7, 9.5, 7.25 ], "texture": "#main" }, 
                "down":  { "uv": [ 9.5, 7, 9.75, 7.25 ], "texture": "#main" }
            }
        }, 
        {
            "from": [ 8, -1, 6 ], 
            "to":   [ 12, 11, 10 ], 
            "rotation": { "angle": 22.5, "axis": "x", "origin": [10, 10, 8] }, 
            "faces": {
                "north": { "uv": [ 8.25, 5.25, 8.5, 6 ], "texture": "#main" }, 
                "east":  { "uv": [ 8, 5.25, 8.25, 6 ], "texture": "#main" }, 
                "south": { "uv": [ 8.75, 5.25, 9, 6 ], "texture": "#main" }, 
                "west":  { "uv": [ 8.5, 5.25, 8.75, 6 ], "texture": "#main" }, 
                "up":    { "uv": [ 8.25, 5, 8.5, 5.25 ], "texture": "#main" }, 
                "down":  { "uv": [ 8.5, 5, 8.75, 5.25 ], "texture": "#main" }
            }
        }, 
        {
            "from": [ 3.75, 22.75, 3.75 ], 
            "to":   [ 12.25, 31.25, 12.25 ], 
            "faces": {
                "north": { "uv": [ 10.5, 4.5, 11, 5 ], "texture": "#main" }, 
                "east":  { "uv": [ 10, 4.5, 10.5, 5 ], "texture": "#main" }, 
                "south": { "uv": [ 11.5, 4.5, 12, 5 ], "texture": "#main" }, 
                "west":  { "uv": [ 11, 4.5, 11.5, 5 ], "texture": "#main" }, 
                "up":    { "uv": [ 10.5, 4, 11, 4.5 ], "texture": "#main" }, 
                "down":  { "uv": [ 11, 4, 11.5, 4.5 ], "rotation":270, "texture": "#main" }
            }
        }, 
        {
            "from": [ 4, 23, 4 ], 
            "to":   [ 12, 31, 12 ], 
            "faces": {
                "north": { "uv": [ 8.5, 4.5, 9, 5 ], "texture": "#main" }, 
                "east":  { "uv": [ 8, 4.5, 8.5, 5 ], "texture": "#main" }, 
                "south": { "uv": [ 9.5, 4.5, 10, 5 ], "texture": "#main" }, 
                "west":  { "uv": [ 9, 4.5, 9.5, 5 ], "texture": "#main" }, 
                "up":    { "uv": [ 8.5, 4, 9, 4.5 ], "texture": "#main" }, 
                "down":  { "uv": [ 9, 4, 9.5, 4.5 ], "rotation":270, "texture": "#main" }
            }
        }, 
        {
            "from": [ 12, 20, 6 ], 
            "to":   [ 16, 24, 18 ], 
            "rotation": { "angle": 22.5, "axis": "y", "origin": [14, 22, 8] }, 
            "faces": {
                "north": { "uv": [ 10.75, 5, 11, 5.25 ], "rotation":270, "texture": "#main" }, 
                "east":  { "uv": [ 10.75, 5.25, 11, 6 ], "rotation":90, "texture": "#main" }, 
                "south": { "uv": [ 11, 5, 11.25, 5.25 ], "rotation":270, "texture": "#main" }, 
                "west":  { "uv": [ 11.25, 5.25, 11.5, 6 ], "rotation":270, "texture": "#main" }, 
                "up":    { "uv": [ 10.5, 5.25, 10.75, 6 ], "texture": "#main" }, 
                "down":  { "uv": [ 11, 5.25, 11.25, 6 ], "rotation":180, "texture": "#main" }
            }
        }, 
        {
            "from": [ 0, 20, 7 ], 
            "to":   [ 4, 24, 19 ], 
            "rotation": { "angle": -45, "axis": "x", "origin": [2, 22, 8] }, 
            "faces": {
                "north": { "uv": [ 10.25, 7, 10.5, 7.25 ], "rotation":90, "texture": "#main" }, 
                "east":  { "uv": [ 10.75, 7.25, 11, 8 ], "rotation":90, "texture": "#main" }, 
                "south": { "uv": [ 10.5, 7, 10.75, 7.25 ], "rotation":90, "texture": "#main" }, 
                "west":  { "uv": [ 10.25, 7.25, 10.5, 8 ], "rotation":270, "texture": "#main" }, 
                "up":    { "uv": [ 10.5, 7.25, 10.75, 8 ], "texture": "#main" }, 
                "down":  { "uv": [ 10, 7.25, 10.25, 8 ], "rotation":180, "texture": "#main" }
            }
        }, 
        {
            "name": "torso", 
            "from": [ 4, 11, 6 ], 
            "to":   [ 12, 23, 10 ], 
            "faces": {
                "north": { "uv": [ 13.25, 5.25, 13.75, 6 ], "texture": "#main" }, 
                "east":  { "uv": [ 13, 5.25, 13.25, 6 ], "texture": "#main" }, 
                "south": { "uv": [ 14, 5.25, 14.5, 6 ], "texture": "#main" }, 
                "west":  { "uv": [ 13.75, 5.25, 14, 6 ], "texture": "#main" }, 
                "up":    { "uv": [ 13.25, 5, 13.75, 5.25 ], "texture": "#main" }, 
                "down":  { "uv": [ 13.75, 5, 14.25, 5.25 ], "texture": "#main" }
            }
        }, 
        {
            "from": [ 4, -1, 6 ], 
            "to":   [ 8, 11, 10 ], 
            "rotation": { "angle": -45, "axis": "x", "origin": [6, 10, 8] }, 
            "faces": {
                "north": { "uv": [ 13.25, 7.25, 13.5, 8 ], "texture": "#main" }, 
                "east":  { "uv": [ 13, 7.25, 13.25, 8 ], "texture": "#main" }, 
                "south": { "uv": [ 13.75, 7.25, 14, 8 ], "texture": "#main" }, 
                "west":  { "uv": [ 13.5, 7.25, 13.75, 8 ], "texture": "#main" }, 
                "up":    { "uv": [ 13.25, 7, 13.5, 7.25 ], "texture": "#main" }, 
                "down":  { "uv": [ 13.5, 7, 13.75, 7.25 ], "texture": "#main" }
            }
        }, 
        {
            "from": [ 8, -1, 6 ], 
            "to":   [ 12, 11, 10 ], 
            "rotation": { "angle": 45, "axis": "x", "origin": [10, 10, 8] }, 
            "faces": {
                "north": { "uv": [ 12.25, 5.25, 12.5, 6 ], "texture": "#main" }, 
                "east":  { "uv": [ 12, 5.25, 12.25, 6 ], "texture": "#main" }, 
                "south": { "uv": [ 12.75, 5.25, 13, 6 ], "texture": "#main" }, 
                "west":  { "uv": [ 12.5, 5.25, 12.75, 6 ], "texture": "#main" }, 
                "up":    { "uv": [ 12.25, 5, 12.5, 5.25 ], "texture": "#main" }, 
                "down":  { "uv": [ 12.5, 5, 12.75, 5.25 ], "texture": "#main" }
            }
        }, 
        {
            "from": [ 3.75, 22.75, 3.75 ], 
            "to":   [ 12.25, 31.25, 12.25 ], 
            "faces": {
                "north": { "uv": [ 14.5, 4.5, 15, 5 ], "texture": "#main" }, 
                "east":  { "uv": [ 14, 4.5, 14.5, 5 ], "texture": "#main" }, 
                "south": { "uv": [ 15.5, 4.5, 16, 5 ], "texture": "#main" }, 
                "west":  { "uv": [ 15, 4.5, 15.5, 5 ], "texture": "#main" }, 
                "up":    { "uv": [ 14.5, 4, 15, 4.5 ], "texture": "#main" }, 
                "down":  { "uv": [ 15, 4, 15.5, 4.5 ], "rotation":270, "texture": "#main" }
            }
        }, 
        {
            "from": [ 4, 23, 4 ], 
            "to":   [ 12, 31, 12 ], 
            "faces": {
                "north": { "uv": [ 12.5, 4.5, 13, 5 ], "texture": "#main" }, 
                "east":  { "uv": [ 12, 4.5, 12.5, 5 ], "texture": "#main" }, 
                "south": { "uv": [ 13.5, 4.5, 14, 5 ], "texture": "#main" }, 
                "west":  { "uv": [ 13, 4.5, 13.5, 5 ], "texture": "#main" }, 
                "up":    { "uv": [ 12.5, 4, 13, 4.5 ], "texture": "#main" }, 
                "down":  { "uv": [ 13, 4, 13.5, 4.5 ], "rotation":270, "texture": "#main" }
            }
        }, 
        {
            "from": [ 12, 20, 6 ], 
            "to":   [ 16, 24, 18 ], 
            "rotation": { "angle": 22.5, "axis": "x", "origin": [14, 22, 8] }, 
            "faces": {
                "north": { "uv": [ 14.75, 5, 15, 5.25 ], "rotation":270, "texture": "#main" }, 
                "east":  { "uv": [ 14.75, 5.25, 15, 6 ], "rotation":90, "texture": "#main" }, 
                "south": { "uv": [ 15, 5, 15.25, 5.25 ], "rotation":270, "texture": "#main" }, 
                "west":  { "uv": [ 15.25, 5.25, 15.5, 6 ], "rotation":270, "texture": "#main" }, 
                "up":    { "uv": [ 14.5, 5.25, 14.75, 6 ], "texture": "#main" }, 
                "down":  { "uv": [ 15, 5.25, 15.25, 6 ], "rotation":180, "texture": "#main" }
            }
        }, 
        {
            "from": [ 0, 11, 6 ], 
            "to":   [ 4, 23, 10 ], 
            "rotation": { "angle": 45, "axis": "x", "origin": [2, 22, 8] }, 
            "faces": {
                "north": { "uv": [ 14, 7.25, 14.25, 8 ], "texture": "#main" }, 
                "east":  { "uv": [ 14.75, 7.25, 15, 8 ], "texture": "#main" }, 
                "south": { "uv": [ 14.5, 7.25, 14.75, 8 ], "texture": "#main" }, 
                "west":  { "uv": [ 14.25, 7.25, 14.5, 8 ], "texture": "#main" }, 
                "up":    { "uv": [ 14.25, 7, 14.5, 7.25 ], "rotation":270, "texture": "#main" }, 
                "down":  { "uv": [ 14.5, 7, 14.75, 7.25 ], "rotation":90, "texture": "#main" }
            }
        }, 
        {
            "name": "torso", 
            "from": [ 4, 11, 6 ], 
            "to":   [ 12, 23, 10 ], 
            "faces": {
                "north": { "uv": [ 1.25, 9.25, 1.75, 10 ], "texture": "#main" }, 
                "east":  { "uv": [ 1, 9.25, 1.25, 10 ], "texture": "#main" }, 
                "south": { "uv": [ 2, 9.25, 2.5, 10 ], "texture": "#main" }, 
                "west":  { "uv": [ 1.75, 9.25, 2, 10 ], "texture": "#main" }, 
                "up":    { "uv": [ 1.25, 9, 1.75, 9.25 ], "texture": "#main" }, 
                "down":  { "uv": [ 1.75, 9, 2.25, 9.25 ], "texture": "#main" }
            }
        }, 
        {
            "from": [ 4, 8, 7 ], 
            "to":   [ 8, 12, 19 ], 
            "rotation": { "angle": 22.5, "axis": "x", "origin": [6, 10, 8] }, 
            "faces": {
                "north": { "uv": [ 1.25, 11, 1.5, 11.25 ], "rotation":180, "texture": "#main" }, 
                "east":  { "uv": [ 1, 11.25, 1.25, 12 ], "rotation":90, "texture": "#main" }, 
                "south": { "uv": [ 1.5, 11, 1.75, 11.25 ], "texture": "#main" }, 
                "west":  { "uv": [ 1.5, 11.25, 1.75, 12 ], "rotation":270, "texture": "#main" }, 
                "up":    { "uv": [ 1.75, 11.25, 2, 12 ], "texture": "#main" }, 
                "down":  { "uv": [ 1.25, 11.25, 1.5, 12 ], "rotation":180, "texture": "#main" }
            }
        }, 
        {
            "from": [ 8, 8, -3 ], 
            "to":   [ 12, 12, 9 ], 
            "rotation": { "angle": -22.5, "axis": "x", "origin": [10, 10, 8] }, 
            "faces": {
                "north": { "uv": [ 0.5, 9, 0.75, 9.25 ], "rotation":180, "texture": "#main" }, 
                "east":  { "uv": [ 0, 9.25, 0.25, 10 ], "rotation":270, "texture": "#main" }, 
                "south": { "uv": [ 0.25, 9, 0.5, 9.25 ], "texture": "#main" }, 
                "west":  { "uv": [ 0.5, 9.25, 0.75, 10 ], "rotation":90, "texture": "#main" }, 
                "up":    { "uv": [ 0.25, 9.25, 0.5, 10 ], "rotation":180, "texture": "#main" }, 
                "down":  { "uv": [ 0.75, 9.25, 1, 10 ], "texture": "#main" }
            }
        }, 
        {
            "from": [ 3.75, 22.75, 3.75 ], 
            "to":   [ 12.25, 31.25, 12.25 ], 
            "faces": {
                "north": { "uv": [ 2.5, 8.5, 3, 9 ], "texture": "#main" }, 
                "east":  { "uv": [ 2, 8.5, 2.5, 9 ], "texture": "#main" }, 
                "south": { "uv": [ 3.5, 8.5, 4, 9 ], "texture": "#main" }, 
                "west":  { "uv": [ 3, 8.5, 3.5, 9 ], "texture": "#main" }, 
                "up":    { "uv": [ 2.5, 8, 3, 8.5 ], "texture": "#main" }, 
                "down":  { "uv": [ 3, 8, 3.5, 8.5 ], "rotation":270, "texture": "#main" }
            }
        }, 
        {
            "from": [ 4, 23, 4 ], 
            "to":   [ 12, 31, 12 ], 
            "faces": {
                "north": { "uv": [ 0.5, 8.5, 1, 9 ], "texture": "#main" }, 
                "east":  { "uv": [ 0, 8.5, 0.5, 9 ], "texture": "#main" }, 
                "south": { "uv": [ 1.5, 8.5, 2, 9 ], "texture": "#main" }, 
                "west":  { "uv": [ 1, 8.5, 1.5, 9 ], "texture": "#main" }, 
                "up":    { "uv": [ 0.5, 8, 1, 8.5 ], "texture": "#main" }, 
                "down":  { "uv": [ 1, 8, 1.5, 8.5 ], "rotation":270, "texture": "#main" }
            }
        }, 
        {
            "from": [ 12, 12, 6 ], 
            "to":   [ 16, 24, 10 ], 
            "rotation": { "angle": -22.5, "axis": "x", "origin": [14, 22, 8] }, 
            "faces": {
                "north": { "uv": [ 3, 9.25, 3.25, 10 ], "texture": "#main" }, 
                "east":  { "uv": [ 2.75, 9.25, 3, 10 ], "texture": "#main" }, 
                "south": { "uv": [ 2.5, 9.25, 2.75, 10 ], "texture": "#main" }, 
                "west":  { "uv": [ 3.25, 9.25, 3.5, 10 ], "texture": "#main" }, 
                "up":    { "uv": [ 2.75, 9, 3, 9.25 ], "rotation":90, "texture": "#main" }, 
                "down":  { "uv": [ 3, 9, 3.25, 9.25 ], "rotation":270, "texture": "#main" }
            }
        }, 
        {
            "from": [ 0, 20, -3 ], 
            "to":   [ 4, 24, 9 ], 
            "rotation": { "angle": 45, "axis": "x", "origin": [2, 22, 8] }, 
            "faces": {
                "north": { "uv": [ 2.5, 11, 2.75, 11.25 ], "rotation":270, "texture": "#main" }, 
                "east":  { "uv": [ 2.75, 11.25, 3, 12 ], "rotation":270, "texture": "#main" }, 
                "south": { "uv": [ 2.25, 11, 2.5, 11.25 ], "rotation":270, "texture": "#main" }, 
                "west":  { "uv": [ 2.25, 11.25, 2.5, 12 ], "rotation":90, "texture": "#main" }, 
                "up":    { "uv": [ 2, 11.25, 2.25, 12 ], "rotation":180, "texture": "#main" }, 
                "down":  { "uv": [ 2.5, 11.25, 2.75, 12 ], "texture": "#main" }
            }
        }, 
        {
            "name": "torso", 
            "from": [ 4, 11, 6 ], 
            "to":   [ 12, 23, 10 ], 
            "faces": {
                "north": { "uv": [ 5.25, 9.25, 5.75, 10 ], "texture": "#main" }, 
                "east":  { "uv": [ 5, 9.25, 5.25, 10 ], "texture": "#main" }, 
                "south": { "uv": [ 6, 9.25, 6.5, 10 ], "texture": "#main" }, 
                "west":  { "uv": [ 5.75, 9.25, 6, 10 ], "texture": "#main" }, 
                "up":    { "uv": [ 5.25, 9, 5.75, 9.25 ], "texture": "#main" }, 
                "down":  { "uv": [ 5.75, 9, 6.25, 9.25 ], "texture": "#main" }
            }
        }, 
        {
            "from": [ 4, 8, 7 ], 
            "to":   [ 8, 12, 19 ], 
            "rotation": { "angle": 45, "axis": "x", "origin": [6, 10, 8] }, 
            "faces": {
                "north": { "uv": [ 5.25, 11, 5.5, 11.25 ], "rotation":180, "texture": "#main" }, 
                "east":  { "uv": [ 5, 11.25, 5.25, 12 ], "rotation":90, "texture": "#main" }, 
                "south": { "uv": [ 5.5, 11, 5.75, 11.25 ], "texture": "#main" }, 
                "west":  { "uv": [ 5.5, 11.25, 5.75, 12 ], "rotation":270, "texture": "#main" }, 
                "up":    { "uv": [ 5.75, 11.25, 6, 12 ], "texture": "#main" }, 
                "down":  { "uv": [ 5.25, 11.25, 5.5, 12 ], "rotation":180, "texture": "#main" }
            }
        }, 
        {
            "from": [ 8, 8, -3 ], 
            "to":   [ 12, 12, 9 ], 
            "rotation": { "angle": -45, "axis": "x", "origin": [10, 10, 8] }, 
            "faces": {
                "north": { "uv": [ 4.5, 9, 4.75, 9.25 ], "rotation":180, "texture": "#main" }, 
                "east":  { "uv": [ 4, 9.25, 4.25, 10 ], "rotation":270, "texture": "#main" }, 
                "south": { "uv": [ 4.25, 9, 4.5, 9.25 ], "texture": "#main" }, 
                "west":  { "uv": [ 4.5, 9.25, 4.75, 10 ], "rotation":90, "texture": "#main" }, 
                "up":    { "uv": [ 4.25, 9.25, 4.5, 10 ], "rotation":180, "texture": "#main" }, 
                "down":  { "uv": [ 4.75, 9.25, 5, 10 ], "texture": "#main" }
            }
        }, 
        {
            "from": [ 3.75, 22.75, 3.75 ], 
            "to":   [ 12.25, 31.25, 12.25 ], 
            "faces": {
                "north": { "uv": [ 6.5, 8.5, 7, 9 ], "texture": "#main" }, 
                "east":  { "uv": [ 6, 8.5, 6.5, 9 ], "texture": "#main" }, 
                "south": { "uv": [ 7.5, 8.5, 8, 9 ], "texture": "#main" }, 
                "west":  { "uv": [ 7, 8.5, 7.5, 9 ], "texture": "#main" }, 
                "up":    { "uv": [ 6.5, 8, 7, 8.5 ], "texture": "#main" }, 
                "down":  { "uv": [ 7, 8, 7.5, 8.5 ], "rotation":270, "texture": "#main" }
            }
        }, 
        {
            "from": [ 4, 23, 4 ], 
            "to":   [ 12, 31, 12 ], 
            "faces": {
                "north": { "uv": [ 4.5, 8.5, 5, 9 ], "texture": "#main" }, 
                "east":  { "uv": [ 4, 8.5, 4.5, 9 ], "texture": "#main" }, 
                "south": { "uv": [ 5.5, 8.5, 6, 9 ], "texture": "#main" }, 
                "west":  { "uv": [ 5, 8.5, 5.5, 9 ], "texture": "#main" }, 
                "up":    { "uv": [ 4.5, 8, 5, 8.5 ], "texture": "#main" }, 
                "down":  { "uv": [ 5, 8, 5.5, 8.5 ], "rotation":270, "texture": "#main" }
            }
        }, 
        {
            "from": [ 12, 20, 6 ], 
            "to":   [ 16, 24, 18 ], 
            "rotation": { "angle": 0, "axis": "x", "origin": [14, 22, 8] }, 
            "faces": {
                "north": { "uv": [ 6.75, 9, 7, 9.25 ], "rotation":270, "texture": "#main" }, 
                "east":  { "uv": [ 6.75, 9.25, 7, 10 ], "rotation":90, "texture": "#main" }, 
                "south": { "uv": [ 7, 9, 7.25, 9.25 ], "rotation":270, "texture": "#main" }, 
                "west":  { "uv": [ 7.25, 9.25, 7.5, 10 ], "rotation":270, "texture": "#main" }, 
                "up":    { "uv": [ 6.5, 9.25, 6.75, 10 ], "texture": "#main" }, 
                "down":  { "uv": [ 7, 9.25, 7.25, 10 ], "rotation":180, "texture": "#main" }
            }
        }, 
        {
            "from": [ -9, 20, 6 ], 
            "to":   [ 3, 24, 10 ], 
            "rotation": { "angle": -45, "axis": "z", "origin": [2, 22, 8] }, 
            "faces": {
                "north": { "uv": [ 6, 11.25, 6.25, 12 ], "rotation":270, "texture": "#main" }, 
                "east":  { "uv": [ 6.25, 11, 6.5, 11.25 ], "texture": "#main" }, 
                "south": { "uv": [ 6.5, 11.25, 6.75, 12 ], "rotation":90, "texture": "#main" }, 
                "west":  { "uv": [ 6.5, 11, 6.75, 11.25 ], "rotation":180, "texture": "#main" }, 
                "up":    { "uv": [ 6.25, 11.25, 6.5, 12 ], "rotation":90, "texture": "#main" }, 
                "down":  { "uv": [ 6.75, 11.25, 7, 12 ], "rotation":90, "texture": "#main" }
            }
        }, 
        {
            "name": "torso", 
            "from": [ 4, 11, 6 ], 
            "to":   [ 12, 23, 10 ], 
            "faces": {
                "north": { "uv": [ 9.25, 9.25, 9.75, 10 ], "texture": "#main" }, 
                "east":  { "uv": [ 9, 9.25, 9.25, 10 ], "texture": "#main" }, 
                "south": { "uv": [ 10, 9.25, 10.5, 10 ], "texture": "#main" }, 
                "west":  { "uv": [ 9.75, 9.25, 10, 10 ], "texture": "#main" }, 
                "up":    { "uv": [ 9.25, 9, 9.75, 9.25 ], "texture": "#main" }, 
                "down":  { "uv": [ 9.75, 9, 10.25, 9.25 ], "texture": "#main" }
            }
        }, 
        {
            "from": [ 4, -1, 6 ], 
            "to":   [ 8, 11, 10 ], 
            "rotation": { "angle": -22.5, "axis": "x", "origin": [6, 10, 8] }, 
            "faces": {
                "north": { "uv": [ 9.25, 11.25, 9.5, 12 ], "texture": "#main" }, 
                "east":  { "uv": [ 9, 11.25, 9.25, 12 ], "texture": "#main" }, 
                "south": { "uv": [ 9.75, 11.25, 10, 12 ], "texture": "#main" }, 
                "west":  { "uv": [ 9.5, 11.25, 9.75, 12 ], "texture": "#main" }, 
                "up":    { "uv": [ 9.25, 11, 9.5, 11.25 ], "texture": "#main" }, 
                "down":  { "uv": [ 9.5, 11, 9.75, 11.25 ], "texture": "#main" }
            }
        }, 
        {
            "from": [ 8, -1, 6 ], 
            "to":   [ 12, 11, 10 ], 
            "rotation": { "angle": 22.5, "axis": "x", "origin": [10, 10, 8] }, 
            "faces": {
                "north": { "uv": [ 8.25, 9.25, 8.5, 10 ], "texture": "#main" }, 
                "east":  { "uv": [ 8, 9.25, 8.25, 10 ], "texture": "#main" }, 
                "south": { "uv": [ 8.75, 9.25, 9, 10 ], "texture": "#main" }, 
                "west":  { "uv": [ 8.5, 9.25, 8.75, 10 ], "texture": "#main" }, 
                "up":    { "uv": [ 8.25, 9, 8.5, 9.25 ], "texture": "#main" }, 
                "down":  { "uv": [ 8.5, 9, 8.75, 9.25 ], "texture": "#main" }
            }
        }, 
        {
            "from": [ 3.75, 22.75, 3.75 ], 
            "to":   [ 12.25, 31.25, 12.25 ], 
            "faces": {
                "north": { "uv": [ 10.5, 8.5, 11, 9 ], "texture": "#main" }, 
                "east":  { "uv": [ 10, 8.5, 10.5, 9 ], "texture": "#main" }, 
                "south": { "uv": [ 11.5, 8.5, 12, 9 ], "texture": "#main" }, 
                "west":  { "uv": [ 11, 8.5, 11.5, 9 ], "texture": "#main" }, 
                "up":    { "uv": [ 10.5, 8, 11, 8.5 ], "texture": "#main" }, 
                "down":  { "uv": [ 11, 8, 11.5, 8.5 ], "rotation":270, "texture": "#main" }
            }
        }, 
        {
            "from": [ 4, 23, 4 ], 
            "to":   [ 12, 31, 12 ], 
            "faces": {
                "north": { "uv": [ 8.5, 8.5, 9, 9 ], "texture": "#main" }, 
                "east":  { "uv": [ 8, 8.5, 8.5, 9 ], "texture": "#main" }, 
                "south": { "uv": [ 9.5, 8.5, 10, 9 ], "texture": "#main" }, 
                "west":  { "uv": [ 9, 8.5, 9.5, 9 ], "texture": "#main" }, 
                "up":    { "uv": [ 8.5, 8, 9, 8.5 ], "texture": "#main" }, 
                "down":  { "uv": [ 9, 8, 9.5, 8.5 ], "rotation":270, "texture": "#main" }
            }
        }, 
        {
            "from": [ 12, 12, 6 ], 
            "to":   [ 16, 24, 10 ], 
            "rotation": { "angle": -45, "axis": "x", "origin": [14, 22, 8] }, 
            "faces": {
                "north": { "uv": [ 11, 9.25, 11.25, 10 ], "texture": "#main" }, 
                "east":  { "uv": [ 10.75, 9.25, 11, 10 ], "texture": "#main" }, 
                "south": { "uv": [ 10.5, 9.25, 10.75, 10 ], "texture": "#main" }, 
                "west":  { "uv": [ 11.25, 9.25, 11.5, 10 ], "texture": "#main" }, 
                "up":    { "uv": [ 10.75, 9, 11, 9.25 ], "rotation":90, "texture": "#main" }, 
                "down":  { "uv": [ 11, 9, 11.25, 9.25 ], "rotation":270, "texture": "#main" }
            }
        }, 
        {
            "from": [ -9, 20, 6 ], 
            "to":   [ 3, 24, 10 ], 
            "rotation": { "angle": 22.5, "axis": "z", "origin": [2, 22, 8] }, 
            "faces": {
                "north": { "uv": [ 10, 11.25, 10.25, 12 ], "rotation":270, "texture": "#main" }, 
                "east":  { "uv": [ 10.25, 11, 10.5, 11.25 ], "texture": "#main" }, 
                "south": { "uv": [ 10.5, 11.25, 10.75, 12 ], "rotation":90, "texture": "#main" }, 
                "west":  { "uv": [ 10.5, 11, 10.75, 11.25 ], "rotation":180, "texture": "#main" }, 
                "up":    { "uv": [ 10.25, 11.25, 10.5, 12 ], "rotation":90, "texture": "#main" }, 
                "down":  { "uv": [ 10.75, 11.25, 11, 12 ], "rotation":90, "texture": "#main" }
            }
        }, 
        {
            "name": "torso", 
            "from": [ 4, 11, 6 ], 
            "to":   [ 12, 23, 10 ], 
            "faces": {
                "north": { "uv": [ 13.25, 9.25, 13.75, 10 ], "texture": "#main" }, 
                "east":  { "uv": [ 13, 9.25, 13.25, 10 ], "texture": "#main" }, 
                "south": { "uv": [ 14, 9.25, 14.5, 10 ], "texture": "#main" }, 
                "west":  { "uv": [ 13.75, 9.25, 14, 10 ], "texture": "#main" }, 
                "up":    { "uv": [ 13.25, 9, 13.75, 9.25 ], "texture": "#main" }, 
                "down":  { "uv": [ 13.75, 9, 14.25, 9.25 ], "texture": "#main" }
            }
        }, 
        {
            "from": [ 4, -1, 6 ], 
            "to":   [ 8, 11, 10 ], 
            "rotation": { "angle": -22.5, "axis": "x", "origin": [6, 10, 8] }, 
            "faces": {
                "north": { "uv": [ 13.25, 11.25, 13.5, 12 ], "texture": "#main" }, 
                "east":  { "uv": [ 13, 11.25, 13.25, 12 ], "texture": "#main" }, 
                "south": { "uv": [ 13.75, 11.25, 14, 12 ], "texture": "#main" }, 
                "west":  { "uv": [ 13.5, 11.25, 13.75, 12 ], "texture": "#main" }, 
                "up":    { "uv": [ 13.25, 11, 13.5, 11.25 ], "texture": "#main" }, 
                "down":  { "uv": [ 13.5, 11, 13.75, 11.25 ], "texture": "#main" }
            }
        }, 
        {
            "from": [ 8, -1, 6 ], 
            "to":   [ 12, 11, 10 ], 
            "rotation": { "angle": 22.5, "axis": "x", "origin": [10, 10, 8] }, 
            "faces": {
                "north": { "uv": [ 12.25, 9.25, 12.5, 10 ], "texture": "#main" }, 
                "east":  { "uv": [ 12, 9.25, 12.25, 10 ], "texture": "#main" }, 
                "south": { "uv": [ 12.75, 9.25, 13, 10 ], "texture": "#main" }, 
                "west":  { "uv": [ 12.5, 9.25, 12.75, 10 ], "texture": "#main" }, 
                "up":    { "uv": [ 12.25, 9, 12.5, 9.25 ], "texture": "#main" }, 
                "down":  { "uv": [ 12.5, 9, 12.75, 9.25 ], "texture": "#main" }
            }
        }, 
        {
            "from": [ 3.75, 22.75, 3.75 ], 
            "to":   [ 12.25, 31.25, 12.25 ], 
            "faces": {
                "north": { "uv": [ 14.5, 8.5, 15, 9 ], "texture": "#main" }, 
                "east":  { "uv": [ 14, 8.5, 14.5, 9 ], "texture": "#main" }, 
                "south": { "uv": [ 15.5, 8.5, 16, 9 ], "texture": "#main" }, 
                "west":  { "uv": [ 15, 8.5, 15.5, 9 ], "texture": "#main" }, 
                "up":    { "uv": [ 14.5, 8, 15, 8.5 ], "texture": "#main" }, 
                "down":  { "uv": [ 15, 8, 15.5, 8.5 ], "rotation":270, "texture": "#main" }
            }
        }, 
        {
            "from": [ 4, 23, 4 ], 
            "to":   [ 12, 31, 12 ], 
            "faces": {
                "north": { "uv": [ 12.5, 8.5, 13, 9 ], "texture": "#main" }, 
                "east":  { "uv": [ 12, 8.5, 12.5, 9 ], "texture": "#main" }, 
                "south": { "uv": [ 13.5, 8.5, 14, 9 ], "texture": "#main" }, 
                "west":  { "uv": [ 13, 8.5, 13.5, 9 ], "texture": "#main" }, 
                "up":    { "uv": [ 12.5, 8, 13, 8.5 ], "texture": "#main" }, 
                "down":  { "uv": [ 13, 8, 13.5, 8.5 ], "rotation":270, "texture": "#main" }
            }
        }, 
        {
            "from": [ 12, 12, 6 ], 
            "to":   [ 16, 24, 10 ], 
            "rotation": { "angle": -45, "axis": "x", "origin": [14, 22, 8] }, 
            "faces": {
                "north": { "uv": [ 15, 9.25, 15.25, 10 ], "texture": "#main" }, 
                "east":  { "uv": [ 14.75, 9.25, 15, 10 ], "texture": "#main" }, 
                "south": { "uv": [ 14.5, 9.25, 14.75, 10 ], "texture": "#main" }, 
                "west":  { "uv": [ 15.25, 9.25, 15.5, 10 ], "texture": "#main" }, 
                "up":    { "uv": [ 14.75, 9, 15, 9.25 ], "rotation":90, "texture": "#main" }, 
                "down":  { "uv": [ 15, 9, 15.25, 9.25 ], "rotation":270, "texture": "#main" }
            }
        }, 
        {
            "from": [ 0, 11, 6 ], 
            "to":   [ 4, 23, 10 ], 
            "rotation": { "angle": -22.5, "axis": "z", "origin": [2, 22, 8] }, 
            "faces": {
                "north": { "uv": [ 14, 11.25, 14.25, 12 ], "texture": "#main" }, 
                "east":  { "uv": [ 14.75, 11.25, 15, 12 ], "texture": "#main" }, 
                "south": { "uv": [ 14.5, 11.25, 14.75, 12 ], "texture": "#main" }, 
                "west":  { "uv": [ 14.25, 11.25, 14.5, 12 ], "texture": "#main" }, 
                "up":    { "uv": [ 14.25, 11, 14.5, 11.25 ], "rotation":270, "texture": "#main" }, 
                "down":  { "uv": [ 14.5, 11, 14.75, 11.25 ], "rotation":90, "texture": "#main" }
            }
        }
    ], 
    "display": {
        "head": {
            "translation": [ 0, -30.5, 0 ], 
            "scale": [ 1.6, 1.6, 1.6 ]
        }, 
        "fixed": {
            "translation": [ 0, -6.75, 0 ]
        }
    }, 
    "groups": [
        0, 
        {
            "name": "legs", 
            "origin": [
                0, 
                0, 
                0
            ], 
            "children": [
                1, 
                2
            ]
        }, 
        {
            "name": "head", 
            "origin": [
                0, 
                0, 
                0
            ], 
            "children": [
                3, 
                4
            ]
        }, 
        {
            "name": "arms", 
            "origin": [
                0, 
                0, 
                0
            ], 
            "children": [
                5, 
                6
            ]
        }
    ], 
    "__comment": "Model animated using Fizzy's model animator - http://fizzy81.github.io/animated-models/"
}