{
    "display": {
        "title": {
            "text": "Big Ben Strikes 12!",
            "color": "aqua"
        },
        "description": {
            "text": "Make a hot cup of tea! (For those who like it of course!)"
        },
        "icon": {
            "item": "minecraft:lingering_potion",
            "nbt": "{display:{Name:'{\"text\":\"Tea\"}',Lore:['{\"text\":\"Right click to drink.\",\"color\":\"yellow\"}']},CustomModelData:2,CustomPotionColor:16777215}"
        },
        "frame": "task",
        "show_toast": true,
        "announce_to_chat": true,
        "hidden": false
    },
    "criteria": {
        "getCoffee": {
            "trigger": "minecraft:inventory_changed",
            "conditions": {
                "items": [
                    {
                        "item": "minecraft:lingering_potion",
                        "nbt": "{display:{Name:'{\"text\":\"Tea\"}',Lore:['{\"text\":\"Right click to drink.\",\"color\":\"yellow\"}']},CustomModelData:2,CustomPotionColor:16777215}",
                        "count": {
                            "min": 1,
                            "max": 1
                        }
                    }
                ]
            }
        }
    },
    "rewards": {
        "experience": 5
    },
    "parent": "creativity-plus:wand"
}