{
	"texture_size": [64, 32],
	"textures": {
		"0": "entity/matt/matthew_butlerbottom",
		"particle": "entity/matt/matthew_butlerbottom"
	},
	"elements": [
		{
			"from": [4, 0, 6],
			"to": [8, 12, 10],
			"rotation": {"angle": 22.5, "axis": "x", "origin": [6, 12, 8]},
			"faces": {
				"north": {"uv": [1, 10, 2, 16], "texture": "#0"},
				"east": {"uv": [0, 10, 1, 16], "texture": "#0"},
				"south": {"uv": [3, 10, 4, 16], "texture": "#0"},
				"west": {"uv": [2, 10, 3, 16], "texture": "#0"},
				"up": {"uv": [1, 8, 2, 10], "texture": "#0"},
				"down": {"uv": [2, 8, 3, 10], "texture": "#0"}
			}
		},
		{
			"from": [0, 12, 6],
			"to": [4, 24, 10],
			"rotation": {"angle": -22.5, "axis": "x", "origin": [2, 24, 8]},
			"faces": {
				"north": {"uv": [12, 10, 11, 16], "texture": "#0"},
				"east": {"uv": [10, 10, 11, 16], "texture": "#0"},
				"south": {"uv": [14, 10, 13, 16], "texture": "#0"},
				"west": {"uv": [12, 10, 13, 16], "texture": "#0"},
				"up": {"uv": [11, 8, 12, 10], "texture": "#0"},
				"down": {"uv": [12, 8, 13, 10], "rotation": 90, "texture": "#0"}
			}
		},
		{
			"from": [12, 12, 6],
			"to": [16, 24, 10],
			"rotation": {"angle": 22.5, "axis": "x", "origin": [14, 23, 8]},
			"faces": {
				"north": {"uv": [11, 10, 12, 16], "texture": "#0"},
				"east": {"uv": [10, 10, 11, 16], "texture": "#0"},
				"south": {"uv": [13, 10, 14, 16], "texture": "#0"},
				"west": {"uv": [12, 10, 13, 16], "texture": "#0"},
				"up": {"uv": [11, 8, 12, 10], "texture": "#0"},
				"down": {"uv": [12, 8, 13, 10], "rotation": 90, "texture": "#0"}
			}
		},
		{
			"from": [8, 0, 6],
			"to": [12, 12, 10],
			"rotation": {"angle": -22.5, "axis": "x", "origin": [10, 12, 8]},
			"faces": {
				"north": {"uv": [2, 10, 1, 16], "texture": "#0"},
				"east": {"uv": [1, 10, 0, 16], "texture": "#0"},
				"south": {"uv": [4, 10, 3, 16], "texture": "#0"},
				"west": {"uv": [3, 10, 2, 16], "texture": "#0"},
				"up": {"uv": [1, 8, 2, 10], "texture": "#0"},
				"down": {"uv": [2, 8, 3, 10], "texture": "#0"}
			}
		},
		{
			"from": [4, 12, 6],
			"to": [12, 24, 10],
			"faces": {
				"north": {"uv": [7, 10, 5, 16], "texture": "#0"},
				"east": {"uv": [5, 10, 4, 16], "texture": "#0"},
				"south": {"uv": [9, 10, 7, 16], "texture": "#0"},
				"west": {"uv": [5, 10, 4, 16], "texture": "#0"},
				"up": {"uv": [5, 8, 7, 10], "rotation": 180, "texture": "#0"},
				"down": {"uv": [2, 8, 3, 10], "texture": "#0"}
			}
		},
		{
			"from": [4, 24, 4],
			"to": [12, 32, 12],
			"faces": {
				"north": {"uv": [4, 4, 2, 8], "texture": "#0"},
				"east": {"uv": [6, 4, 4, 8], "texture": "#0"},
				"south": {"uv": [8, 4, 6, 8], "texture": "#0"},
				"west": {"uv": [2, 4, 0, 8], "texture": "#0"},
				"up": {"uv": [2, 0, 4, 4], "rotation": 180, "texture": "#0"},
				"down": {"uv": [4, 0, 6, 4], "texture": "#0"}
			}
		},
		{
			"from": [5, 18, 6.1],
			"to": [9, 22, 7.1],
			"rotation": {"angle": 0, "axis": "y", "origin": [6, 14, 8.5]},
			"faces": {
				"north": {"uv": [12, 0, 16, 8], "texture": "#0"},
				"east": {"uv": [0, 0, 0.25, 2], "texture": "#0"},
				"south": {"uv": [8.25, 0, 12.25, 8], "texture": "#0"},
				"west": {"uv": [0, 0, 0.25, 2], "texture": "#0"},
				"up": {"uv": [0, 0, 1, 0.5], "rotation": 180, "texture": "#0"},
				"down": {"uv": [0, 0, 1, 0.5], "rotation": 180, "texture": "#0"}
			}
		}
	],
	"display": {
		"gui": {
			"rotation": [0, 154, 0],
			"translation": [0, -4, 0],
			"scale": [0.5, 0.5, 0.5]
		},
		"head": {
			"translation": [0, -32, 0],
			"scale": [1.6, 1.6, 1.6]
		}
	}
}