{
	"texture_size": [64, 64],
	"textures": {
		"0": "entity/villager/villager",
		"particle": "entity/villager/villager"
	},
	"elements": [
		{
			"name": "brow",
			"from": [5, 3, 3.999],
			"to": [11, 4, 3.999],
			"faces": {
				"north": {"uv": [2.25, 3.25, 3.75, 3.5], "texture": "#0"}
			}
		},
		{
			"name": "hide_lower",
			"from": [4, 2, 3.9995],
			"to": [12, 3, 3.9995],
			"faces": {
				"north": {"uv": [2, 3.75, 4, 4], "texture": "#0"}
			}
		},
		{
			"name": "hide_top",
			"from": [4, 4, 3.9995],
			"to": [12, 6, 3.9995],
			"faces": {
				"north": {"uv": [2, 3, 4, 3.25], "texture": "#0"}
			}
		},
		{
			"name": "hide_mid",
			"from": [4, 2.5, 3.99995],
			"to": [12, 5, 3.99995],
			"faces": {
				"north": {"uv": [2, 1.75, 4, 2], "texture": "#0"}
			}
		}
	],
	"display": {
		"gui": {
			"rotation": [0, -180, 0]
		},
		"head": {
			"translation": [0, 3.4001, 0],
			"scale": [1.6001, 1.6001, 1.6001]
		}
	},
	"groups": [0,
		{
			"name": "hiders",
			"origin": [0, 0, 0],
			"children": [1, 2, 3]
		}
	]
}