{
  "effects": {
    "mood_sound": {
      "sound": "minecraft:ambient.cave",
      "tick_delay": 10000,
      "block_search_extent": 8,
      "offset": 2
    },
    "sky_color": 0,
    "fog_color": 0,
    "water_color": 14606046,
    "water_fog_color": 14935011,
    "foliage_color": 10261894,
    "grass_color": 9538942
  },
  "carvers": {
    "air": [
      "minecraft:cave"
    ]
  },
  "starts": [
    "minecraft:buried_treasure"
  ],
  "features": [
    [
      "minecraft:ice_patch",
      "minecraft:freeze_top_layer"
    ],
    [
      "minecraft:blue_ice",
      "minecraft:pile_ice"
    ],
    [],
    [
      "minecraft:monster_room"
    ],
    [
      "minecraft:desert_well"
    ],
    [
      "minecraft:fossil"
    ],
    [
      "minecraft:disk_clay",
      "minecraft:disk_gravel",
      "minecraft:ore_gravel",
      "minecraft:ore_diorite",
      "minecraft:ore_andesite",
      "minecraft:ore_coal",
      "minecraft:ore_iron"
    ],
    [],
    [
      "minecraft:forest_rock",
      "minecraft:patch_brown_mushroom"
    ],
    []
  ],
  "spawners": {
    "ambient": [],
    "creature": [],
    "misc": [],
    "monster": [
      {
        "type": "minecraft:zombie",
        "weight": 95,
        "minCount": 4,
        "maxCount": 4
      },
      {
        "type": "minecraft:skeleton",
        "weight": 100,
        "minCount": 4,
        "maxCount": 4
      },
      {
        "type": "minecraft:creeper",
        "weight": 100,
        "minCount": 4,
        "maxCount": 8
      }
    ],
    "water_ambient": [],
    "water_creature": []
  },
  "category": "none",
  "precipitation": "none",
  "surface_builder": "minecraft:moon",
  "scale": 0,
  "downfall": 0.5,
  "depth": 0.01,
  "temperature": 0.5,
  "player_spawn_friendly": true,
  "spawn_costs": {},
  "creature_spawn_probability": 0.1
}