{
  "effects": {
    "mood_sound": {
      "sound": "minecraft:ambient.cave",
      "tick_delay": 6000,
      "block_search_extent": 8,
      "offset": 2
    },
    "sky_color": 7907327,
    "fog_color": 13222655,
    "water_color": 6044989,
    "water_fog_color": 329037,
    "foliage_color": 8093532,
    "grass_color": 8681048
  },
  "carvers": {
    "air": [],
    "liquid": []
  },
  "starts": [
    "minecraft:village_desert",
    "minecraft:ruined_portal_desert"
  ],
  "features": [
    [
      "minecraft:disk_sand",
      "minecraft:ore_iron",
      "minecraft:ore_granite"
    ],
    [
      "minecraft:ore_granite",
      "minecraft:ore_iron"
    ],
    [
      "minecraft:ore_granite",
      "minecraft:ore_iron"
    ],
    [
      "minecraft:monster_room",
      "minecraft:ore_iron",
      "minecraft:ore_granite"
    ],
    [
      "minecraft:ore_iron"
    ],
    [
      "minecraft:ore_iron"
    ],
    [
      "minecraft:ore_dirt",
      "minecraft:ore_gravel",
      "minecraft:ore_granite",
      "minecraft:ore_diorite",
      "minecraft:ore_andesite",
      "minecraft:ore_coal",
      "minecraft:ore_iron",
      "minecraft:ore_gold",
      "minecraft:ore_redstone",
      "minecraft:ore_diamond",
      "minecraft:ore_lapis",
      "minecraft:disk_sand",
      "minecraft:disk_clay",
      "minecraft:disk_gravel"
    ],
    [],
    [],
    [
      "minecraft:freeze_top_layer"
    ]
  ],
  "spawners": {
    "ambient": [
      {}
    ],
    "water_ambient": [],
    "water_creature": []
  },
  "category": "none",
  "precipitation": "none",
  "surface_builder": "minecraft:tatooine_plains",
  "scale": 0.035,
  "downfall": 0.4,
  "depth": 0.01,
  "temperature": 0.9,
  "player_spawn_friendly": true,
  "spawn_costs": {},
  "creature_spawn_probability": 0.1
}