{
  "effects": {
    "mood_sound": {
      "sound": "minecraft:ambient.cave",
      "tick_delay": 6000,
      "block_search_extent": 8,
      "offset": 2
    },
    "sky_color": 13681296,
    "fog_color": 13878639,
    "water_color": 2437888,
    "water_fog_color": 0,
    "foliage_color": 4337670,
    "grass_color": 4733445,
    "particle": {
      "options": {
        "type": "minecraft:large_smoke"
      },
      "probability": 0.055
    }
  },
  "carvers": {
    "air": [
      "minecraft:cave",
      "minecraft:canyon"
    ]
  },
  "starts": [
    "minecraft:mineshaft",
    "minecraft:desert_pyramid",
    "minecraft:stronghold",
    "minecraft:buried_treasure",
    "minecraft:ruined_portal_desert"
  ],
  "features": [
    [
      "minecraft:freeze_top_layer",
      "minecraft:ore_iron",
      "minecraft:ore_coal"
    ],
    [
      "minecraft:lake_lava",
      "minecraft:ore_iron",
      "minecraft:ore_coal"
    ],
    [
      "minecraft:ore_iron",
      "minecraft:ore_coal"
    ],
    [
      "minecraft:monster_room",
      "minecraft:ore_iron",
      "minecraft:ore_coal"
    ],
    [
      "minecraft:blackstone_blobs",
      "minecraft:ore_blackstone",
      "minecraft:ore_iron",
      "minecraft:ore_coal"
    ],
    [],
    [
      "minecraft:disk_clay",
      "minecraft:disk_gravel",
      "minecraft:disk_sand",
      "minecraft:ore_dirt",
      "minecraft:ore_gravel",
      "minecraft:ore_granite",
      "minecraft:ore_diorite",
      "minecraft:ore_andesite",
      "minecraft:ore_iron"
    ],
    [],
    [
      "minecraft:spring_lava"
    ],
    [
      "minecraft:freeze_top_layer"
    ]
  ],
  "spawners": {
    "ambient": [],
    "creature": [],
    "misc": [],
    "monster": [],
    "water_ambient": [],
    "water_creature": []
  },
  "category": "none",
  "precipitation": "rain",
  "surface_builder": "minecraft:venus",
  "scale": 0.3,
  "downfall": 1,
  "depth": 0.01,
  "temperature": 1.2,
  "player_spawn_friendly": false,
  "spawn_costs": {},
  "creature_spawn_probability": 0
}