{
    "texture_size": [
        64, 
        32
    ], 
    "textures": {
        "main": "entity/ender_dog/ender_dog"
    }, 
    "elements": [
        {
            "from": [ 5.5, 0, 2 ], 
            "to":   [ 7.5, 9, 4 ], 
            "rotation": { "angle": 0, "axis": "y", "origin": [5, 0, 2] }, 
            "faces": {
                "north": { "uv": [ 0.25, 1.25, 0.375, 1.8125 ], "texture": "#main" }, 
                "east":  { "uv": [ 0, 1.25, 0.125, 1.8125 ], "texture": "#main" }, 
                "south": { "uv": [ 0.125, 1.25, 0.25, 1.8125 ], "texture": "#main" }, 
                "west":  { "uv": [ 0.375, 1.25, 0.5, 1.8125 ], "texture": "#main" }, 
                "up":    { "uv": [ 0.125, 1.125, 0.25, 1.25 ], "texture": "#main" }, 
                "down":  { "uv": [ 0.25, 1.125, 0.375, 1.25 ], "texture": "#main" }
            }
        }, 
        {
            "from": [ 7, 12.5, 14.5 ], 
            "to":   [ 9, 14.5, 27 ], 
            "rotation": { "angle": 0, "axis": "x", "origin": [8, 16.5, 17] }, 
            "faces": {
                "north": { "uv": [ 0.25, 1.125, 0.375, 1.25 ], "rotation":180, "texture": "#main" }, 
                "east":  { "uv": [ 2.25, 0, 2.375, 0.78125 ], "rotation":270, "texture": "#main" }, 
                "south": { "uv": [ 1.25, 0.9375, 1.375, 1.0625 ], "texture": "#main" }, 
                "west":  { "uv": [ 2.625, 0, 2.75, 0.78125 ], "rotation":90, "texture": "#main" }, 
                "up":    { "uv": [ 2.1875, 0, 2.3125, 0.78125 ], "rotation":180, "texture": "#main" }, 
                "down":  { "uv": [ 1.8125, 0, 1.9375, 0.78125 ], "texture": "#main" }
            }
        }, 
        {
            "from": [ 5.5, 0, 13 ], 
            "to":   [ 7.5, 9, 15 ], 
            "rotation": { "angle": 0, "axis": "y", "origin": [5, 0, 2] }, 
            "faces": {
                "north": { "uv": [ 0.25, 1.25, 0.375, 1.8125 ], "texture": "#main" }, 
                "east":  { "uv": [ 0, 1.25, 0.125, 1.8125 ], "texture": "#main" }, 
                "south": { "uv": [ 0.125, 1.25, 0.25, 1.8125 ], "texture": "#main" }, 
                "west":  { "uv": [ 0.375, 1.25, 0.5, 1.8125 ], "texture": "#main" }, 
                "up":    { "uv": [ 0.125, 1.125, 0.25, 1.25 ], "texture": "#main" }, 
                "down":  { "uv": [ 0.25, 1.125, 0.375, 1.25 ], "texture": "#main" }
            }
        }, 
        {
            "from": [ 8.5, 0, 2 ], 
            "to":   [ 10.5, 9, 4 ], 
            "rotation": { "angle": 0, "axis": "x", "origin": [5, 0, 2] }, 
            "faces": {
                "north": { "uv": [ 0.25, 1.25, 0.375, 1.8125 ], "texture": "#main" }, 
                "east":  { "uv": [ 0, 1.25, 0.125, 1.8125 ], "texture": "#main" }, 
                "south": { "uv": [ 0.125, 1.25, 0.25, 1.8125 ], "texture": "#main" }, 
                "west":  { "uv": [ 0.375, 1.25, 0.5, 1.8125 ], "texture": "#main" }, 
                "up":    { "uv": [ 0.125, 1.125, 0.25, 1.25 ], "texture": "#main" }, 
                "down":  { "uv": [ 0.25, 1.125, 0.375, 1.25 ], "texture": "#main" }
            }
        }, 
        {
            "from": [ 8.5, 0, 13 ], 
            "to":   [ 10.5, 9, 15 ], 
            "rotation": { "angle": 0, "axis": "x", "origin": [5, 0, 2] }, 
            "faces": {
                "north": { "uv": [ 0.25, 1.25, 0.375, 1.8125 ], "texture": "#main" }, 
                "east":  { "uv": [ 0, 1.25, 0.125, 1.8125 ], "texture": "#main" }, 
                "south": { "uv": [ 0.125, 1.25, 0.25, 1.8125 ], "texture": "#main" }, 
                "west":  { "uv": [ 0.375, 1.25, 0.5, 1.8125 ], "texture": "#main" }, 
                "up":    { "uv": [ 0.125, 1.125, 0.25, 1.25 ], "texture": "#main" }, 
                "down":  { "uv": [ 0.25, 1.125, 0.375, 1.25 ], "texture": "#main" }
            }
        }, 
        {
            "from": [ 4, 8, 1 ], 
            "to":   [ 12, 15, 7 ], 
            "rotation": { "angle": 0, "axis": "y", "origin": [5, 0, 2] }, 
            "faces": {
                "north": { "uv": [ 2.25, 0, 2.75, 0.4375 ], "texture": "#main" }, 
                "east":  { "uv": [ 2.3125, 0.375, 2.6875, 0.8125 ], "texture": "#main" }, 
                "south": { "uv": [ 1.75, 0, 2.25, 0.4375 ], "rotation":180, "texture": "#main" }, 
                "west":  { "uv": [ 2.375, 0.375, 2.75, 0.8125 ], "texture": "#main" }, 
                "up":    { "uv": [ 1.75, 0.0625, 2.1875, 0.4375 ], "texture": "#main" }, 
                "down":  { "uv": [ 2.25, 0, 2.75, 0.375 ], "texture": "#main" }
            }
        }, 
        {
            "from": [ 4, 8, 0.95 ], 
            "to":   [ 12, 15, 0.95 ], 
            "rotation": { "angle": 0, "axis": "y", "origin": [5, 0, 2] }, 
            "faces": {
                "north": { "uv": [ 3.375, 0.0625, 3.875, 0.5 ], "texture": "#main" }
            }
        }, 
        {
            "from": [ 5, 8.5, -2 ], 
            "to":   [ 11, 14.5, 2 ], 
            "rotation": { "angle": 0, "axis": "y", "origin": [5, 0, 2] }, 
            "faces": {
                "north": { "uv": [ 0.25, 0.25, 0.625, 0.625 ], "texture": "#main" }, 
                "east":  { "uv": [ 0, 0.25, 0.25, 0.625 ], "texture": "#main" }, 
                "south": { "uv": [ 1.75, 0, 2.25, 0.4375 ], "rotation":180, "texture": "#main" }, 
                "west":  { "uv": [ 0.625, 0.25, 0.875, 0.625 ], "texture": "#main" }, 
                "up":    { "uv": [ 0.25, 0, 0.625, 0.25 ], "texture": "#main" }, 
                "down":  { "uv": [ 0.625, 0, 1, 0.25 ], "texture": "#main" }
            }
        }, 
        {
            "from": [ 6.5, 8.5, -6 ], 
            "to":   [ 9.5, 11.5, -2 ], 
            "rotation": { "angle": 0, "axis": "y", "origin": [5, 0, 2] }, 
            "faces": {
                "north": { "uv": [ 3, 1.1875, 3.1875, 1.375 ], "texture": "#main" }, 
                "east":  { "uv": [ 2.75, 1.1875, 3, 1.375 ], "texture": "#main" }, 
                "south": { "uv": [ 1.75, 0, 2.25, 0.4375 ], "rotation":180, "texture": "#main" }, 
                "west":  { "uv": [ 3.1875, 1.1875, 3.4375, 1.375 ], "texture": "#main" }, 
                "up":    { "uv": [ 3, 0.9375, 3.1875, 1.1875 ], "rotation":180, "texture": "#main" }, 
                "down":  { "uv": [ 3.1875, 0.9375, 3.375, 1.1875 ], "texture": "#main" }
            }
        }, 
        {
            "from": [ 5, 8, 7 ], 
            "to":   [ 11, 14, 16 ], 
            "rotation": { "angle": 0, "axis": "y", "origin": [5, 0, 2] }, 
            "faces": {
                "north": { "uv": [ 2.3125, 0.375, 2.6875, 0.75 ], "texture": "#main" }, 
                "east":  { "uv": [ 2.25, 0.4375, 2.8125, 0.8125 ], "texture": "#main" }, 
                "south": { "uv": [ 2.3125, 0.375, 2.6875, 0.75 ], "texture": "#main" }, 
                "west":  { "uv": [ 1.8125, 0.4375, 2.375, 0.8125 ], "texture": "#main" }, 
                "up":    { "uv": [ 2.375, 0, 2.75, 0.5625 ], "texture": "#main" }, 
                "down":  { "uv": [ 2.4375, 0.25, 2.8125, 0.8125 ], "texture": "#main" }
            }
        }, 
        {
            "from": [ 5, 14.5, -1 ], 
            "to":   [ 7, 17.5, 0 ], 
            "rotation": { "angle": 0, "axis": "y", "origin": [5, 0, 2] }, 
            "faces": {
                "north": { "uv": [ 2.75, 0.0625, 2.625, 0.25 ], "texture": "#main" }, 
                "east":  { "uv": [ 1.125, 0.875, 1.25, 0.9375 ], "texture": "#main" }, 
                "south": { "uv": [ 2, 0.5625, 1.875, 0.75 ], "texture": "#main" }, 
                "west":  { "uv": [ 1.125, 0.875, 1.25, 0.9375 ], "texture": "#main" }, 
                "up":    { "uv": [ 1.125, 0.875, 1.25, 0.9375 ], "texture": "#main" }, 
                "down":  { "uv": [ 1.125, 0.875, 1.25, 0.9375 ], "texture": "#main" }
            }
        }, 
        {
            "from": [ 9, 14.5, -1 ], 
            "to":   [ 11, 17.5, 0 ], 
            "rotation": { "angle": 0, "axis": "y", "origin": [5, 0, 2] }, 
            "faces": {
                "north": { "uv": [ 2.625, 0.0625, 2.75, 0.25 ], "texture": "#main" }, 
                "east":  { "uv": [ 1.125, 0.875, 1.25, 0.9375 ], "texture": "#main" }, 
                "south": { "uv": [ 1.9375, 0.625, 2.0625, 0.8125 ], "texture": "#main" }, 
                "west":  { "uv": [ 1.125, 0.875, 1.25, 0.9375 ], "texture": "#main" }, 
                "up":    { "uv": [ 1.125, 0.875, 1.25, 0.9375 ], "texture": "#main" }, 
                "down":  { "uv": [ 1.125, 0.875, 1.25, 0.9375 ], "texture": "#main" }
            }
        }, 
        {
            "from": [ 5.5, 0, 2 ], 
            "to":   [ 7.5, 9, 4 ], 
            "rotation": { "angle": -22.5, "axis": "x", "origin": [6.5, 7.5, 3] }, 
            "faces": {
                "north": { "uv": [ 4.25, 1.25, 4.375, 1.8125 ], "texture": "#main" }, 
                "east":  { "uv": [ 4, 1.25, 4.125, 1.8125 ], "texture": "#main" }, 
                "south": { "uv": [ 4.125, 1.25, 4.25, 1.8125 ], "texture": "#main" }, 
                "west":  { "uv": [ 4.375, 1.25, 4.5, 1.8125 ], "texture": "#main" }, 
                "up":    { "uv": [ 4.125, 1.125, 4.25, 1.25 ], "texture": "#main" }, 
                "down":  { "uv": [ 4.25, 1.125, 4.375, 1.25 ], "texture": "#main" }
            }
        }, 
        {
            "from": [ 6, 12.5, 14.5 ], 
            "to":   [ 8, 14.5, 27 ], 
            "rotation": { "angle": -22.5, "axis": "y", "origin": [8, 16.5, 17] }, 
            "faces": {
                "north": { "uv": [ 4.25, 1.125, 4.375, 1.25 ], "rotation":180, "texture": "#main" }, 
                "east":  { "uv": [ 6.25, 0, 6.375, 0.78125 ], "rotation":270, "texture": "#main" }, 
                "south": { "uv": [ 5.25, 0.9375, 5.375, 1.0625 ], "texture": "#main" }, 
                "west":  { "uv": [ 6.625, 0, 6.75, 0.78125 ], "rotation":90, "texture": "#main" }, 
                "up":    { "uv": [ 6.1875, 0, 6.3125, 0.78125 ], "rotation":180, "texture": "#main" }, 
                "down":  { "uv": [ 5.8125, 0, 5.9375, 0.78125 ], "texture": "#main" }
            }
        }, 
        {
            "from": [ 5.5, 0, 13 ], 
            "to":   [ 7.5, 9, 15 ], 
            "rotation": { "angle": 22.5, "axis": "x", "origin": [6.5, 7.5, 14] }, 
            "faces": {
                "north": { "uv": [ 4.25, 1.25, 4.375, 1.8125 ], "texture": "#main" }, 
                "east":  { "uv": [ 4, 1.25, 4.125, 1.8125 ], "texture": "#main" }, 
                "south": { "uv": [ 4.125, 1.25, 4.25, 1.8125 ], "texture": "#main" }, 
                "west":  { "uv": [ 4.375, 1.25, 4.5, 1.8125 ], "texture": "#main" }, 
                "up":    { "uv": [ 4.125, 1.125, 4.25, 1.25 ], "texture": "#main" }, 
                "down":  { "uv": [ 4.25, 1.125, 4.375, 1.25 ], "texture": "#main" }
            }
        }, 
        {
            "from": [ 8.5, 0, 2 ], 
            "to":   [ 10.5, 9, 4 ], 
            "rotation": { "angle": 22.5, "axis": "x", "origin": [9.5, 7.5, 3] }, 
            "faces": {
                "north": { "uv": [ 4.25, 1.25, 4.375, 1.8125 ], "texture": "#main" }, 
                "east":  { "uv": [ 4, 1.25, 4.125, 1.8125 ], "texture": "#main" }, 
                "south": { "uv": [ 4.125, 1.25, 4.25, 1.8125 ], "texture": "#main" }, 
                "west":  { "uv": [ 4.375, 1.25, 4.5, 1.8125 ], "texture": "#main" }, 
                "up":    { "uv": [ 4.125, 1.125, 4.25, 1.25 ], "texture": "#main" }, 
                "down":  { "uv": [ 4.25, 1.125, 4.375, 1.25 ], "texture": "#main" }
            }
        }, 
        {
            "from": [ 8.5, 0, 13 ], 
            "to":   [ 10.5, 9, 15 ], 
            "rotation": { "angle": -22.5, "axis": "x", "origin": [9.5, 7.5, 14] }, 
            "faces": {
                "north": { "uv": [ 4.25, 1.25, 4.375, 1.8125 ], "texture": "#main" }, 
                "east":  { "uv": [ 4, 1.25, 4.125, 1.8125 ], "texture": "#main" }, 
                "south": { "uv": [ 4.125, 1.25, 4.25, 1.8125 ], "texture": "#main" }, 
                "west":  { "uv": [ 4.375, 1.25, 4.5, 1.8125 ], "texture": "#main" }, 
                "up":    { "uv": [ 4.125, 1.125, 4.25, 1.25 ], "texture": "#main" }, 
                "down":  { "uv": [ 4.25, 1.125, 4.375, 1.25 ], "texture": "#main" }
            }
        }, 
        {
            "from": [ 4, 8, 1 ], 
            "to":   [ 12, 15, 7 ], 
            "rotation": { "angle": 0, "axis": "y", "origin": [5, 0, 2] }, 
            "faces": {
                "north": { "uv": [ 6.25, 0, 6.75, 0.4375 ], "texture": "#main" }, 
                "east":  { "uv": [ 6.3125, 0.375, 6.6875, 0.8125 ], "texture": "#main" }, 
                "south": { "uv": [ 5.75, 0, 6.25, 0.4375 ], "rotation":180, "texture": "#main" }, 
                "west":  { "uv": [ 6.375, 0.375, 6.75, 0.8125 ], "texture": "#main" }, 
                "up":    { "uv": [ 5.75, 0.0625, 6.1875, 0.4375 ], "texture": "#main" }, 
                "down":  { "uv": [ 6.25, 0, 6.75, 0.375 ], "texture": "#main" }
            }
        }, 
        {
            "from": [ 4, 8, 0.95 ], 
            "to":   [ 12, 15, 0.95 ], 
            "rotation": { "angle": 0, "axis": "y", "origin": [5, 0, 2] }, 
            "faces": {
                "north": { "uv": [ 7.375, 0.0625, 7.875, 0.5 ], "texture": "#main" }
            }
        }, 
        {
            "from": [ 5, 8.5, -2 ], 
            "to":   [ 11, 14.5, 2 ], 
            "rotation": { "angle": 0, "axis": "y", "origin": [5, 0, 2] }, 
            "faces": {
                "north": { "uv": [ 4.25, 0.25, 4.625, 0.625 ], "texture": "#main" }, 
                "east":  { "uv": [ 4, 0.25, 4.25, 0.625 ], "texture": "#main" }, 
                "south": { "uv": [ 5.75, 0, 6.25, 0.4375 ], "rotation":180, "texture": "#main" }, 
                "west":  { "uv": [ 4.625, 0.25, 4.875, 0.625 ], "texture": "#main" }, 
                "up":    { "uv": [ 4.25, 0, 4.625, 0.25 ], "texture": "#main" }, 
                "down":  { "uv": [ 4.625, 0, 5, 0.25 ], "texture": "#main" }
            }
        }, 
        {
            "from": [ 6.5, 8.5, -6 ], 
            "to":   [ 9.5, 11.5, -2 ], 
            "rotation": { "angle": 0, "axis": "y", "origin": [5, 0, 2] }, 
            "faces": {
                "north": { "uv": [ 7, 1.1875, 7.1875, 1.375 ], "texture": "#main" }, 
                "east":  { "uv": [ 6.75, 1.1875, 7, 1.375 ], "texture": "#main" }, 
                "south": { "uv": [ 5.75, 0, 6.25, 0.4375 ], "rotation":180, "texture": "#main" }, 
                "west":  { "uv": [ 7.1875, 1.1875, 7.4375, 1.375 ], "texture": "#main" }, 
                "up":    { "uv": [ 7, 0.9375, 7.1875, 1.1875 ], "rotation":180, "texture": "#main" }, 
                "down":  { "uv": [ 7.1875, 0.9375, 7.375, 1.1875 ], "texture": "#main" }
            }
        }, 
        {
            "from": [ 5, 8, 7 ], 
            "to":   [ 11, 14, 16 ], 
            "rotation": { "angle": 0, "axis": "y", "origin": [5, 0, 2] }, 
            "faces": {
                "north": { "uv": [ 6.3125, 0.375, 6.6875, 0.75 ], "texture": "#main" }, 
                "east":  { "uv": [ 6.25, 0.4375, 6.8125, 0.8125 ], "texture": "#main" }, 
                "south": { "uv": [ 6.3125, 0.375, 6.6875, 0.75 ], "texture": "#main" }, 
                "west":  { "uv": [ 5.8125, 0.4375, 6.375, 0.8125 ], "texture": "#main" }, 
                "up":    { "uv": [ 6.375, 0, 6.75, 0.5625 ], "texture": "#main" }, 
                "down":  { "uv": [ 6.4375, 0.25, 6.8125, 0.8125 ], "texture": "#main" }
            }
        }, 
        {
            "from": [ 5, 14.5, -1 ], 
            "to":   [ 7, 17.5, 0 ], 
            "rotation": { "angle": 0, "axis": "y", "origin": [5, 0, 2] }, 
            "faces": {
                "north": { "uv": [ 6.75, 0.0625, 6.625, 0.25 ], "texture": "#main" }, 
                "east":  { "uv": [ 5.125, 0.875, 5.25, 0.9375 ], "texture": "#main" }, 
                "south": { "uv": [ 6, 0.5625, 5.875, 0.75 ], "texture": "#main" }, 
                "west":  { "uv": [ 5.125, 0.875, 5.25, 0.9375 ], "texture": "#main" }, 
                "up":    { "uv": [ 5.125, 0.875, 5.25, 0.9375 ], "texture": "#main" }, 
                "down":  { "uv": [ 5.125, 0.875, 5.25, 0.9375 ], "texture": "#main" }
            }
        }, 
        {
            "from": [ 9, 14.5, -1 ], 
            "to":   [ 11, 17.5, 0 ], 
            "rotation": { "angle": 0, "axis": "y", "origin": [5, 0, 2] }, 
            "faces": {
                "north": { "uv": [ 6.625, 0.0625, 6.75, 0.25 ], "texture": "#main" }, 
                "east":  { "uv": [ 5.125, 0.875, 5.25, 0.9375 ], "texture": "#main" }, 
                "south": { "uv": [ 5.9375, 0.625, 6.0625, 0.8125 ], "texture": "#main" }, 
                "west":  { "uv": [ 5.125, 0.875, 5.25, 0.9375 ], "texture": "#main" }, 
                "up":    { "uv": [ 5.125, 0.875, 5.25, 0.9375 ], "texture": "#main" }, 
                "down":  { "uv": [ 5.125, 0.875, 5.25, 0.9375 ], "texture": "#main" }
            }
        }, 
        {
            "from": [ 5.5, 0, 2 ], 
            "to":   [ 7.5, 9, 4 ], 
            "rotation": { "angle": -45, "axis": "x", "origin": [6.5, 7.5, 3] }, 
            "faces": {
                "north": { "uv": [ 8.25, 1.25, 8.375, 1.8125 ], "texture": "#main" }, 
                "east":  { "uv": [ 8, 1.25, 8.125, 1.8125 ], "texture": "#main" }, 
                "south": { "uv": [ 8.125, 1.25, 8.25, 1.8125 ], "texture": "#main" }, 
                "west":  { "uv": [ 8.375, 1.25, 8.5, 1.8125 ], "texture": "#main" }, 
                "up":    { "uv": [ 8.125, 1.125, 8.25, 1.25 ], "texture": "#main" }, 
                "down":  { "uv": [ 8.25, 1.125, 8.375, 1.25 ], "texture": "#main" }
            }
        }, 
        {
            "from": [ 6, 12.5, 15.5 ], 
            "to":   [ 8, 14.5, 28 ], 
            "rotation": { "angle": -45, "axis": "y", "origin": [8, 16.5, 17] }, 
            "faces": {
                "north": { "uv": [ 8.25, 1.125, 8.375, 1.25 ], "rotation":180, "texture": "#main" }, 
                "east":  { "uv": [ 10.25, 0, 10.375, 0.78125 ], "rotation":270, "texture": "#main" }, 
                "south": { "uv": [ 9.25, 0.9375, 9.375, 1.0625 ], "texture": "#main" }, 
                "west":  { "uv": [ 10.625, 0, 10.75, 0.78125 ], "rotation":90, "texture": "#main" }, 
                "up":    { "uv": [ 10.1875, 0, 10.3125, 0.78125 ], "rotation":180, "texture": "#main" }, 
                "down":  { "uv": [ 9.8125, 0, 9.9375, 0.78125 ], "texture": "#main" }
            }
        }, 
        {
            "from": [ 5.5, 0, 13 ], 
            "to":   [ 7.5, 9, 15 ], 
            "rotation": { "angle": 45, "axis": "x", "origin": [6.5, 7.5, 14] }, 
            "faces": {
                "north": { "uv": [ 8.25, 1.25, 8.375, 1.8125 ], "texture": "#main" }, 
                "east":  { "uv": [ 8, 1.25, 8.125, 1.8125 ], "texture": "#main" }, 
                "south": { "uv": [ 8.125, 1.25, 8.25, 1.8125 ], "texture": "#main" }, 
                "west":  { "uv": [ 8.375, 1.25, 8.5, 1.8125 ], "texture": "#main" }, 
                "up":    { "uv": [ 8.125, 1.125, 8.25, 1.25 ], "texture": "#main" }, 
                "down":  { "uv": [ 8.25, 1.125, 8.375, 1.25 ], "texture": "#main" }
            }
        }, 
        {
            "from": [ 8.5, 0, 2 ], 
            "to":   [ 10.5, 9, 4 ], 
            "rotation": { "angle": 45, "axis": "x", "origin": [9.5, 7.5, 3] }, 
            "faces": {
                "north": { "uv": [ 8.25, 1.25, 8.375, 1.8125 ], "texture": "#main" }, 
                "east":  { "uv": [ 8, 1.25, 8.125, 1.8125 ], "texture": "#main" }, 
                "south": { "uv": [ 8.125, 1.25, 8.25, 1.8125 ], "texture": "#main" }, 
                "west":  { "uv": [ 8.375, 1.25, 8.5, 1.8125 ], "texture": "#main" }, 
                "up":    { "uv": [ 8.125, 1.125, 8.25, 1.25 ], "texture": "#main" }, 
                "down":  { "uv": [ 8.25, 1.125, 8.375, 1.25 ], "texture": "#main" }
            }
        }, 
        {
            "from": [ 8.5, 0, 13 ], 
            "to":   [ 10.5, 9, 15 ], 
            "rotation": { "angle": -45, "axis": "x", "origin": [9.5, 7.5, 14] }, 
            "faces": {
                "north": { "uv": [ 8.25, 1.25, 8.375, 1.8125 ], "texture": "#main" }, 
                "east":  { "uv": [ 8, 1.25, 8.125, 1.8125 ], "texture": "#main" }, 
                "south": { "uv": [ 8.125, 1.25, 8.25, 1.8125 ], "texture": "#main" }, 
                "west":  { "uv": [ 8.375, 1.25, 8.5, 1.8125 ], "texture": "#main" }, 
                "up":    { "uv": [ 8.125, 1.125, 8.25, 1.25 ], "texture": "#main" }, 
                "down":  { "uv": [ 8.25, 1.125, 8.375, 1.25 ], "texture": "#main" }
            }
        }, 
        {
            "from": [ 4, 8, 1 ], 
            "to":   [ 12, 15, 7 ], 
            "rotation": { "angle": 0, "axis": "y", "origin": [5, 0, 2] }, 
            "faces": {
                "north": { "uv": [ 10.25, 0, 10.75, 0.4375 ], "texture": "#main" }, 
                "east":  { "uv": [ 10.3125, 0.375, 10.6875, 0.8125 ], "texture": "#main" }, 
                "south": { "uv": [ 9.75, 0, 10.25, 0.4375 ], "rotation":180, "texture": "#main" }, 
                "west":  { "uv": [ 10.375, 0.375, 10.75, 0.8125 ], "texture": "#main" }, 
                "up":    { "uv": [ 9.75, 0.0625, 10.1875, 0.4375 ], "texture": "#main" }, 
                "down":  { "uv": [ 10.25, 0, 10.75, 0.375 ], "texture": "#main" }
            }
        }, 
        {
            "from": [ 4, 8, 0.95 ], 
            "to":   [ 12, 15, 0.95 ], 
            "rotation": { "angle": 0, "axis": "y", "origin": [5, 0, 2] }, 
            "faces": {
                "north": { "uv": [ 11.375, 0.0625, 11.875, 0.5 ], "texture": "#main" }
            }
        }, 
        {
            "from": [ 5, 8.5, -2 ], 
            "to":   [ 11, 14.5, 2 ], 
            "rotation": { "angle": 0, "axis": "y", "origin": [5, 0, 2] }, 
            "faces": {
                "north": { "uv": [ 8.25, 0.25, 8.625, 0.625 ], "texture": "#main" }, 
                "east":  { "uv": [ 8, 0.25, 8.25, 0.625 ], "texture": "#main" }, 
                "south": { "uv": [ 9.75, 0, 10.25, 0.4375 ], "rotation":180, "texture": "#main" }, 
                "west":  { "uv": [ 8.625, 0.25, 8.875, 0.625 ], "texture": "#main" }, 
                "up":    { "uv": [ 8.25, 0, 8.625, 0.25 ], "texture": "#main" }, 
                "down":  { "uv": [ 8.625, 0, 9, 0.25 ], "texture": "#main" }
            }
        }, 
        {
            "from": [ 6.5, 8.5, -6 ], 
            "to":   [ 9.5, 11.5, -2 ], 
            "rotation": { "angle": 0, "axis": "y", "origin": [5, 0, 2] }, 
            "faces": {
                "north": { "uv": [ 11, 1.1875, 11.1875, 1.375 ], "texture": "#main" }, 
                "east":  { "uv": [ 10.75, 1.1875, 11, 1.375 ], "texture": "#main" }, 
                "south": { "uv": [ 9.75, 0, 10.25, 0.4375 ], "rotation":180, "texture": "#main" }, 
                "west":  { "uv": [ 11.1875, 1.1875, 11.4375, 1.375 ], "texture": "#main" }, 
                "up":    { "uv": [ 11, 0.9375, 11.1875, 1.1875 ], "rotation":180, "texture": "#main" }, 
                "down":  { "uv": [ 11.1875, 0.9375, 11.375, 1.1875 ], "texture": "#main" }
            }
        }, 
        {
            "from": [ 5, 8, 7 ], 
            "to":   [ 11, 14, 16 ], 
            "rotation": { "angle": 0, "axis": "y", "origin": [5, 0, 2] }, 
            "faces": {
                "north": { "uv": [ 10.3125, 0.375, 10.6875, 0.75 ], "texture": "#main" }, 
                "east":  { "uv": [ 10.25, 0.4375, 10.8125, 0.8125 ], "texture": "#main" }, 
                "south": { "uv": [ 10.3125, 0.375, 10.6875, 0.75 ], "texture": "#main" }, 
                "west":  { "uv": [ 9.8125, 0.4375, 10.375, 0.8125 ], "texture": "#main" }, 
                "up":    { "uv": [ 10.375, 0, 10.75, 0.5625 ], "texture": "#main" }, 
                "down":  { "uv": [ 10.4375, 0.25, 10.8125, 0.8125 ], "texture": "#main" }
            }
        }, 
        {
            "from": [ 5, 14.5, -1 ], 
            "to":   [ 7, 17.5, 0 ], 
            "rotation": { "angle": 0, "axis": "y", "origin": [5, 0, 2] }, 
            "faces": {
                "north": { "uv": [ 10.75, 0.0625, 10.625, 0.25 ], "texture": "#main" }, 
                "east":  { "uv": [ 9.125, 0.875, 9.25, 0.9375 ], "texture": "#main" }, 
                "south": { "uv": [ 10, 0.5625, 9.875, 0.75 ], "texture": "#main" }, 
                "west":  { "uv": [ 9.125, 0.875, 9.25, 0.9375 ], "texture": "#main" }, 
                "up":    { "uv": [ 9.125, 0.875, 9.25, 0.9375 ], "texture": "#main" }, 
                "down":  { "uv": [ 9.125, 0.875, 9.25, 0.9375 ], "texture": "#main" }
            }
        }, 
        {
            "from": [ 9, 14.5, -1 ], 
            "to":   [ 11, 17.5, 0 ], 
            "rotation": { "angle": 0, "axis": "y", "origin": [5, 0, 2] }, 
            "faces": {
                "north": { "uv": [ 10.625, 0.0625, 10.75, 0.25 ], "texture": "#main" }, 
                "east":  { "uv": [ 9.125, 0.875, 9.25, 0.9375 ], "texture": "#main" }, 
                "south": { "uv": [ 9.9375, 0.625, 10.0625, 0.8125 ], "texture": "#main" }, 
                "west":  { "uv": [ 9.125, 0.875, 9.25, 0.9375 ], "texture": "#main" }, 
                "up":    { "uv": [ 9.125, 0.875, 9.25, 0.9375 ], "texture": "#main" }, 
                "down":  { "uv": [ 9.125, 0.875, 9.25, 0.9375 ], "texture": "#main" }
            }
        }, 
        {
            "from": [ 5.5, 0, 2 ], 
            "to":   [ 7.5, 9, 4 ], 
            "rotation": { "angle": 22.5, "axis": "x", "origin": [6.5, 7.5, 3] }, 
            "faces": {
                "north": { "uv": [ 12.25, 1.25, 12.375, 1.8125 ], "texture": "#main" }, 
                "east":  { "uv": [ 12, 1.25, 12.125, 1.8125 ], "texture": "#main" }, 
                "south": { "uv": [ 12.125, 1.25, 12.25, 1.8125 ], "texture": "#main" }, 
                "west":  { "uv": [ 12.375, 1.25, 12.5, 1.8125 ], "texture": "#main" }, 
                "up":    { "uv": [ 12.125, 1.125, 12.25, 1.25 ], "texture": "#main" }, 
                "down":  { "uv": [ 12.25, 1.125, 12.375, 1.25 ], "texture": "#main" }
            }
        }, 
        {
            "from": [ 8, 12.5, 14.5 ], 
            "to":   [ 10, 14.5, 27 ], 
            "rotation": { "angle": 22.5, "axis": "y", "origin": [8, 16.5, 17] }, 
            "faces": {
                "north": { "uv": [ 12.25, 1.125, 12.375, 1.25 ], "rotation":180, "texture": "#main" }, 
                "east":  { "uv": [ 14.25, 0, 14.375, 0.78125 ], "rotation":270, "texture": "#main" }, 
                "south": { "uv": [ 13.25, 0.9375, 13.375, 1.0625 ], "texture": "#main" }, 
                "west":  { "uv": [ 14.625, 0, 14.75, 0.78125 ], "rotation":90, "texture": "#main" }, 
                "up":    { "uv": [ 14.1875, 0, 14.3125, 0.78125 ], "rotation":180, "texture": "#main" }, 
                "down":  { "uv": [ 13.8125, 0, 13.9375, 0.78125 ], "texture": "#main" }
            }
        }, 
        {
            "from": [ 5.5, 0, 13 ], 
            "to":   [ 7.5, 9, 15 ], 
            "rotation": { "angle": -22.5, "axis": "x", "origin": [6.5, 7.5, 14] }, 
            "faces": {
                "north": { "uv": [ 12.25, 1.25, 12.375, 1.8125 ], "texture": "#main" }, 
                "east":  { "uv": [ 12, 1.25, 12.125, 1.8125 ], "texture": "#main" }, 
                "south": { "uv": [ 12.125, 1.25, 12.25, 1.8125 ], "texture": "#main" }, 
                "west":  { "uv": [ 12.375, 1.25, 12.5, 1.8125 ], "texture": "#main" }, 
                "up":    { "uv": [ 12.125, 1.125, 12.25, 1.25 ], "texture": "#main" }, 
                "down":  { "uv": [ 12.25, 1.125, 12.375, 1.25 ], "texture": "#main" }
            }
        }, 
        {
            "from": [ 8.5, 0, 2 ], 
            "to":   [ 10.5, 9, 4 ], 
            "rotation": { "angle": -22.5, "axis": "x", "origin": [9.5, 7.5, 3] }, 
            "faces": {
                "north": { "uv": [ 12.25, 1.25, 12.375, 1.8125 ], "texture": "#main" }, 
                "east":  { "uv": [ 12, 1.25, 12.125, 1.8125 ], "texture": "#main" }, 
                "south": { "uv": [ 12.125, 1.25, 12.25, 1.8125 ], "texture": "#main" }, 
                "west":  { "uv": [ 12.375, 1.25, 12.5, 1.8125 ], "texture": "#main" }, 
                "up":    { "uv": [ 12.125, 1.125, 12.25, 1.25 ], "texture": "#main" }, 
                "down":  { "uv": [ 12.25, 1.125, 12.375, 1.25 ], "texture": "#main" }
            }
        }, 
        {
            "from": [ 8.5, 0, 13 ], 
            "to":   [ 10.5, 9, 15 ], 
            "rotation": { "angle": 22.5, "axis": "x", "origin": [9.5, 7.5, 14] }, 
            "faces": {
                "north": { "uv": [ 12.25, 1.25, 12.375, 1.8125 ], "texture": "#main" }, 
                "east":  { "uv": [ 12, 1.25, 12.125, 1.8125 ], "texture": "#main" }, 
                "south": { "uv": [ 12.125, 1.25, 12.25, 1.8125 ], "texture": "#main" }, 
                "west":  { "uv": [ 12.375, 1.25, 12.5, 1.8125 ], "texture": "#main" }, 
                "up":    { "uv": [ 12.125, 1.125, 12.25, 1.25 ], "texture": "#main" }, 
                "down":  { "uv": [ 12.25, 1.125, 12.375, 1.25 ], "texture": "#main" }
            }
        }, 
        {
            "from": [ 4, 8, 1 ], 
            "to":   [ 12, 15, 7 ], 
            "rotation": { "angle": 0, "axis": "y", "origin": [5, 0, 2] }, 
            "faces": {
                "north": { "uv": [ 14.25, 0, 14.75, 0.4375 ], "texture": "#main" }, 
                "east":  { "uv": [ 14.3125, 0.375, 14.6875, 0.8125 ], "texture": "#main" }, 
                "south": { "uv": [ 13.75, 0, 14.25, 0.4375 ], "rotation":180, "texture": "#main" }, 
                "west":  { "uv": [ 14.375, 0.375, 14.75, 0.8125 ], "texture": "#main" }, 
                "up":    { "uv": [ 13.75, 0.0625, 14.1875, 0.4375 ], "texture": "#main" }, 
                "down":  { "uv": [ 14.25, 0, 14.75, 0.375 ], "texture": "#main" }
            }
        }, 
        {
            "from": [ 4, 8, 0.95 ], 
            "to":   [ 12, 15, 0.95 ], 
            "rotation": { "angle": 0, "axis": "y", "origin": [5, 0, 2] }, 
            "faces": {
                "north": { "uv": [ 15.375, 0.0625, 15.875, 0.5 ], "texture": "#main" }
            }
        }, 
        {
            "from": [ 5, 8.5, -2 ], 
            "to":   [ 11, 14.5, 2 ], 
            "rotation": { "angle": 0, "axis": "y", "origin": [5, 0, 2] }, 
            "faces": {
                "north": { "uv": [ 12.25, 0.25, 12.625, 0.625 ], "texture": "#main" }, 
                "east":  { "uv": [ 12, 0.25, 12.25, 0.625 ], "texture": "#main" }, 
                "south": { "uv": [ 13.75, 0, 14.25, 0.4375 ], "rotation":180, "texture": "#main" }, 
                "west":  { "uv": [ 12.625, 0.25, 12.875, 0.625 ], "texture": "#main" }, 
                "up":    { "uv": [ 12.25, 0, 12.625, 0.25 ], "texture": "#main" }, 
                "down":  { "uv": [ 12.625, 0, 13, 0.25 ], "texture": "#main" }
            }
        }, 
        {
            "from": [ 6.5, 8.5, -6 ], 
            "to":   [ 9.5, 11.5, -2 ], 
            "rotation": { "angle": 0, "axis": "y", "origin": [5, 0, 2] }, 
            "faces": {
                "north": { "uv": [ 15, 1.1875, 15.1875, 1.375 ], "texture": "#main" }, 
                "east":  { "uv": [ 14.75, 1.1875, 15, 1.375 ], "texture": "#main" }, 
                "south": { "uv": [ 13.75, 0, 14.25, 0.4375 ], "rotation":180, "texture": "#main" }, 
                "west":  { "uv": [ 15.1875, 1.1875, 15.4375, 1.375 ], "texture": "#main" }, 
                "up":    { "uv": [ 15, 0.9375, 15.1875, 1.1875 ], "rotation":180, "texture": "#main" }, 
                "down":  { "uv": [ 15.1875, 0.9375, 15.375, 1.1875 ], "texture": "#main" }
            }
        }, 
        {
            "from": [ 5, 8, 7 ], 
            "to":   [ 11, 14, 16 ], 
            "rotation": { "angle": 0, "axis": "y", "origin": [5, 0, 2] }, 
            "faces": {
                "north": { "uv": [ 14.3125, 0.375, 14.6875, 0.75 ], "texture": "#main" }, 
                "east":  { "uv": [ 14.25, 0.4375, 14.8125, 0.8125 ], "texture": "#main" }, 
                "south": { "uv": [ 14.3125, 0.375, 14.6875, 0.75 ], "texture": "#main" }, 
                "west":  { "uv": [ 13.8125, 0.4375, 14.375, 0.8125 ], "texture": "#main" }, 
                "up":    { "uv": [ 14.375, 0, 14.75, 0.5625 ], "texture": "#main" }, 
                "down":  { "uv": [ 14.4375, 0.25, 14.8125, 0.8125 ], "texture": "#main" }
            }
        }, 
        {
            "from": [ 5, 14.5, -1 ], 
            "to":   [ 7, 17.5, 0 ], 
            "rotation": { "angle": 0, "axis": "y", "origin": [5, 0, 2] }, 
            "faces": {
                "north": { "uv": [ 14.75, 0.0625, 14.625, 0.25 ], "texture": "#main" }, 
                "east":  { "uv": [ 13.125, 0.875, 13.25, 0.9375 ], "texture": "#main" }, 
                "south": { "uv": [ 14, 0.5625, 13.875, 0.75 ], "texture": "#main" }, 
                "west":  { "uv": [ 13.125, 0.875, 13.25, 0.9375 ], "texture": "#main" }, 
                "up":    { "uv": [ 13.125, 0.875, 13.25, 0.9375 ], "texture": "#main" }, 
                "down":  { "uv": [ 13.125, 0.875, 13.25, 0.9375 ], "texture": "#main" }
            }
        }, 
        {
            "from": [ 9, 14.5, -1 ], 
            "to":   [ 11, 17.5, 0 ], 
            "rotation": { "angle": 0, "axis": "y", "origin": [5, 0, 2] }, 
            "faces": {
                "north": { "uv": [ 14.625, 0.0625, 14.75, 0.25 ], "texture": "#main" }, 
                "east":  { "uv": [ 13.125, 0.875, 13.25, 0.9375 ], "texture": "#main" }, 
                "south": { "uv": [ 13.9375, 0.625, 14.0625, 0.8125 ], "texture": "#main" }, 
                "west":  { "uv": [ 13.125, 0.875, 13.25, 0.9375 ], "texture": "#main" }, 
                "up":    { "uv": [ 13.125, 0.875, 13.25, 0.9375 ], "texture": "#main" }, 
                "down":  { "uv": [ 13.125, 0.875, 13.25, 0.9375 ], "texture": "#main" }
            }
        }, 
        {
            "from": [ 5.5, 0, 2 ], 
            "to":   [ 7.5, 9, 4 ], 
            "rotation": { "angle": 45, "axis": "x", "origin": [6.5, 7.5, 3] }, 
            "faces": {
                "north": { "uv": [ 0.25, 5.25, 0.375, 5.8125 ], "texture": "#main" }, 
                "east":  { "uv": [ 0, 5.25, 0.125, 5.8125 ], "texture": "#main" }, 
                "south": { "uv": [ 0.125, 5.25, 0.25, 5.8125 ], "texture": "#main" }, 
                "west":  { "uv": [ 0.375, 5.25, 0.5, 5.8125 ], "texture": "#main" }, 
                "up":    { "uv": [ 0.125, 5.125, 0.25, 5.25 ], "texture": "#main" }, 
                "down":  { "uv": [ 0.25, 5.125, 0.375, 5.25 ], "texture": "#main" }
            }
        }, 
        {
            "from": [ 8, 12.5, 15.5 ], 
            "to":   [ 10, 14.5, 28 ], 
            "rotation": { "angle": 45, "axis": "y", "origin": [8, 16.5, 17] }, 
            "faces": {
                "north": { "uv": [ 0.25, 5.125, 0.375, 5.25 ], "rotation":180, "texture": "#main" }, 
                "east":  { "uv": [ 2.25, 4, 2.375, 4.78125 ], "rotation":270, "texture": "#main" }, 
                "south": { "uv": [ 1.25, 4.9375, 1.375, 5.0625 ], "texture": "#main" }, 
                "west":  { "uv": [ 2.625, 4, 2.75, 4.78125 ], "rotation":90, "texture": "#main" }, 
                "up":    { "uv": [ 2.1875, 4, 2.3125, 4.78125 ], "rotation":180, "texture": "#main" }, 
                "down":  { "uv": [ 1.8125, 4, 1.9375, 4.78125 ], "texture": "#main" }
            }
        }, 
        {
            "from": [ 5.5, 0, 13 ], 
            "to":   [ 7.5, 9, 15 ], 
            "rotation": { "angle": -45, "axis": "x", "origin": [6.5, 7.5, 14] }, 
            "faces": {
                "north": { "uv": [ 0.25, 5.25, 0.375, 5.8125 ], "texture": "#main" }, 
                "east":  { "uv": [ 0, 5.25, 0.125, 5.8125 ], "texture": "#main" }, 
                "south": { "uv": [ 0.125, 5.25, 0.25, 5.8125 ], "texture": "#main" }, 
                "west":  { "uv": [ 0.375, 5.25, 0.5, 5.8125 ], "texture": "#main" }, 
                "up":    { "uv": [ 0.125, 5.125, 0.25, 5.25 ], "texture": "#main" }, 
                "down":  { "uv": [ 0.25, 5.125, 0.375, 5.25 ], "texture": "#main" }
            }
        }, 
        {
            "from": [ 8.5, 0, 2 ], 
            "to":   [ 10.5, 9, 4 ], 
            "rotation": { "angle": -45, "axis": "x", "origin": [9.5, 7.5, 3] }, 
            "faces": {
                "north": { "uv": [ 0.25, 5.25, 0.375, 5.8125 ], "texture": "#main" }, 
                "east":  { "uv": [ 0, 5.25, 0.125, 5.8125 ], "texture": "#main" }, 
                "south": { "uv": [ 0.125, 5.25, 0.25, 5.8125 ], "texture": "#main" }, 
                "west":  { "uv": [ 0.375, 5.25, 0.5, 5.8125 ], "texture": "#main" }, 
                "up":    { "uv": [ 0.125, 5.125, 0.25, 5.25 ], "texture": "#main" }, 
                "down":  { "uv": [ 0.25, 5.125, 0.375, 5.25 ], "texture": "#main" }
            }
        }, 
        {
            "from": [ 8.5, 0, 13 ], 
            "to":   [ 10.5, 9, 15 ], 
            "rotation": { "angle": 45, "axis": "x", "origin": [9.5, 7.5, 14] }, 
            "faces": {
                "north": { "uv": [ 0.25, 5.25, 0.375, 5.8125 ], "texture": "#main" }, 
                "east":  { "uv": [ 0, 5.25, 0.125, 5.8125 ], "texture": "#main" }, 
                "south": { "uv": [ 0.125, 5.25, 0.25, 5.8125 ], "texture": "#main" }, 
                "west":  { "uv": [ 0.375, 5.25, 0.5, 5.8125 ], "texture": "#main" }, 
                "up":    { "uv": [ 0.125, 5.125, 0.25, 5.25 ], "texture": "#main" }, 
                "down":  { "uv": [ 0.25, 5.125, 0.375, 5.25 ], "texture": "#main" }
            }
        }, 
        {
            "from": [ 4, 8, 1 ], 
            "to":   [ 12, 15, 7 ], 
            "rotation": { "angle": 0, "axis": "y", "origin": [5, 0, 2] }, 
            "faces": {
                "north": { "uv": [ 2.25, 4, 2.75, 4.4375 ], "texture": "#main" }, 
                "east":  { "uv": [ 2.3125, 4.375, 2.6875, 4.8125 ], "texture": "#main" }, 
                "south": { "uv": [ 1.75, 4, 2.25, 4.4375 ], "rotation":180, "texture": "#main" }, 
                "west":  { "uv": [ 2.375, 4.375, 2.75, 4.8125 ], "texture": "#main" }, 
                "up":    { "uv": [ 1.75, 4.0625, 2.1875, 4.4375 ], "texture": "#main" }, 
                "down":  { "uv": [ 2.25, 4, 2.75, 4.375 ], "texture": "#main" }
            }
        }, 
        {
            "from": [ 4, 8, 0.95 ], 
            "to":   [ 12, 15, 0.95 ], 
            "rotation": { "angle": 0, "axis": "y", "origin": [5, 0, 2] }, 
            "faces": {
                "north": { "uv": [ 3.375, 4.0625, 3.875, 4.5 ], "texture": "#main" }
            }
        }, 
        {
            "from": [ 5, 8.5, -2 ], 
            "to":   [ 11, 14.5, 2 ], 
            "rotation": { "angle": 0, "axis": "y", "origin": [5, 0, 2] }, 
            "faces": {
                "north": { "uv": [ 0.25, 4.25, 0.625, 4.625 ], "texture": "#main" }, 
                "east":  { "uv": [ 0, 4.25, 0.25, 4.625 ], "texture": "#main" }, 
                "south": { "uv": [ 1.75, 4, 2.25, 4.4375 ], "rotation":180, "texture": "#main" }, 
                "west":  { "uv": [ 0.625, 4.25, 0.875, 4.625 ], "texture": "#main" }, 
                "up":    { "uv": [ 0.25, 4, 0.625, 4.25 ], "texture": "#main" }, 
                "down":  { "uv": [ 0.625, 4, 1, 4.25 ], "texture": "#main" }
            }
        }, 
        {
            "from": [ 6.5, 8.5, -6 ], 
            "to":   [ 9.5, 11.5, -2 ], 
            "rotation": { "angle": 0, "axis": "y", "origin": [5, 0, 2] }, 
            "faces": {
                "north": { "uv": [ 3, 5.1875, 3.1875, 5.375 ], "texture": "#main" }, 
                "east":  { "uv": [ 2.75, 5.1875, 3, 5.375 ], "texture": "#main" }, 
                "south": { "uv": [ 1.75, 4, 2.25, 4.4375 ], "rotation":180, "texture": "#main" }, 
                "west":  { "uv": [ 3.1875, 5.1875, 3.4375, 5.375 ], "texture": "#main" }, 
                "up":    { "uv": [ 3, 4.9375, 3.1875, 5.1875 ], "rotation":180, "texture": "#main" }, 
                "down":  { "uv": [ 3.1875, 4.9375, 3.375, 5.1875 ], "texture": "#main" }
            }
        }, 
        {
            "from": [ 5, 8, 7 ], 
            "to":   [ 11, 14, 16 ], 
            "rotation": { "angle": 0, "axis": "y", "origin": [5, 0, 2] }, 
            "faces": {
                "north": { "uv": [ 2.3125, 4.375, 2.6875, 4.75 ], "texture": "#main" }, 
                "east":  { "uv": [ 2.25, 4.4375, 2.8125, 4.8125 ], "texture": "#main" }, 
                "south": { "uv": [ 2.3125, 4.375, 2.6875, 4.75 ], "texture": "#main" }, 
                "west":  { "uv": [ 1.8125, 4.4375, 2.375, 4.8125 ], "texture": "#main" }, 
                "up":    { "uv": [ 2.375, 4, 2.75, 4.5625 ], "texture": "#main" }, 
                "down":  { "uv": [ 2.4375, 4.25, 2.8125, 4.8125 ], "texture": "#main" }
            }
        }, 
        {
            "from": [ 5, 14.5, -1 ], 
            "to":   [ 7, 17.5, 0 ], 
            "rotation": { "angle": 0, "axis": "y", "origin": [5, 0, 2] }, 
            "faces": {
                "north": { "uv": [ 2.75, 4.0625, 2.625, 4.25 ], "texture": "#main" }, 
                "east":  { "uv": [ 1.125, 4.875, 1.25, 4.9375 ], "texture": "#main" }, 
                "south": { "uv": [ 2, 4.5625, 1.875, 4.75 ], "texture": "#main" }, 
                "west":  { "uv": [ 1.125, 4.875, 1.25, 4.9375 ], "texture": "#main" }, 
                "up":    { "uv": [ 1.125, 4.875, 1.25, 4.9375 ], "texture": "#main" }, 
                "down":  { "uv": [ 1.125, 4.875, 1.25, 4.9375 ], "texture": "#main" }
            }
        }, 
        {
            "from": [ 9, 14.5, -1 ], 
            "to":   [ 11, 17.5, 0 ], 
            "rotation": { "angle": 0, "axis": "y", "origin": [5, 0, 2] }, 
            "faces": {
                "north": { "uv": [ 2.625, 4.0625, 2.75, 4.25 ], "texture": "#main" }, 
                "east":  { "uv": [ 1.125, 4.875, 1.25, 4.9375 ], "texture": "#main" }, 
                "south": { "uv": [ 1.9375, 4.625, 2.0625, 4.8125 ], "texture": "#main" }, 
                "west":  { "uv": [ 1.125, 4.875, 1.25, 4.9375 ], "texture": "#main" }, 
                "up":    { "uv": [ 1.125, 4.875, 1.25, 4.9375 ], "texture": "#main" }, 
                "down":  { "uv": [ 1.125, 4.875, 1.25, 4.9375 ], "texture": "#main" }
            }
        }
    ], 
    "display": {
        "gui": {
            "rotation": [ 0, 136, 0 ]
        }, 
        "head": {
            "translation": [ 0, -3, 0 ], 
            "scale": [ 2, 2, 2 ]
        }, 
        "fixed": {
            "rotation": [ 0, 87, 0 ], 
            "translation": [ 0, 0, -4.5 ]
        }
    }, 
    "__comment": "Model animated using Fizzy's model animator - http://fizzy81.github.io/animated-models/"
}