{
	"texture_size": [64, 32],
	"textures": {
		"0": "entity/ender_dog/ender_dog-still",
		"particle": "entity/ender_dog/ender_dog-still"
	},
	"elements": [
		{
			"from": [5.5, 0, 2],
			"to": [7.5, 9, 4],
			"rotation": {"angle": 45, "axis": "x", "origin": [6.5, 7.5, 3]},
			"faces": {
				"north": {"uv": [1, 10, 1.5, 14.5], "texture": "#0"},
				"east": {"uv": [0, 10, 0.5, 14.5], "texture": "#0"},
				"south": {"uv": [0.5, 10, 1, 14.5], "texture": "#0"},
				"west": {"uv": [1.5, 10, 2, 14.5], "texture": "#0"},
				"up": {"uv": [0.5, 9, 1, 10], "texture": "#0"},
				"down": {"uv": [1, 9, 1.5, 10], "texture": "#0"}
			}
		},
		{
			"from": [8, 12.5, 15.5],
			"to": [10, 14.5, 28],
			"rotation": {"angle": 45, "axis": "y", "origin": [8, 16.5, 17]},
			"faces": {
				"north": {"uv": [1, 9, 1.5, 10], "rotation": 180, "texture": "#0"},
				"east": {"uv": [9, 0, 9.5, 6.25], "rotation": 270, "texture": "#0"},
				"south": {"uv": [5, 7.5, 5.5, 8.5], "texture": "#0"},
				"west": {"uv": [10.5, 0, 11, 6.25], "rotation": 90, "texture": "#0"},
				"up": {"uv": [8.75, 0, 9.25, 6.25], "rotation": 180, "texture": "#0"},
				"down": {"uv": [7.25, 0, 7.75, 6.25], "texture": "#0"}
			}
		},
		{
			"from": [5.5, 0, 13],
			"to": [7.5, 9, 15],
			"rotation": {"angle": -45, "axis": "x", "origin": [6.5, 7.5, 14]},
			"faces": {
				"north": {"uv": [1, 10, 1.5, 14.5], "texture": "#0"},
				"east": {"uv": [0, 10, 0.5, 14.5], "texture": "#0"},
				"south": {"uv": [0.5, 10, 1, 14.5], "texture": "#0"},
				"west": {"uv": [1.5, 10, 2, 14.5], "texture": "#0"},
				"up": {"uv": [0.5, 9, 1, 10], "texture": "#0"},
				"down": {"uv": [1, 9, 1.5, 10], "texture": "#0"}
			}
		},
		{
			"from": [8.5, 0, 2],
			"to": [10.5, 9, 4],
			"rotation": {"angle": -45, "axis": "x", "origin": [9.5, 7.5, 3]},
			"faces": {
				"north": {"uv": [1, 10, 1.5, 14.5], "texture": "#0"},
				"east": {"uv": [0, 10, 0.5, 14.5], "texture": "#0"},
				"south": {"uv": [0.5, 10, 1, 14.5], "texture": "#0"},
				"west": {"uv": [1.5, 10, 2, 14.5], "texture": "#0"},
				"up": {"uv": [0.5, 9, 1, 10], "texture": "#0"},
				"down": {"uv": [1, 9, 1.5, 10], "texture": "#0"}
			}
		},
		{
			"from": [8.5, 0, 13],
			"to": [10.5, 9, 15],
			"rotation": {"angle": 45, "axis": "x", "origin": [9.5, 7.5, 14]},
			"faces": {
				"north": {"uv": [1, 10, 1.5, 14.5], "texture": "#0"},
				"east": {"uv": [0, 10, 0.5, 14.5], "texture": "#0"},
				"south": {"uv": [0.5, 10, 1, 14.5], "texture": "#0"},
				"west": {"uv": [1.5, 10, 2, 14.5], "texture": "#0"},
				"up": {"uv": [0.5, 9, 1, 10], "texture": "#0"},
				"down": {"uv": [1, 9, 1.5, 10], "texture": "#0"}
			}
		},
		{
			"from": [4, 8, 1],
			"to": [12, 15, 7],
			"rotation": {"angle": 0, "axis": "y", "origin": [5, 0, 2]},
			"faces": {
				"north": {"uv": [9, 0, 11, 3.5], "texture": "#0"},
				"east": {"uv": [9.25, 3, 10.75, 6.5], "texture": "#0"},
				"south": {"uv": [7, 0, 9, 3.5], "rotation": 180, "texture": "#0"},
				"west": {"uv": [9.5, 3, 11, 6.5], "texture": "#0"},
				"up": {"uv": [7, 0.5, 8.75, 3.5], "texture": "#0"},
				"down": {"uv": [9, 0, 11, 3], "texture": "#0"}
			}
		},
		{
			"from": [4, 8, 0.95],
			"to": [12, 15, 0.95],
			"rotation": {"angle": 0, "axis": "y", "origin": [5, 0, 2]},
			"faces": {
				"north": {"uv": [13.5, 0.5, 15.5, 4], "texture": "#0"}
			}
		},
		{
			"from": [5, 8.5, -2],
			"to": [11, 14.5, 2],
			"rotation": {"angle": 0, "axis": "y", "origin": [5, 0, 2]},
			"faces": {
				"north": {"uv": [1, 2, 2.5, 5], "texture": "#0"},
				"east": {"uv": [0, 2, 1, 5], "texture": "#0"},
				"south": {"uv": [7, 0, 9, 3.5], "rotation": 180, "texture": "#0"},
				"west": {"uv": [2.5, 2, 3.5, 5], "texture": "#0"},
				"up": {"uv": [1, 0, 2.5, 2], "texture": "#0"},
				"down": {"uv": [2.5, 0, 4, 2], "texture": "#0"}
			}
		},
		{
			"from": [6.5, 8.5, -6],
			"to": [9.5, 11.5, -2],
			"rotation": {"angle": 0, "axis": "y", "origin": [5, 0, 2]},
			"faces": {
				"north": {"uv": [12, 9.5, 12.75, 11], "texture": "#0"},
				"east": {"uv": [11, 9.5, 12, 11], "texture": "#0"},
				"south": {"uv": [7, 0, 9, 3.5], "rotation": 180, "texture": "#0"},
				"west": {"uv": [12.75, 9.5, 13.75, 11], "texture": "#0"},
				"up": {"uv": [12, 7.5, 12.75, 9.5], "rotation": 180, "texture": "#0"},
				"down": {"uv": [12.75, 7.5, 13.5, 9.5], "texture": "#0"}
			}
		},
		{
			"from": [5, 8, 7],
			"to": [11, 14, 16],
			"rotation": {"angle": 0, "axis": "y", "origin": [5, 0, 2]},
			"faces": {
				"north": {"uv": [9.25, 3, 10.75, 6], "texture": "#0"},
				"east": {"uv": [9, 3.5, 11.25, 6.5], "texture": "#0"},
				"south": {"uv": [9.25, 3, 10.75, 6], "texture": "#0"},
				"west": {"uv": [7.25, 3.5, 9.5, 6.5], "texture": "#0"},
				"up": {"uv": [9.5, 0, 11, 4.5], "texture": "#0"},
				"down": {"uv": [9.75, 2, 11.25, 6.5], "texture": "#0"}
			}
		},
		{
			"from": [5, 14.5, -1],
			"to": [7, 17.5, 0],
			"rotation": {"angle": 0, "axis": "y", "origin": [5, 0, 2]},
			"faces": {
				"north": {"uv": [11, 0.5, 10.5, 2], "texture": "#0"},
				"east": {"uv": [4.5, 7, 5, 7.5], "texture": "#0"},
				"south": {"uv": [8, 4.5, 7.5, 6], "texture": "#0"},
				"west": {"uv": [4.5, 7, 5, 7.5], "texture": "#0"},
				"up": {"uv": [4.5, 7, 5, 7.5], "texture": "#0"},
				"down": {"uv": [4.5, 7, 5, 7.5], "texture": "#0"}
			}
		},
		{
			"from": [9, 14.5, -1],
			"to": [11, 17.5, 0],
			"rotation": {"angle": 0, "axis": "y", "origin": [5, 0, 2]},
			"faces": {
				"north": {"uv": [10.5, 0.5, 11, 2], "texture": "#0"},
				"east": {"uv": [4.5, 7, 5, 7.5], "texture": "#0"},
				"south": {"uv": [7.75, 5, 8.25, 6.5], "texture": "#0"},
				"west": {"uv": [4.5, 7, 5, 7.5], "texture": "#0"},
				"up": {"uv": [4.5, 7, 5, 7.5], "texture": "#0"},
				"down": {"uv": [4.5, 7, 5, 7.5], "texture": "#0"}
			}
		}
	],
	"display": {
		"gui": {
			"rotation": [0, 136, 0]
		},
		"head": {
			"translation": [0, -3, 0],
			"scale": [2, 2, 2]
		},
		"fixed": {
			"rotation": [0, 87, 0],
			"translation": [0, 0, -4.5]
		}
	}
}