{
	"texture_size": [64, 64],
	"textures": {
		"0": "entity/ghost",
		"particle": "entity/ghost"
	},
	"elements": [
		{
			"name": "head",
			"from": [4, 24, 4],
			"to": [12, 32, 12],
			"rotation": {"angle": 0, "axis": "y", "origin": [1, 0, 6]},
			"faces": {
				"north": {"uv": [2, 2, 4, 4], "texture": "#0"},
				"east": {"uv": [4, 2, 6, 4], "texture": "#0"},
				"south": {"uv": [4, 2, 6, 4], "texture": "#0"},
				"west": {"uv": [0, 2, 2, 4], "texture": "#0"},
				"up": {"uv": [2, 0, 4, 2], "texture": "#0"},
				"down": {"uv": [4, 0, 6, 2], "rotation": 180, "texture": "#0"}
			}
		},
		{
			"name": "torso",
			"from": [4, 12, 6],
			"to": [12, 24, 10],
			"rotation": {"angle": 0, "axis": "y", "origin": [1, 0, 6]},
			"faces": {
				"north": {"uv": [5, 5, 7, 8], "texture": "#0"},
				"east": {"uv": [7, 5, 8, 8], "texture": "#0"},
				"south": {"uv": [8, 5, 10, 8], "texture": "#0"},
				"west": {"uv": [4, 5, 5, 8], "texture": "#0"},
				"up": {"uv": [5, 4, 7, 5], "texture": "#0"},
				"down": {"uv": [7, 4, 9, 5], "texture": "#0"}
			}
		},
		{
			"name": "right",
			"from": [4, 0, 6],
			"to": [8, 12, 10],
			"rotation": {"angle": 0, "axis": "x", "origin": [1, 0, 6]},
			"faces": {
				"north": {"uv": [10, 5, 11, 8], "texture": "#0"},
				"east": {"uv": [13, 5, 14, 8], "texture": "#0"},
				"south": {"uv": [12, 5, 13, 8], "texture": "#0"},
				"west": {"uv": [11, 5, 12, 8], "texture": "#0"},
				"up": {"uv": [11, 4, 12, 5], "texture": "#0"},
				"down": {"uv": [0, 0, 1, 1], "texture": "#0"}
			}
		},
		{
			"name": "left",
			"from": [8, 0, 6],
			"to": [12, 12, 10],
			"rotation": {"angle": 0, "axis": "y", "origin": [1, 0, 6]},
			"faces": {
				"north": {"uv": [11, 5, 10, 8], "texture": "#0"},
				"east": {"uv": [13, 5, 14, 8], "texture": "#0"},
				"south": {"uv": [13, 5, 12, 8], "texture": "#0"},
				"west": {"uv": [11, 5, 12, 8], "texture": "#0"},
				"up": {"uv": [11, 4, 12, 5], "texture": "#0"},
				"down": {"uv": [0, 0, 1, 1], "texture": "#0"}
			}
		},
		{
			"name": "right",
			"from": [0, 17, 6],
			"to": [4, 21, 18],
			"rotation": {"angle": -22.5, "axis": "x", "origin": [1, 0, 6]},
			"faces": {
				"north": {"uv": [3, 7, 4, 8], "rotation": 180, "texture": "#0"},
				"east": {"uv": [3, 5, 4, 8], "rotation": 270, "texture": "#0"},
				"south": {"uv": [2, 4, 3, 5], "texture": "#0"},
				"west": {"uv": [1, 5, 2, 8], "rotation": 90, "texture": "#0"},
				"up": {"uv": [0, 5, 1, 8], "rotation": 180, "texture": "#0"},
				"down": {"uv": [2, 5, 3, 8], "texture": "#0"}
			}
		},
		{
			"name": "left",
			"from": [12, 20, -2],
			"to": [16, 24, 10],
			"rotation": {"angle": 0, "axis": "x", "origin": [1, 0, 6]},
			"faces": {
				"north": {"uv": [3, 7, 4, 8], "rotation": 180, "texture": "#0"},
				"east": {"uv": [3, 5, 4, 8], "rotation": 270, "texture": "#0"},
				"south": {"uv": [1, 4, 2, 5], "texture": "#0"},
				"west": {"uv": [1, 5, 2, 8], "rotation": 90, "texture": "#0"},
				"up": {"uv": [1, 5, 0, 8], "rotation": 180, "texture": "#0"},
				"down": {"uv": [3, 5, 2, 8], "texture": "#0"}
			}
		},
		{
			"from": [11, 10, -2],
			"to": [17, 17, 4],
			"rotation": {"angle": 0, "axis": "y", "origin": [1, 0, 6]},
			"faces": {
				"north": {"uv": [12, 8.75, 13.5, 10.5], "texture": "#0"},
				"east": {"uv": [12, 8.75, 13.5, 10.5], "texture": "#0"},
				"south": {"uv": [12, 8.75, 13.5, 10.5], "texture": "#0"},
				"west": {"uv": [12, 8.75, 13.5, 10.5], "texture": "#0"},
				"up": {"uv": [12, 10.5, 13.5, 12], "texture": "#0"},
				"down": {"uv": [12, 10.5, 13.5, 12], "texture": "#0"}
			}
		},
		{
			"from": [12, 17, -1],
			"to": [16, 19, 3],
			"rotation": {"angle": 0, "axis": "y", "origin": [1, 0, 6]},
			"faces": {
				"north": {"uv": [12.25, 8.25, 13.25, 8.75], "texture": "#0"},
				"east": {"uv": [12.25, 8.25, 13.25, 8.75], "texture": "#0"},
				"south": {"uv": [12.25, 8.25, 13.25, 8.75], "texture": "#0"},
				"west": {"uv": [12.25, 8.25, 13.25, 8.75], "texture": "#0"},
				"up": {"uv": [12.25, 10.75, 13.25, 11.75], "texture": "#0"},
				"down": {"uv": [12.25, 10.75, 13.25, 11.75], "texture": "#0"}
			}
		},
		{
			"from": [13, 19, 0],
			"to": [15, 20, 2],
			"rotation": {"angle": 0, "axis": "y", "origin": [1, 0, 6]},
			"faces": {
				"north": {"uv": [14.75, 9.25, 15.25, 9.5], "texture": "#0"},
				"east": {"uv": [14.75, 9.25, 15.25, 9.5], "texture": "#0"},
				"south": {"uv": [14.75, 9.25, 15.25, 9.5], "texture": "#0"},
				"west": {"uv": [14.75, 9.25, 15.25, 9.5], "texture": "#0"},
				"up": {"uv": [14.75, 9.25, 15.25, 9.5], "texture": "#0"},
				"down": {"uv": [14.75, 9.25, 15.25, 9.5], "texture": "#0"}
			}
		}
	],
	"display": {
		"thirdperson_righthand": {
			"rotation": [67.5, 0, 0],
			"translation": [-6, -7.25, -3]
		},
		"thirdperson_lefthand": {
			"rotation": [67.5, 0, 0],
			"translation": [-6, -7.25, -3]
		},
		"firstperson_righthand": {
			"rotation": [0, 134, 0],
			"translation": [0, -0.5, 0],
			"scale": [0.34, 0.34, 0.34]
		},
		"firstperson_lefthand": {
			"rotation": [0, 134, 0],
			"scale": [0.34, 0.34, 0.34]
		},
		"gui": {
			"rotation": [0, -180, 0],
			"translation": [0, -4.75, 0],
			"scale": [0.48, 0.48, 0.48]
		},
		"head": {
			"translation": [0, -32, 0],
			"scale": [1.6, 1.6, 1.6]
		},
		"fixed": {
			"translation": [0, -8.75, 0],
			"scale": [0.77, 0.77, 0.77]
		}
	},
	"groups": [0, 1,
		{
			"name": "legs",
			"origin": [0, 0, 0],
			"children": [2, 3]
		},
		{
			"name": "arms",
			"origin": [0, 0, 0],
			"children": [4, 5]
		}, 6, 7, 8]
}