{
  "bedrock_roof_position": -10,
  "bedrock_floor_position": 0,
  "sea_level": 63,
  "min_surface_level": 0,
  "disable_mob_generation": true,
  "noise_caves_enabled": false,
  "noodle_caves_enabled": false,
  "aquifers_enabled": false,
  "deepslate_enabled": false,
  "ore_veins_enabled": false,
  "default_block": {
    "Name": "minecraft:light_gray_concrete_powder"
  },
  "default_fluid": {
    "Name": "minecraft:air"
  },
  "noise": {
    "min_y": 0,
    "height": 256,
    "density_factor": 2,
    "density_offset": -0.46875,
    "size_horizontal": 1,
    "size_vertical": 2,
    "simplex_surface_noise": true,
    "random_density_offset": true,
    "sampling": {
      "xz_scale": 1,
      "y_scale": 1,
      "xz_factor": 80,
      "y_factor": 160
    },
    "bottom_slide": {
      "target": -30,
      "size": 0,
      "offset": 0
    },
    "top_slide": {
      "target": -10,
      "size": 3,
      "offset": 0
    }
  },
  "structures": {
    "structures": {
      "minecraft:buried_treasure": {
        "spacing": 10,
        "separation": 5,
        "salt": 0
      }
    }
  }
}