{
  "bedrock_roof_position": -10,
  "bedrock_floor_position": 0,
  "sea_level": 63,
  "min_surface_level": 0,
  "disable_mob_generation": false,
  "noise_caves_enabled": true,
  "noodle_caves_enabled": false,
  "aquifers_enabled": true,
  "deepslate_enabled": true,
  "ore_veins_enabled": true,
  "default_block": {
    "Name": "minecraft:stone"
  },
  "default_fluid": {
    "Name": "minecraft:water",
    "Properties": {
      "level": "0"
    }
  },
  "noise": {
    "min_y": 0,
    "height": 256,
    "density_factor": 1,
    "density_offset": -0.46875,
    "size_horizontal": 1,
    "size_vertical": 2,
    "simplex_surface_noise": true,
    "random_density_offset": true,
    "sampling": {
      "xz_scale": 1,
      "y_scale": 1,
      "xz_factor": 80,
      "y_factor": 160
    },
    "bottom_slide": {
      "target": -30,
      "size": 0,
      "offset": 0
    },
    "top_slide": {
      "target": -10,
      "size": 3,
      "offset": 0
    }
  },
  "structures": {
    "stronghold": {
      "distance": 32,
      "spread": 15,
      "count": 10
    },
    "structures": {
      "minecraft:village": {
        "spacing": 4,
        "separation": 3,
        "salt": 0
      },
      "minecraft:igloo": {
        "spacing": 32,
        "separation": 24,
        "salt": 0
      },
      "minecraft:desert_pyramid": {
        "spacing": 32,
        "separation": 24,
        "salt": 0
      },
      "minecraft:buried_treasure": {
        "spacing": 64,
        "separation": 48,
        "salt": 0
      }
    }
  }
}