{
  "effects": {
    "mood_sound": {
      "sound": "minecraft:ambient.cave",
      "tick_delay": 6000,
      "block_search_extent": 8,
      "offset": 2
    },
    "sky_color": 7907327,
    "fog_color": 12638463,
    "water_color": 10205165,
    "water_fog_color": 329011,
    "foliage_color": 2721100,
    "grass_color": 4947036
  },
  "carvers": {
    "air": [
      "minecraft:cave"
    ]
  },
  "starts": [
    "minecraft:stronghold",
    "minecraft:buried_treasure",
    "minecraft:village_taiga",
    "minecraft:ruined_portal",
    "minecraft:ruined_portal_mountain"
  ],
  "features": [
    [
      "minecraft:ore_emerald"
    ],
    [
      "minecraft:ore_emerald"
    ],
    [
      "minecraft:ore_emerald"
    ],
    [
      "minecraft:ore_emerald"
    ],
    [
      "minecraft:ore_emerald"
    ],
    [
      "minecraft:ore_emerald"
    ],
    [
      "minecraft:ore_emerald",
      "minecraft:forest_rock"
    ],
    [
      "minecraft:ore_emerald"
    ],
    [
      "minecraft:spring_water",
      "minecraft:patch_pumpkin",
      "minecraft:patch_grass_plain",
      "minecraft:patch_tall_grass_2",
      "minecraft:patch_sugar_cane",
      "minecraft:brown_mushroom_normal",
      "minecraft:red_mushroom_normal",
      "minecraft:flower_plain_decorated",
      "minecraft:plain_vegetation"
    ],
    [
      "minecraft:freeze_top_layer"
    ]
  ],
  "spawners": {
    "ambient": [],
    "creature": [],
    "misc": [],
    "monster": [],
    "water_ambient": [],
    "water_creature": []
  },
  "category": "taiga",
  "precipitation": "rain",
  "surface_builder": "minecraft:giant_tree_taiga",
  "scale": 0.25,
  "downfall": 0.4,
  "depth": 0.12,
  "temperature": 0.2,
  "player_spawn_friendly": true,
  "spawn_costs": {}
}