{
	"textures": {
		"0": "block/oak_log",
		"2": "block/piston_top",
		"3": "block/scaffolding_side",
		"4": "block/repeater",
		"5": "block/bone_block_top",
		"particle": "block/oak_log"
	},
	"elements": [
		{
			"name": "tv",
			"from": [-3, 0, 0],
			"to": [19, 16, 16],
			"faces": {
				"north": {"uv": [0, 2, 16, 16], "texture": "#3"},
				"east": {"uv": [0, 5, 11, 16], "texture": "#0", "cullface": "east"},
				"south": {"uv": [0, 5, 16, 16], "texture": "#0", "cullface": "south"},
				"west": {"uv": [0, 0, 11, 11], "texture": "#0", "cullface": "west"},
				"up": {"uv": [0, 5, 16, 16], "rotation": 180, "texture": "#0", "cullface": "up"},
				"down": {"uv": [0, 0, 16, 11], "texture": "#2", "cullface": "down"}
			}
		},
		{
			"name": "screen",
			"from": [-2, 1, 0.1],
			"to": [18, 15, 0.1],
			"faces": {
				"north": {"uv": [0, 1, 16, 12], "texture": "#5"},
				"east": {"uv": [0, 0, 0, 14], "texture": "#5"},
				"south": {"uv": [0, 0, 16, 14], "texture": "#5"},
				"west": {"uv": [0, 0, 0, 14], "texture": "#5"},
				"up": {"uv": [0, 0, 16, 0], "texture": "#5"},
				"down": {"uv": [0, 0, 16, 0], "texture": "#5"}
			}
		},
		{
			"name": "r",
			"from": [2, 17, 8],
			"to": [3.5, 28, 8],
			"rotation": {"angle": 22.5, "axis": "z", "origin": [6.75, 20, 8]},
			"faces": {
				"north": {"uv": [4, 3, 5, 14], "texture": "#4"},
				"east": {"uv": [0, 0, 0, 11], "texture": "#missing"},
				"south": {"uv": [4, 3, 5, 14], "texture": "#4"},
				"west": {"uv": [1, 0, 1, 11], "texture": "#missing"},
				"up": {"uv": [1, 0, 0, 0], "texture": "#missing"},
				"down": {"uv": [2, 0, 1, 0], "texture": "#missing"}
			}
		},
		{
			"name": "l",
			"from": [12.5, 18, 8],
			"to": [14, 29, 8],
			"rotation": {"angle": -22.5, "axis": "z", "origin": [6.75, 20, 8]},
			"faces": {
				"north": {"uv": [4, 3, 5, 14], "texture": "#4"},
				"east": {"uv": [0, 0, 0, 11], "texture": "#missing"},
				"south": {"uv": [4, 3, 5, 14], "texture": "#4"},
				"west": {"uv": [1, 0, 1, 11], "texture": "#missing"},
				"up": {"uv": [1, 0, 0, 0], "texture": "#missing"},
				"down": {"uv": [2, 0, 1, 0], "texture": "#missing"}
			}
		}
	],
	"display": {
		"thirdperson_righthand": {
			"rotation": [75, 45, 0],
			"translation": [0, 2.5, 0],
			"scale": [0.375, 0.375, 0.375]
		},
		"thirdperson_lefthand": {
			"rotation": [75, 45, 0],
			"translation": [0, 2.5, 0],
			"scale": [0.375, 0.375, 0.375]
		},
		"firstperson_righthand": {
			"rotation": [0, 128, 0],
			"translation": [0, 1.25, 0],
			"scale": [0.3, 0.3, 0.3]
		},
		"firstperson_lefthand": {
			"rotation": [0, 128, 0],
			"translation": [0, 1.25, 0],
			"scale": [0.3, 0.3, 0.3]
		},
		"ground": {
			"translation": [0, -1.5, 0],
			"scale": [0.25, 0.25, 0.25]
		},
		"gui": {
			"rotation": [30, 225, 0],
			"translation": [0, -0.75, 0],
			"scale": [0.5, 0.5, 0.5]
		},
		"head": {
			"translation": [0, -32.4, 0],
			"scale": [1.35, 1.35, 1.35]
		},
		"fixed": {
			"scale": [0.5, 0.5, 0.5]
		}
	},
	"groups": [0, 1,
		{
			"name": "antennei",
			"origin": [6.75, 20, 8],
			"children": [2, 3]
		}
	]
}