{
  "parent": "minecraft:item/handheld_rod",
  "textures": {
    "layer0": "minecraft:item/carrot_on_a_stick"
  },
	
	"overrides": [
    {"predicate": {"custom_model_data":1}, "model": "item/wooden_spear"},
    {"predicate": {"custom_model_data":2}, "model": "item/stone_spear"},
    {"predicate": {"custom_model_data":3}, "model": "item/iron_spear"},
    {"predicate": {"custom_model_data":4}, "model": "item/golden_spear"},
    {"predicate": {"custom_model_data":5}, "model": "item/diamond_spear"},
    {"predicate": {"custom_model_data":6}, "model": "item/netherite_spear"}
	]
}