{
    "parent": "item/generated",
    "textures": {
        "layer0": "item/firework_star",
        "layer1": "item/firework_star_overlay"
    },
	
	"overrides": [
		{"predicate": {"custom_model_data":1}, "model": "item/creativity"},
		{"predicate": {"custom_model_data":2}, "model": "entity/ghost"},
		{"predicate": {"custom_model_data":3}, "model": "item/drink"},
		{"predicate": {"custom_model_data":4}, "model": "item/food"},
		{"predicate": {"custom_model_data":5}, "model": "item/mob"},
		{"predicate": {"custom_model_data":6}, "model": "item/tool"},
		{"predicate": {"custom_model_data":7}, "model": "item/clothing"},
		{"predicate": {"custom_model_data":8}, "model": "misc/villager_sleep"},
		{"predicate": {"custom_model_data":9}, "model": "entity/villager/villager_ancient"},
		{"predicate": {"custom_model_data":10}, "model": "entity/villager/king"},
		{"predicate": {"custom_model_data":11}, "model": "entity/otter/adult"},
		{"predicate": {"custom_model_data":12}, "model": "entity/otter/adult-stand"},
		{"predicate": {"custom_model_data":13}, "model": "entity/otter/adult-up"},
		{"predicate": {"custom_model_data":14}, "model": "entity/otter/adult-swim"},
		{"predicate": {"custom_model_data":15}, "model": "entity/otter/adult-walk"},
		{"predicate": {"custom_model_data":16}, "model": "entity/penguin/still"},
		{"predicate": {"custom_model_data":17}, "model": "entity/penguin/walk"},
		{"predicate": {"custom_model_data":18}, "model": "entity/penguin/swim"}
	]
}