{
    "display": {
        "title": {
            "text": "I Smell Hot Lunch!",
            "color": "aqua"
        },
        "description": {
            "text": "Bring back the good old memories of Lunch Time at school",
            "color": "yellow"
        },
        "icon": {
            "item": "minecraft:cooked_beef",
            "nbt": "{CustomModelData:3}"
        },
        "frame": "task",
        "show_toast": true,
        "announce_to_chat": true,
        "hidden": true
    },
    "criteria": {
        "getGrilledCheese": {
            "trigger": "minecraft:inventory_changed",
            "conditions": {
                "items": [
                    {
                        "item": "minecraft:cooked_beef",
                        "nbt": "{display:{Name:'{\"text\":\"Grilled Cheese\"}'},CustomModelData:3,GrilledCheese:1}",
                        "count": {
                            "min": 1,
                            "max": 1
                        }
                    }
                ]
            }
        }
    },
    "rewards": {
        "experience": 6
    },
    "parent": "creativity-plus:food"
}