{
    "display": {
        "title": {
            "text": "Hotter than Blazes!",
            "color": "aqua"
        },
        "description": {
            "text": "Transform yourself into a Blaze!",
            "color": "yellow"
        },
        "icon": {
            "item": "minecraft:lingering_potion",
            "nbt": "{display:{Name:'{\"text\":\"Blaze Essence\"}',Lore:['{\"text\":\"Magically Delicious!\",\"color\":\"gray\"}']},CustomModelData:6,isMorph:1,Enchantments:[{}],CustomPotionColor:16777215}"
        },
        "frame": "task",
        "show_toast": true,
        "announce_to_chat": true,
        "hidden": true
    },
    "criteria": {
        "Functionized": {
            "trigger": "minecraft:impossible"
        }
    },
    "rewards": {
        "experience": 15
    },
    "parent": "creativity-plus:morph"
}