{
    "display": {
        "title": {
            "text": "Stylish and Invincible",
            "color": "aqua"
        },
        "description": {
            "text": "Put on a Necklace of Undying",
            "color": "yellow"
        },
        "icon": {
            "item": "minecraft:totem_of_undying",
            "nbt": "{CustomModelData:1}"
        },
        "frame": "task",
        "show_toast": true,
        "announce_to_chat": true,
        "hidden": true
    },
    "criteria": {
        "putOnNecklace": {
            "trigger": "minecraft:impossible"
        }
    },
    "rewards": {
        "experience": 10
    },
    "parent": "creativity-plus:clothing"
}