{
    "display": {
        "title": {
            "text": "Transdimensional Gateway",
            "color": "red"
        },
        "description": {
            "text": "Open the gateway to the Nether with the Nether Reactor",
            "color": "yellow"
        },
        "icon": {
            "item": "minecraft:shulker_spawn_egg",
            "nbt": "{display:{Name:'{\"text\":\"Activated Nether Reactor Core\",\"color\":\"red\"}'},CustomModelData:2,EntityTag:{id:\"minecraft:arrow\",Rotation:[0F,-90F],Tags:[\"nether_reactor\"],SoundEvent:\"block.end_portal_frame.fill\"}}"
        },
        "frame": "challenge",
        "show_toast": true,
        "announce_to_chat": true,
        "hidden": false
    },
    "criteria": {
        "netherReactorFinish": {
            "trigger": "minecraft:impossible"
        }
    },
    "rewards": {
        "experience": 25
    },
    "parent": "creativity-plus:nether_reactor_obtain"
}