{
    "display": {
        "title": {
            "text": "Pizza Time!",
            "color": "aqua"
        },
        "description": {
            "text": "Make a simple cheese pizza using Tomato Sauce, Cheese, and Dough",
            "color": "yellow"
        },
        "icon": {
            "item": "minecraft:pumpkin_pie",
            "nbt": "{CustomModelData:1}"
        },
        "frame": "task",
        "show_toast": true,
        "announce_to_chat": true,
        "hidden": true
    },
    "criteria": {
        "getPizzaSlice": {
            "trigger": "minecraft:inventory_changed",
            "conditions": {
                "items": [
                    {
                        "item": "minecraft:pumpkin_pie",
                        "nbt": "{display:{Name:'{\"text\":\"Pizza Slice\"}',Lore:['{\"text\":\"Right Click to Eat.\",\"color\":\"yellow\"}']},CustomModelData:2}",
                        "count": {
                            "min": 1,
                            "max": 1
                        }
                    }
                ]
            }
        },
        "getPizzaPie": {
            "trigger": "minecraft:inventory_changed",
            "conditions": {
                "items": [
                    {
                        "item": "minecraft:pumpkin_pie",
                        "nbt": "{display:{Name:'{\"text\":\"Pizza\"}',Lore:['{\"text\":\"Can be split into 8th\\'s! Grab your sword!\",\"color\":\"yellow\"}']},CustomModelData:1}",
                        "count": {
                            "min": 1,
                            "max": 1
                        }
                    }
                ]
            }
        }
    },
    "rewards": {
        "experience": 5
    },
    "parent": "creativity-plus:food"
}