{
    "display": {
        "title": {
            "text": "Creativity",
            "color": "green"
        },
        "description": {
            "text": "Time to get creative!",
            "color": "dark_green"
        },
        "icon": {
            "item": "minecraft:firework_star",
            "nbt": "{CustomModelData:1}"
        },
        "frame": "task",
        "show_toast": false,
        "announce_to_chat": false,
        "hidden": false,
        "background": "textures/gui/advancements/backgrounds/creativity.png"
    },
    "criteria": {
        "grayStart": {
            "trigger": "minecraft:impossible"
        }
    }
}