{
	"texture_size": [32, 32],
	"textures": {
		"main": "entity/otter/adult-walk"
	},
	"elements": [
		{
			"from": [5, 2, -5],
			"to": [11, 7, 0],
			"rotation": {"angle": 0, "axis": "y", "origin": [8, 3.5, -2.5]},
			"faces": {
				"north": {"uv": [4.625, 0.625, 5.375, 1.25], "texture": "#main"},
				"east": {"uv": [4, 0.625, 4.625, 1.25], "texture": "#main"},
				"south": {"uv": [6, 0.625, 6.75, 1.25], "texture": "#main"},
				"west": {"uv": [5.375, 0.625, 6, 1.25], "texture": "#main"},
				"up": {"uv": [4.625, 0, 5.375, 0.625], "texture": "#main"},
				"down": {"uv": [4.625, 1.25, 5.375, 1.875], "texture": "#main"}
			}
		},
		{
			"from": [6, 2, -6],
			"to": [10, 5, -5],
			"rotation": {"angle": 0, "axis": "y", "origin": [8, 3.5, -2.5]},
			"faces": {
				"north": {"uv": [5.5, 0.125, 6, 0.5], "texture": "#main"},
				"east": {"uv": [5.375, 0.125, 5.5, 0.5], "texture": "#main"},
				"south": {"uv": [5.5, 0.125, 6, 0.5], "texture": "#main"},
				"west": {"uv": [6, 0.125, 6.125, 0.5], "texture": "#main"},
				"up": {"uv": [5.5, 0, 6, 0.125], "texture": "#main"},
				"down": {"uv": [5.5, 0.5, 6, 0.625], "texture": "#main"}
			}
		},
		{
			"from": [3, 2, -5.5],
			"to": [13, 8, -5.5],
			"rotation": {"angle": 0, "axis": "y", "origin": [8, 3.5, -2.5]},
			"faces": {
				"north": {"uv": [5.75, 1.25, 7, 2], "texture": "#main"},
				"south": {"uv": [5.75, 1.25, 7, 2], "texture": "#main"}
			}
		},
		{
			"from": [11, 4, -2],
			"to": [12, 6, -1],
			"rotation": {"angle": 0, "axis": "y", "origin": [8, 3.5, -2.5]},
			"faces": {
				"north": {"uv": [4.125, 0.125, 4.25, 0.375], "texture": "#main"},
				"east": {"uv": [4, 0.125, 4.125, 0.375], "texture": "#main"},
				"south": {"uv": [4.375, 0.125, 4.5, 0.375], "texture": "#main"},
				"west": {"uv": [4.25, 0.125, 4.375, 0.375], "texture": "#main"},
				"up": {"uv": [4.125, 0, 4.25, 0.125], "texture": "#main"},
				"down": {"uv": [4.125, 0.375, 4.25, 0.5], "texture": "#main"}
			}
		},
		{
			"from": [4, 4, -2],
			"to": [5, 6, -1],
			"rotation": {"angle": 0, "axis": "y", "origin": [8, 3.5, -2.5]},
			"faces": {
				"north": {"uv": [4.125, 0.125, 4.25, 0.375], "texture": "#main"},
				"east": {"uv": [4, 0.125, 4.125, 0.375], "texture": "#main"},
				"south": {"uv": [4.375, 0.125, 4.5, 0.375], "texture": "#main"},
				"west": {"uv": [4.25, 0.125, 4.375, 0.375], "texture": "#main"},
				"up": {"uv": [4.125, 0, 4.25, 0.125], "texture": "#main"},
				"down": {"uv": [4.125, 0.375, 4.25, 0.5], "texture": "#main"}
			}
		},
		{
			"from": [5.5, 1.5, 0],
			"to": [10.5, 5.5, 11.5],
			"rotation": {"angle": 0, "axis": "y", "origin": [8, 2.5, 5.5]},
			"faces": {
				"north": {"uv": [0, 0, 0.625, 0.5], "texture": "#main"},
				"east": {"uv": [1, 0, 1.5, 1.5], "rotation": 90, "texture": "#main"},
				"south": {"uv": [0.625, 0.375, 1.25, 0.875], "texture": "#main"},
				"west": {"uv": [0.5, 0, 1, 1.5], "rotation": 90, "texture": "#main"},
				"up": {"uv": [0, 0, 0.625, 1.5], "texture": "#main"},
				"down": {"uv": [1.375, 0, 2, 1.5], "texture": "#main"}
			}
		},
		{
			"from": [6, 1.5, 10],
			"to": [10, 4.5, 21.5],
			"rotation": {"angle": 0, "axis": "y", "origin": [8, 2, 10.75]},
			"faces": {
				"north": {"uv": [0, 0, 0.5, 0.375], "texture": "#main"},
				"east": {"uv": [0, 0.25, 1.5, 0.625], "texture": "#main"},
				"south": {"uv": [1.5, 0.25, 2, 0.625], "texture": "#main"},
				"west": {"uv": [0, 0.25, 1.5, 0.625], "texture": "#main"},
				"up": {"uv": [1.375, 0, 2, 1.5], "texture": "#main"},
				"down": {"uv": [0, 0, 0.5, 1.5], "texture": "#main"}
			}
		},
		{
			"from": [5, 0, -1],
			"to": [7, 2, 4],
			"rotation": {"angle": 0, "axis": "y", "origin": [5, 1, 2.5]},
			"faces": {
				"north": {"uv": [1.375, 0.875, 1.625, 1.125], "texture": "#main"},
				"east": {"uv": [0.75, 1.375, 1.375, 1.625], "texture": "#main"},
				"south": {"uv": [0, 0, 0.25, 0.25], "texture": "#main"},
				"west": {"uv": [0.625, 0.375, 1.25, 0.625], "texture": "#main"},
				"up": {"uv": [0.5, 0.625, 0.75, 0], "texture": "#main"},
				"down": {"uv": [0.375, 0, 0.625, 0.625], "texture": "#main"}
			}
		},
		{
			"from": [9.25, 0, -1.25],
			"to": [11.25, 2, 3.75],
			"rotation": {"angle": 0, "axis": "y", "origin": [5, 1, 2.5]},
			"faces": {
				"north": {"uv": [1.375, 0.875, 1.625, 1.125], "texture": "#main"},
				"east": {"uv": [0.75, 1.375, 1.375, 1.625], "texture": "#main"},
				"south": {"uv": [0, 0, 0.25, 0.25], "texture": "#main"},
				"west": {"uv": [0.625, 0.375, 1.25, 0.625], "texture": "#main"},
				"up": {"uv": [0.5, 0.625, 0.75, 0], "texture": "#main"},
				"down": {"uv": [0.375, 0, 0.625, 0.625], "texture": "#main"}
			}
		},
		{
			"from": [10, 0, 6],
			"to": [12, 2, 11],
			"rotation": {"angle": 0, "axis": "y", "origin": [5, 1, 2.5]},
			"faces": {
				"north": {"uv": [1, 0.375, 1.25, 0.625], "texture": "#main"},
				"east": {"uv": [0, 0.375, 0.625, 0.625], "texture": "#main"},
				"south": {"uv": [1.25, 0.375, 1.5, 0.625], "texture": "#main"},
				"west": {"uv": [0, 0.375, 0.625, 0.625], "texture": "#main"},
				"up": {"uv": [1, 1.125, 1.625, 0.875], "rotation": 90, "texture": "#main"},
				"down": {"uv": [1.375, 1.625, 2, 1.375], "rotation": 90, "texture": "#main"}
			}
		},
		{
			"from": [4, 0, 6],
			"to": [6, 2, 11],
			"rotation": {"angle": 0, "axis": "x", "origin": [5, 1, 8.5]},
			"faces": {
				"north": {"uv": [1.25, 0.375, 1, 0.625], "texture": "#main"},
				"east": {"uv": [0, 0.375, 0.625, 0.625], "texture": "#main"},
				"south": {"uv": [1.5, 0.375, 1.25, 0.625], "texture": "#main"},
				"west": {"uv": [0.625, 0.375, 0, 0.625], "texture": "#main"},
				"up": {"uv": [1, 0.875, 1.625, 1.125], "rotation": 90, "texture": "#main"},
				"down": {"uv": [1.375, 1.375, 2, 1.625], "rotation": 90, "texture": "#main"}
			}
		},
		{
			"from": [5, 2, -5],
			"to": [11, 7, 0],
			"rotation": {"angle": 0, "axis": "y", "origin": [8, 3.5, -2.5]},
			"faces": {
				"north": {"uv": [12.625, 0.625, 13.375, 1.25], "texture": "#main"},
				"east": {"uv": [12, 0.625, 12.625, 1.25], "texture": "#main"},
				"south": {"uv": [14, 0.625, 14.75, 1.25], "texture": "#main"},
				"west": {"uv": [13.375, 0.625, 14, 1.25], "texture": "#main"},
				"up": {"uv": [12.625, 0, 13.375, 0.625], "texture": "#main"},
				"down": {"uv": [12.625, 1.25, 13.375, 1.875], "texture": "#main"}
			}
		},
		{
			"from": [6, 2, -6],
			"to": [10, 5, -5],
			"rotation": {"angle": 0, "axis": "y", "origin": [8, 3.5, -2.5]},
			"faces": {
				"north": {"uv": [13.5, 0.125, 14, 0.5], "texture": "#main"},
				"east": {"uv": [13.375, 0.125, 13.5, 0.5], "texture": "#main"},
				"south": {"uv": [13.5, 0.125, 14, 0.5], "texture": "#main"},
				"west": {"uv": [14, 0.125, 14.125, 0.5], "texture": "#main"},
				"up": {"uv": [13.5, 0, 14, 0.125], "texture": "#main"},
				"down": {"uv": [13.5, 0.5, 14, 0.625], "texture": "#main"}
			}
		},
		{
			"from": [3, 2, -5.5],
			"to": [13, 8, -5.5],
			"rotation": {"angle": 0, "axis": "y", "origin": [8, 3.5, -2.5]},
			"faces": {
				"north": {"uv": [13.75, 1.25, 15, 2], "texture": "#main"},
				"south": {"uv": [13.75, 1.25, 15, 2], "texture": "#main"}
			}
		},
		{
			"from": [11, 4, -2],
			"to": [12, 6, -1],
			"rotation": {"angle": 0, "axis": "y", "origin": [8, 3.5, -2.5]},
			"faces": {
				"north": {"uv": [12.125, 0.125, 12.25, 0.375], "texture": "#main"},
				"east": {"uv": [12, 0.125, 12.125, 0.375], "texture": "#main"},
				"south": {"uv": [12.375, 0.125, 12.5, 0.375], "texture": "#main"},
				"west": {"uv": [12.25, 0.125, 12.375, 0.375], "texture": "#main"},
				"up": {"uv": [12.125, 0, 12.25, 0.125], "texture": "#main"},
				"down": {"uv": [12.125, 0.375, 12.25, 0.5], "texture": "#main"}
			}
		},
		{
			"from": [4, 4, -2],
			"to": [5, 6, -1],
			"rotation": {"angle": 0, "axis": "y", "origin": [8, 3.5, -2.5]},
			"faces": {
				"north": {"uv": [12.125, 0.125, 12.25, 0.375], "texture": "#main"},
				"east": {"uv": [12, 0.125, 12.125, 0.375], "texture": "#main"},
				"south": {"uv": [12.375, 0.125, 12.5, 0.375], "texture": "#main"},
				"west": {"uv": [12.25, 0.125, 12.375, 0.375], "texture": "#main"},
				"up": {"uv": [12.125, 0, 12.25, 0.125], "texture": "#main"},
				"down": {"uv": [12.125, 0.375, 12.25, 0.5], "texture": "#main"}
			}
		},
		{
			"from": [5.5, 1.5, 0],
			"to": [10.5, 5.5, 11.5],
			"rotation": {"angle": 0, "axis": "y", "origin": [8, 2.5, 5.5]},
			"faces": {
				"north": {"uv": [8, 0, 8.625, 0.5], "texture": "#main"},
				"east": {"uv": [9, 0, 9.5, 1.5], "rotation": 90, "texture": "#main"},
				"south": {"uv": [8.625, 0.375, 9.25, 0.875], "texture": "#main"},
				"west": {"uv": [8.5, 0, 9, 1.5], "rotation": 90, "texture": "#main"},
				"up": {"uv": [8, 0, 8.625, 1.5], "texture": "#main"},
				"down": {"uv": [9.375, 0, 10, 1.5], "texture": "#main"}
			}
		},
		{
			"from": [6, 1.5, 10],
			"to": [10, 4.5, 21.5],
			"rotation": {"angle": 0, "axis": "y", "origin": [8, 2, 10.75]},
			"faces": {
				"north": {"uv": [8, 0, 8.5, 0.375], "texture": "#main"},
				"east": {"uv": [8, 0.25, 9.5, 0.625], "texture": "#main"},
				"south": {"uv": [9.5, 0.25, 10, 0.625], "texture": "#main"},
				"west": {"uv": [8, 0.25, 9.5, 0.625], "texture": "#main"},
				"up": {"uv": [9.375, 0, 10, 1.5], "texture": "#main"},
				"down": {"uv": [8, 0, 8.5, 1.5], "texture": "#main"}
			}
		},
		{
			"from": [4, 0, -2],
			"to": [6, 2, 3],
			"rotation": {"angle": 22.5, "axis": "y", "origin": [6, 1, 0.5]},
			"faces": {
				"north": {"uv": [9.375, 0.875, 9.625, 1.125], "texture": "#main"},
				"east": {"uv": [8.75, 1.375, 9.375, 1.625], "texture": "#main"},
				"south": {"uv": [8, 0, 8.25, 0.25], "texture": "#main"},
				"west": {"uv": [8.625, 0.375, 9.25, 0.625], "texture": "#main"},
				"up": {"uv": [8.5, 0.625, 8.75, 0], "texture": "#main"},
				"down": {"uv": [8.375, 0, 8.625, 0.625], "texture": "#main"}
			}
		},
		{
			"from": [10.25, 0, -2.25],
			"to": [12.25, 2, 2.75],
			"rotation": {"angle": -22.5, "axis": "y", "origin": [10, 1, 0.5]},
			"faces": {
				"north": {"uv": [9.375, 0.875, 9.625, 1.125], "texture": "#main"},
				"east": {"uv": [8.75, 1.375, 9.375, 1.625], "texture": "#main"},
				"south": {"uv": [8, 0, 8.25, 0.25], "texture": "#main"},
				"west": {"uv": [8.625, 0.375, 9.25, 0.625], "texture": "#main"},
				"up": {"uv": [8.5, 0.625, 8.75, 0], "texture": "#main"},
				"down": {"uv": [8.375, 0, 8.625, 0.625], "texture": "#main"}
			}
		},
		{
			"from": [9, 0, 6],
			"to": [11, 2, 11],
			"rotation": {"angle": 22.5, "axis": "y", "origin": [11, 1, 8.5]},
			"faces": {
				"north": {"uv": [9, 0.375, 9.25, 0.625], "texture": "#main"},
				"east": {"uv": [8, 0.375, 8.625, 0.625], "texture": "#main"},
				"south": {"uv": [9.25, 0.375, 9.5, 0.625], "texture": "#main"},
				"west": {"uv": [8, 0.375, 8.625, 0.625], "texture": "#main"},
				"up": {"uv": [9, 1.125, 9.625, 0.875], "rotation": 90, "texture": "#main"},
				"down": {"uv": [9.375, 1.625, 10, 1.375], "rotation": 90, "texture": "#main"}
			}
		},
		{
			"from": [5, 0, 6],
			"to": [7, 2, 11],
			"rotation": {"angle": -22.5, "axis": "y", "origin": [5, 1, 8.5]},
			"faces": {
				"north": {"uv": [9.25, 0.375, 9, 0.625], "texture": "#main"},
				"east": {"uv": [8, 0.375, 8.625, 0.625], "texture": "#main"},
				"south": {"uv": [9.5, 0.375, 9.25, 0.625], "texture": "#main"},
				"west": {"uv": [8.625, 0.375, 8, 0.625], "texture": "#main"},
				"up": {"uv": [9, 0.875, 9.625, 1.125], "rotation": 90, "texture": "#main"},
				"down": {"uv": [9.375, 1.375, 10, 1.625], "rotation": 90, "texture": "#main"}
			}
		},
		{
			"from": [5, 2, -5],
			"to": [11, 7, 0],
			"rotation": {"angle": 0, "axis": "y", "origin": [8, 3.5, -2.5]},
			"faces": {
				"north": {"uv": [4.625, 8.625, 5.375, 9.25], "texture": "#main"},
				"east": {"uv": [4, 8.625, 4.625, 9.25], "texture": "#main"},
				"south": {"uv": [6, 8.625, 6.75, 9.25], "texture": "#main"},
				"west": {"uv": [5.375, 8.625, 6, 9.25], "texture": "#main"},
				"up": {"uv": [4.625, 8, 5.375, 8.625], "texture": "#main"},
				"down": {"uv": [4.625, 9.25, 5.375, 9.875], "texture": "#main"}
			}
		},
		{
			"from": [6, 2, -6],
			"to": [10, 5, -5],
			"rotation": {"angle": 0, "axis": "y", "origin": [8, 3.5, -2.5]},
			"faces": {
				"north": {"uv": [5.5, 8.125, 6, 8.5], "texture": "#main"},
				"east": {"uv": [5.375, 8.125, 5.5, 8.5], "texture": "#main"},
				"south": {"uv": [5.5, 8.125, 6, 8.5], "texture": "#main"},
				"west": {"uv": [6, 8.125, 6.125, 8.5], "texture": "#main"},
				"up": {"uv": [5.5, 8, 6, 8.125], "texture": "#main"},
				"down": {"uv": [5.5, 8.5, 6, 8.625], "texture": "#main"}
			}
		},
		{
			"from": [3, 2, -5.5],
			"to": [13, 8, -5.5],
			"rotation": {"angle": 0, "axis": "y", "origin": [8, 3.5, -2.5]},
			"faces": {
				"north": {"uv": [5.75, 9.25, 7, 10], "texture": "#main"},
				"south": {"uv": [5.75, 9.25, 7, 10], "texture": "#main"}
			}
		},
		{
			"from": [11, 4, -2],
			"to": [12, 6, -1],
			"rotation": {"angle": 0, "axis": "y", "origin": [8, 3.5, -2.5]},
			"faces": {
				"north": {"uv": [4.125, 8.125, 4.25, 8.375], "texture": "#main"},
				"east": {"uv": [4, 8.125, 4.125, 8.375], "texture": "#main"},
				"south": {"uv": [4.375, 8.125, 4.5, 8.375], "texture": "#main"},
				"west": {"uv": [4.25, 8.125, 4.375, 8.375], "texture": "#main"},
				"up": {"uv": [4.125, 8, 4.25, 8.125], "texture": "#main"},
				"down": {"uv": [4.125, 8.375, 4.25, 8.5], "texture": "#main"}
			}
		},
		{
			"from": [4, 4, -2],
			"to": [5, 6, -1],
			"rotation": {"angle": 0, "axis": "y", "origin": [8, 3.5, -2.5]},
			"faces": {
				"north": {"uv": [4.125, 8.125, 4.25, 8.375], "texture": "#main"},
				"east": {"uv": [4, 8.125, 4.125, 8.375], "texture": "#main"},
				"south": {"uv": [4.375, 8.125, 4.5, 8.375], "texture": "#main"},
				"west": {"uv": [4.25, 8.125, 4.375, 8.375], "texture": "#main"},
				"up": {"uv": [4.125, 8, 4.25, 8.125], "texture": "#main"},
				"down": {"uv": [4.125, 8.375, 4.25, 8.5], "texture": "#main"}
			}
		},
		{
			"from": [5.5, 1.5, 0],
			"to": [10.5, 5.5, 11.5],
			"rotation": {"angle": 0, "axis": "y", "origin": [8, 2.5, 5.5]},
			"faces": {
				"north": {"uv": [0, 8, 0.625, 8.5], "texture": "#main"},
				"east": {"uv": [1, 8, 1.5, 9.5], "rotation": 90, "texture": "#main"},
				"south": {"uv": [0.625, 8.375, 1.25, 8.875], "texture": "#main"},
				"west": {"uv": [0.5, 8, 1, 9.5], "rotation": 90, "texture": "#main"},
				"up": {"uv": [0, 8, 0.625, 9.5], "texture": "#main"},
				"down": {"uv": [1.375, 8, 2, 9.5], "texture": "#main"}
			}
		},
		{
			"from": [6, 1.5, 10],
			"to": [10, 4.5, 21.5],
			"rotation": {"angle": 0, "axis": "y", "origin": [8, 2, 10.75]},
			"faces": {
				"north": {"uv": [0, 8, 0.5, 8.375], "texture": "#main"},
				"east": {"uv": [0, 8.25, 1.5, 8.625], "texture": "#main"},
				"south": {"uv": [1.5, 8.25, 2, 8.625], "texture": "#main"},
				"west": {"uv": [0, 8.25, 1.5, 8.625], "texture": "#main"},
				"up": {"uv": [1.375, 8, 2, 9.5], "texture": "#main"},
				"down": {"uv": [0, 8, 0.5, 9.5], "texture": "#main"}
			}
		},
		{
			"from": [4.5, 0, -2],
			"to": [6.5, 2, 3],
			"rotation": {"angle": -22.5, "axis": "y", "origin": [6, 1, 0.5]},
			"faces": {
				"north": {"uv": [1.375, 8.875, 1.625, 9.125], "texture": "#main"},
				"east": {"uv": [0.75, 9.375, 1.375, 9.625], "texture": "#main"},
				"south": {"uv": [0, 8, 0.25, 8.25], "texture": "#main"},
				"west": {"uv": [0.625, 8.375, 1.25, 8.625], "texture": "#main"},
				"up": {"uv": [0.5, 8.625, 0.75, 8], "texture": "#main"},
				"down": {"uv": [0.375, 8, 0.625, 8.625], "texture": "#main"}
			}
		},
		{
			"from": [9.25, 0, -2.25],
			"to": [11.25, 2, 2.75],
			"rotation": {"angle": 22.5, "axis": "y", "origin": [10, 1, 0.5]},
			"faces": {
				"north": {"uv": [1.375, 8.875, 1.625, 9.125], "texture": "#main"},
				"east": {"uv": [0.75, 9.375, 1.375, 9.625], "texture": "#main"},
				"south": {"uv": [0, 8, 0.25, 8.25], "texture": "#main"},
				"west": {"uv": [0.625, 8.375, 1.25, 8.625], "texture": "#main"},
				"up": {"uv": [0.5, 8.625, 0.75, 8], "texture": "#main"},
				"down": {"uv": [0.375, 8, 0.625, 8.625], "texture": "#main"}
			}
		},
		{
			"from": [10, 0, 6],
			"to": [12, 2, 11],
			"rotation": {"angle": -22.5, "axis": "y", "origin": [11, 1, 8.5]},
			"faces": {
				"north": {"uv": [1, 8.375, 1.25, 8.625], "texture": "#main"},
				"east": {"uv": [0, 8.375, 0.625, 8.625], "texture": "#main"},
				"south": {"uv": [1.25, 8.375, 1.5, 8.625], "texture": "#main"},
				"west": {"uv": [0, 8.375, 0.625, 8.625], "texture": "#main"},
				"up": {"uv": [1, 9.125, 1.625, 8.875], "rotation": 90, "texture": "#main"},
				"down": {"uv": [1.375, 9.625, 2, 9.375], "rotation": 90, "texture": "#main"}
			}
		},
		{
			"from": [4, 0, 6],
			"to": [6, 2, 11],
			"rotation": {"angle": 22.5, "axis": "y", "origin": [5, 1, 8.5]},
			"faces": {
				"north": {"uv": [1.25, 8.375, 1, 8.625], "texture": "#main"},
				"east": {"uv": [0, 8.375, 0.625, 8.625], "texture": "#main"},
				"south": {"uv": [1.5, 8.375, 1.25, 8.625], "texture": "#main"},
				"west": {"uv": [0.625, 8.375, 0, 8.625], "texture": "#main"},
				"up": {"uv": [1, 8.875, 1.625, 9.125], "rotation": 90, "texture": "#main"},
				"down": {"uv": [1.375, 9.375, 2, 9.625], "rotation": 90, "texture": "#main"}
			}
		}
	],
	"display": {
		"head": {
			"translation": [0, 5.75, 0],
			"scale": [2.5, 2.5, 2.5]
		}
	}
}