{
  "effects": {
    "mood_sound": {
      "sound": "minecraft:ambient.cave",
      "tick_delay": 6000,
      "block_search_extent": 8,
      "offset": 2
    },
    "sky_color": 0,
    "fog_color": 1842204,
    "water_color": 12769023,
    "water_fog_color": 15066623,
    "foliage_color": 7167035,
    "grass_color": 5524528
  },
  "carvers": {
    "air": [
      "minecraft:cave"
    ]
  },
  "starts": [
    "minecraft:buried_treasure",
    "minecraft:shipwreck_beached"
  ],
  "features": [
    [
      "minecraft:redstone_lump",
      "minecraft:ore_redstone",
      "minecraft:redstone_fats"
    ],
    [
      "minecraft:redstone_lump",
      "minecraft:ore_redstone",
      "minecraft:redstone_fats"
    ],
    [
      "minecraft:ore_redstone",
      "minecraft:redstone_lump",
      "minecraft:redstone_fats"
    ],
    [
      "minecraft:monster_room",
      "minecraft:ore_redstone",
      "minecraft:redstone_lump",
      "minecraft:redstone_fats"
    ],
    [
      "minecraft:ore_redstone",
      "minecraft:redstone_lump",
      "minecraft:redstone_fats"
    ],
    [
      "minecraft:ore_redstone",
      "minecraft:redstone_lump",
      "minecraft:redstone_fats"
    ],
    [
      "minecraft:disk_clay",
      "minecraft:disk_gravel",
      "minecraft:ore_gravel",
      "minecraft:ore_diorite",
      "minecraft:ore_andesite",
      "minecraft:ore_coal",
      "minecraft:ore_iron",
      "minecraft:ore_gold",
      "minecraft:ore_redstone",
      "minecraft:redstone_lump",
      "minecraft:redstone_fats"
    ],
    [
      "minecraft:redstone_lump"
    ],
    [],
    [
      "minecraft:freeze_top_layer"
    ]
  ],
  "spawners": {
    "ambient": [],
    "creature": [],
    "misc": [],
    "monster": [],
    "water_ambient": [],
    "water_creature": []
  },
  "category": "none",
  "precipitation": "none",
  "surface_builder": "minecraft:pluto",
  "scale": 0.05,
  "downfall": 0.4,
  "depth": 0.1,
  "temperature": 0.5,
  "player_spawn_friendly": true,
  "spawn_costs": {},
  "creature_spawn_probability": 0
}