{
  "effects": {
    "mood_sound": {
      "sound": "minecraft:ambient.cave",
      "tick_delay": 6000,
      "block_search_extent": 8,
      "offset": 2
    },
    "sky_color": 7907327,
    "fog_color": 12829439,
    "water_color": 7238443,
    "water_fog_color": 329011
  },
  "carvers": {
    "air": [
      "minecraft:cave",
      "minecraft:canyon"
    ]
  },
  "starts": [
    "minecraft:mineshaft_mesa"
  ],
  "features": [
    [
      "minecraft:ore_granite"
    ],
    [
      "minecraft:ore_granite",
      "minecraft:ore_iron"
    ],
    [
      "minecraft:ore_iron"
    ],
    [],
    [],
    [],
    [
      "minecraft:ore_dirt",
      "minecraft:ore_gravel",
      "minecraft:ore_granite",
      "minecraft:ore_diorite",
      "minecraft:ore_andesite",
      "minecraft:ore_coal",
      "minecraft:ore_iron",
      "minecraft:ore_gold",
      "minecraft:ore_redstone",
      "minecraft:ore_diamond",
      "minecraft:ore_lapis",
      "minecraft:disk_sand",
      "minecraft:disk_clay",
      "minecraft:disk_gravel"
    ],
    [],
    [
      "minecraft:spring_delta",
      "minecraft:spring_lava"
    ],
    [
      "minecraft:freeze_top_layer"
    ]
  ],
  "spawners": {
    "ambient": [
      {
        "type": "minecraft:bat",
        "minCount": 1,
        "maxCount": 1,
        "weight": 1
      }
    ],
    "creature": [],
    "misc": [],
    "monster": [
      {
        "type": "minecraft:skeleton",
        "minCount": 1,
        "maxCount": 1,
        "weight": 1
      },
      {
        "type": "minecraft:husk",
        "minCount": 1,
        "maxCount": 3,
        "weight": 1
      }
    ],
    "water_ambient": [],
    "water_creature": []
  },
  "category": "none",
  "precipitation": "none",
  "surface_builder": "minecraft:tatooine_mountains",
  "scale": 0.75,
  "downfall": 0.5,
  "depth": 0.01,
  "temperature": 1,
  "player_spawn_friendly": true,
  "spawn_costs": {}
}