{
  "effects": {
    "mood_sound": {
      "sound": "minecraft:ambient.cave",
      "tick_delay": 6000,
      "block_search_extent": 8,
      "offset": 2
    },
    "sky_color": 9198083,
    "fog_color": 13266198,
    "water_color": 5715988,
    "water_fog_color": 6248988,
    "foliage_color": 4338714,
    "grass_color": 4406046,
    "particle": {
      "options": {
        "type": "minecraft:crimson_spore"
      },
      "probability": 0.025
    }
  },
  "carvers": {
    "air": [
      "minecraft:canyon",
      "minecraft:cave"
    ]
  },
  "starts": [
    "minecraft:ruined_portal"
  ],
  "features": [
    [],
    [
      "minecraft:lake_lava"
    ],
    [],
    [],
    [],
    [],
    [
      "minecraft:disk_clay",
      "minecraft:disk_gravel",
      "minecraft:disk_sand",
      "minecraft:ore_dirt",
      "minecraft:ore_gravel",
      "minecraft:ore_granite",
      "minecraft:ore_diorite",
      "minecraft:ore_andesite",
      "minecraft:ore_coal",
      "minecraft:ore_iron",
      "minecraft:ore_gold",
      "minecraft:ore_redstone"
    ],
    [],
    [
      "minecraft:spring_lava",
      "minecraft:brown_mushroom_normal",
      "minecraft:red_mushroom_normal"
    ],
    [
      "minecraft:freeze_top_layer"
    ]
  ],
  "spawners": {
    "ambient": [],
    "creature": [],
    "misc": [],
    "monster": [],
    "water_ambient": [],
    "water_creature": []
  },
  "category": "none",
  "precipitation": "none",
  "surface_builder": "minecraft:jupiter",
  "scale": 0.35,
  "downfall": 0.4,
  "depth": 0.12,
  "temperature": 0.9,
  "player_spawn_friendly": true,
  "spawn_costs": {},
  "creature_spawn_probability": 0.1
}