{
  "effects": {
    "mood_sound": {
      "sound": "minecraft:ambient.cave",
      "tick_delay": 6000,
      "block_search_extent": 8,
      "offset": 2
    },
    "sky_color": 12934438,
    "fog_color": 16753239,
    "water_color": 16746793,
    "water_fog_color": 16624713,
    "foliage_color": 10387789,
    "grass_color": 9470285
  },
  "carvers": {
    "air": [
      "minecraft:cave",
      "minecraft:canyon"
    ]
  },
  "starts": [
    "minecraft:buried_treasure",
    "minecraft:ruined_portal"
  ],
  "features": [
    [
      "minecraft:freeze_top_layer"
    ],
    [
      "minecraft:ice_patch",
      "minecraft:pile_ice",
      "minecraft:blue_ice"
    ],
    [],
    [],
    [],
    [],
    [
      "minecraft:disk_clay",
      "minecraft:disk_gravel",
      "minecraft:disk_sand",
      "minecraft:ore_dirt",
      "minecraft:ore_granite",
      "minecraft:ore_coal",
      "minecraft:ore_iron",
      "minecraft:ore_gold"
    ],
    [],
    [
      "minecraft:brown_mushroom_normal",
      "minecraft:red_mushroom_normal"
    ],
    [
      "minecraft:freeze_top_layer",
      "minecraft:patch_dead_bush"
    ]
  ],
  "spawners": {
    "ambient": [],
    "creature": [],
    "misc": [],
    "monster": [
      {
        "type": "minecraft:zombie",
        "weight": 95,
        "minCount": 4,
        "maxCount": 4
      },
      {
        "type": "minecraft:skeleton",
        "weight": 100,
        "minCount": 4,
        "maxCount": 4
      },
      {
        "type": "minecraft:creeper",
        "weight": 100,
        "minCount": 4,
        "maxCount": 4
      }
    ],
    "water_ambient": [],
    "water_creature": []
  },
  "category": "none",
  "precipitation": "none",
  "surface_builder": "minecraft:mars",
  "scale": 0.1,
  "downfall": 0.4,
  "depth": 0.12,
  "temperature": 0.8,
  "player_spawn_friendly": true,
  "spawn_costs": {},
  "creature_spawn_probability": 0.1
}