{
  "noise_caves_enabled": false,
  "deepslate_enabled": false,
  "ore_veins_enabled": false,
  "noodle_caves_enabled": false,
  "min_surface_level": 0,
  "disable_mob_generation": false,
  "aquifers_enabled": false,
  "default_fluid": {
    "Properties": {
      "level": "0"
    },
    "Name": "minecraft:water"
  },
  "bedrock_roof_position": -2147483648,
  "bedrock_floor_position": 0,
  "sea_level": 63,
  "structures": {
    "stronghold": {
      "distance": 32,
      "spread": 3,
      "count": 128
    },
    "structures": {
      "minecraft:village": {
        "spacing": 4,
        "separation": 3,
        "salt": 0
      },
      "minecraft:igloo": {
        "spacing": 32,
        "separation": 8,
        "salt": 0
      },
      "minecraft:desert_pyramid": {
        "spacing": 32,
        "separation": 8,
        "salt": 0
      },
      "minecraft:buried_treasure": {
        "spacing": 32,
        "separation": 8,
        "salt": 0
      },
      "minecraft:ruined_portal": {
        "spacing": 32,
        "separation": 8,
        "salt": 0
      }
    }
  },
  "noise": {
    "simplex_surface_noise": true,
    "random_density_offset": true,
    "size_vertical": 2,
    "density_factor": 1.0,
    "density_offset": -0.46875,
    "top_slide": {
      "target": -10,
      "size": 3,
      "offset": 0
    },
    "bottom_slide": {
      "target": 15,
      "size": 3,
      "offset": 0
    },
    "size_horizontal": 1,
    "min_y": 0,
    "height": 256,
    "sampling": {
      "xz_scale": 0.9999999814507745,
      "y_scale": 0.9999999814507745,
      "xz_factor": 80.0,
      "y_factor": 160.0
    }
  },
  "default_block": {
    "Name": "minecraft:stone"
  }
}