{
    "display": {
        "title": {
            "text": "Better Burger, Better Mind",
            "color": "yellow"
        },
        "description": {
            "text": "Meat, Cheese, and Bun! All of the best burgers are made of this! Who am I to dissagree?"
        },
        "icon": {
            "item": "minecraft:cooked_beef",
            "nbt": "{display:{Name:'{\"text\":\"Burger\"}',Lore:['{\"text\":\"Right click to eat.\",\"color\":\"yellow\"}']},CustomModelData:1}"
        },
        "frame": "task",
        "show_toast": true,
        "announce_to_chat": true,
        "hidden": false
    },
    "criteria": {
        "getCoffee": {
            "trigger": "minecraft:inventory_changed",
            "conditions": {
                "items": [
                    {
                        "item": "minecraft:cooked_beef",
                        "nbt": "{display:{Name:'{\"text\":\"Burger\"}',Lore:['{\"text\":\"Right click to eat.\",\"color\":\"yellow\"}']},CustomModelData:1}",
                        "count": {
                            "min": 1,
                            "max": 1
                        }
                    }
                ]
            }
        }
    },
    "rewards": {
        "experience": 5
    },
    "parent": "creativity-plus:wand"
}